line,calculated_delay,date,time,vehicle_number
7,0,2026-09-01,01:26,236
1,0,2026-09-01,06:28,254
1,1,2026-09-01,06:28,259
1,3,2026-09-01,06:28,258
1,1,2026-09-01,06:28,255
1,-1,2026-09-01,06:28,262
2,2,2026-09-01,06:28,049
2,2,2026-09-01,06:28,363
2,2,2026-09-01,06:28,354
2,-1,2026-09-01,06:28,806
3,-2,2026-09-01,06:28,384
3,3,2026-09-01,06:28,359
3,1,2026-09-01,06:28,388
3,2,2026-09-01,06:28,374
3,-1,2026-09-01,06:28,368
4,3,2026-09-01,06:28,460
4,2,2026-09-01,06:28,458
4,3,2026-09-01,06:28,477
4,0,2026-09-01,06:28,614
4,2,2026-09-01,06:28,616
5,2,2026-09-01,06:28,362
5,0,2026-09-01,06:28,360
5,3,2026-09-01,06:28,357
5,-4,2026-09-01,06:28,376
5,1,2026-09-01,06:28,352
5,1,2026-09-01,06:28,386
5,0,2026-09-01,06:28,370
5,0,2026-09-01,06:28,362
6,-1,2026-09-01,06:28,041
6,0,2026-09-01,06:28,007
7,3,2026-09-01,06:28,138
7,0,2026-09-01,06:28,236
7,1,2026-09-01,06:28,234
7,1,2026-09-01,06:28,256
8,0,2026-09-01,06:28,367
8,0,2026-09-01,06:28,807
8,1,2026-09-01,06:28,320
8,0,2026-09-01,06:28,822
8,2,2026-09-01,06:28,820
9,2,2026-09-01,06:28,257
9,2,2026-09-01,06:28,032
9,2,2026-09-01,06:28,250
9,1,2026-09-01,06:28,263
9,1,2026-09-01,06:28,251
10,-1,2026-09-01,06:28,463
10,6,2026-09-01,06:28,487
10,0,2026-09-01,06:28,652
10,0,2026-09-01,06:28,483
10,2,2026-09-01,06:28,472
11,-1,2026-09-01,06:28,015
11,1,2026-09-01,06:28,409
11,2,2026-09-01,06:28,474
11,2,2026-09-01,06:28,029
12,1,2026-09-01,06:28,311
12,2,2026-09-01,06:28,355
12,2,2026-09-01,06:28,011
12,-1,2026-09-01,06:28,353
13,0,2026-09-01,06:28,035
13,0,2026-09-01,06:28,205
13,1,2026-09-01,06:28,205
13,1,2026-09-01,06:28,209
14,2,2026-09-01,06:28,023
14,1,2026-09-01,06:28,026
14,0,2026-09-01,06:28,403
14,2,2026-09-01,06:28,023
15,2,2026-09-01,06:28,212
15,2,2026-09-01,06:28,208
16,0,2026-09-01,06:28,627
16,0,2026-09-01,06:28,455
16,-1,2026-09-01,06:28,457
16,3,2026-09-01,06:28,475
16,2,2026-09-01,06:28,613
16,0,2026-09-01,06:28,454
16,2,2026-09-01,06:28,484
17,2,2026-09-01,06:28,378
17,-1,2026-09-01,06:28,373
17,-1,2026-09-01,06:28,382
17,1,2026-09-01,06:28,350
18,4,2026-09-01,06:28,006
18,0,2026-09-01,06:28,211
18,5,2026-09-01,06:28,033
18,2,2026-09-01,06:28,235
19,7,2026-09-01,06:28,461
19,-1,2026-09-01,06:28,476
19,3,2026-09-01,06:28,459
19,-1,2026-09-01,06:28,464
19,2,2026-09-01,06:28,468
20,3,2026-09-01,06:28,414
20,0,2026-09-01,06:28,027
20,-1,2026-09-01,06:28,405
20,4,2026-09-01,06:28,406
20,3,2026-09-01,06:28,018
20,0,2026-09-01,06:28,022
21,1,2026-09-01,06:28,486
21,2,2026-09-01,06:28,654
21,-1,2026-09-01,06:28,479
21,0,2026-09-01,06:28,488
21,4,2026-09-01,06:28,488
21,4,2026-09-01,06:28,485
21,2,2026-09-01,06:28,482
22,1,2026-09-01,06:28,021
22,2,2026-09-01,06:28,024
23,2,2026-09-01,06:28,009
23,1,2026-09-01,06:28,042
24,4,2026-09-01,06:28,366
24,1,2026-09-01,06:28,377
24,1,2026-09-01,06:28,375
24,1,2026-09-01,06:28,381
24,0,2026-09-01,06:28,366
25,0,2026-09-01,06:29,628
25,-1,2026-09-01,06:29,512
25,1,2026-09-01,06:29,451
25,1,2026-09-01,06:29,478
26,2,2026-09-01,06:29,321
26,-1,2026-09-01,06:29,358
26,3,2026-09-01,06:29,387
27,3,2026-09-01,06:29,044
27,1,2026-09-01,06:29,012
27,0,2026-09-01,06:29,310
28,2,2026-09-01,06:29,020
28,-1,2026-09-01,06:29,017
28,5,2026-09-01,06:29,025
28,0,2026-09-01,06:29,016
28,2,2026-09-01,06:29,014
29,2,2026-09-01,06:29,228
29,3,2026-09-01,06:29,226
29,3,2026-09-01,06:29,216
30,1,2026-09-01,06:29,038
30,2,2026-09-01,06:29,036
50,1,2026-09-01,06:29,019
50,0,2026-09-01,06:29,019
100,-2,2026-09-01,06:29,621
100,-1,2026-09-01,06:29,473
100,0,2026-09-01,06:29,620
100,1,2026-09-01,06:29,452
100,0,2026-09-01,06:29,471
101,1,2026-09-01,06:29,233
101,0,2026-09-01,06:29,037
102,0,2026-09-01,06:29,315
103,1,2026-09-01,06:29,265
103,1,2026-09-01,06:29,217
104,1,2026-09-01,06:29,318
104,1,2026-09-01,06:29,304
104,-2,2026-09-01,06:29,325
105,0,2026-09-01,06:29,322
105,-1,2026-09-01,06:29,047
105,0,2026-09-01,06:29,008
107,-1,2026-09-01,06:29,324
108,0,2026-09-01,06:29,031
108,2,2026-09-01,06:29,031
109,1,2026-09-01,06:29,225
109,3,2026-09-01,06:29,225
111,0,2026-09-01,06:29,237
111,0,2026-09-01,06:29,237
112,1,2026-09-01,06:29,034
113,1,2026-09-01,06:29,230
122,-1,2026-09-01,06:29,316
123,1,2026-09-01,06:29,930
142,0,2026-09-01,06:29,931
1,3,2026-09-01,11:54,001
1,0,2026-09-01,11:54,254
1,1,2026-09-01,11:54,262
1,0,2026-09-01,11:54,259
1,-1,2026-09-01,11:54,258
2,6,2026-09-01,11:54,806
2,1,2026-09-01,11:54,360
2,3,2026-09-01,11:54,380
2,-1,2026-09-01,11:54,049
3,3,2026-09-01,11:54,384
3,0,2026-09-01,11:54,374
3,-1,2026-09-01,11:54,359
3,1,2026-09-01,11:54,379
3,1,2026-09-01,11:54,388
3,-1,2026-09-01,11:54,368
4,3,2026-09-01,11:54,625
4,2,2026-09-01,11:54,614
4,1,2026-09-01,11:54,455
4,4,2026-09-01,11:54,629
4,1,2026-09-01,11:54,458
5,3,2026-09-01,11:54,370
5,0,2026-09-01,11:54,362
5,0,2026-09-01,11:54,803
5,1,2026-09-01,11:54,376
5,0,2026-09-01,11:54,352
5,0,2026-09-01,11:54,386
5,0,2026-09-01,11:54,370
6,5,2026-09-01,11:54,041
6,-1,2026-09-01,11:54,007
6,2,2026-09-01,11:54,043
7,2,2026-09-01,11:54,040
7,4,2026-09-01,11:54,236
7,0,2026-09-01,11:54,239
7,1,2026-09-01,11:54,234
7,2,2026-09-01,11:54,256
8,4,2026-09-01,11:54,822
8,1,2026-09-01,11:54,820
8,0,2026-09-01,11:54,312
8,6,2026-09-01,11:54,367
8,1,2026-09-01,11:54,807
8,1,2026-09-01,11:54,369
9,1,2026-09-01,11:54,257
9,5,2026-09-01,11:54,032
9,2,2026-09-01,11:54,263
9,1,2026-09-01,11:54,251
10,0,2026-09-01,11:54,460
10,2,2026-09-01,11:54,652
10,6,2026-09-01,11:54,453
10,6,2026-09-01,11:54,453
10,0,2026-09-01,11:54,470
10,0,2026-09-01,11:54,463
11,3,2026-09-01,11:54,466
11,2,2026-09-01,11:54,409
11,-1,2026-09-01,11:54,410
11,1,2026-09-01,11:54,483
11,0,2026-09-01,11:54,029
12,2,2026-09-01,11:54,353
12,0,2026-09-01,11:54,311
12,1,2026-09-01,11:54,365
13,5,2026-09-01,11:54,209
13,-1,2026-09-01,11:54,205
13,3,2026-09-01,11:54,035
14,2,2026-09-01,11:54,403
14,-1,2026-09-01,11:54,023
14,4,2026-09-01,11:54,026
14,2,2026-09-01,11:54,511
15,2,2026-09-01,11:54,212
15,5,2026-09-01,11:54,214
15,0,2026-09-01,11:54,208
16,5,2026-09-01,11:54,484
16,2,2026-09-01,11:54,462
16,4,2026-09-01,11:54,627
16,2,2026-09-01,11:54,475
16,-1,2026-09-01,11:54,457
16,1,2026-09-01,11:54,467
16,1,2026-09-01,11:54,613
17,2,2026-09-01,11:54,323
17,-1,2026-09-01,11:54,382
17,1,2026-09-01,11:54,378
17,0,2026-09-01,11:54,373
18,5,2026-09-01,11:54,033
18,3,2026-09-01,11:54,235
18,1,2026-09-01,11:54,213
19,5,2026-09-01,11:54,464
19,5,2026-09-01,11:54,654
19,1,2026-09-01,11:54,468
19,0,2026-09-01,11:54,476
19,-1,2026-09-01,11:54,612
20,-1,2026-09-01,11:54,027
20,1,2026-09-01,11:54,405
20,3,2026-09-01,11:54,018
20,0,2026-09-01,11:54,022
20,-1,2026-09-01,11:54,414
21,4,2026-09-01,11:54,474
21,2,2026-09-01,11:54,619
21,0,2026-09-01,11:54,486
21,-1,2026-09-01,11:54,479
21,0,2026-09-01,11:54,488
21,1,2026-09-01,11:54,485
21,1,2026-09-01,11:54,482
21,0,2026-09-01,11:54,474
22,1,2026-09-01,11:54,024
23,-1,2026-09-01,11:54,042
23,-1,2026-09-01,11:54,319
24,0,2026-09-01,11:54,389
24,0,2026-09-01,11:54,371
24,-1,2026-09-01,11:54,377
24,4,2026-09-01,11:54,375
24,1,2026-09-01,11:54,381
25,0,2026-09-01,11:55,451
25,2,2026-09-01,11:55,028
25,1,2026-09-01,11:55,788
25,-1,2026-09-01,11:55,628
26,6,2026-09-01,11:55,387
26,5,2026-09-01,11:55,821
26,0,2026-09-01,11:55,358
26,1,2026-09-01,11:55,321
27,2,2026-09-01,11:55,313
27,-1,2026-09-01,11:55,044
27,2,2026-09-01,11:55,310
28,3,2026-09-01,11:55,016
28,0,2026-09-01,11:55,020
28,-1,2026-09-01,11:55,013
28,2,2026-09-01,11:55,014
28,1,2026-09-01,11:55,017
28,2,2026-09-01,11:55,025
29,2,2026-09-01,11:55,226
29,0,2026-09-01,11:55,228
30,1,2026-09-01,11:55,038
30,1,2026-09-01,11:55,036
50,-1,2026-09-01,11:55,019
50,0,2026-09-01,11:55,510
100,5,2026-09-01,11:55,473
100,5,2026-09-01,11:55,452
100,-1,2026-09-01,11:55,622
100,-1,2026-09-01,11:55,471
100,1,2026-09-01,11:55,621
101,2,2026-09-01,11:55,233
101,0,2026-09-01,11:55,233
102,0,2026-09-01,11:55,316
103,5,2026-09-01,11:55,004
103,1,2026-09-01,11:55,265
104,0,2026-09-01,11:55,318
104,-1,2026-09-01,11:55,304
105,3,2026-09-01,11:55,008
105,-1,2026-09-01,11:55,047
108,3,2026-09-01,11:55,031
109,-1,2026-09-01,11:55,225
111,3,2026-09-01,11:55,218
111,2,2026-09-01,11:55,237
112,0,2026-09-01,11:55,034
112,5,2026-09-01,11:55,034
113,0,2026-09-01,11:55,230
123,2,2026-09-01,11:55,930
1,3,2026-09-01,15:46,262
1,1,2026-09-01,15:46,254
1,4,2026-09-01,15:46,258
1,0,2026-09-01,15:46,259
2,2,2026-09-01,15:46,049
2,0,2026-09-01,15:46,363
2,1,2026-09-01,15:46,306
2,0,2026-09-01,15:46,354
3,-1,2026-09-01,15:46,359
3,0,2026-09-01,15:46,379
3,2,2026-09-01,15:46,388
3,0,2026-09-01,15:46,368
4,2,2026-09-01,15:46,465
4,1,2026-09-01,15:46,458
4,1,2026-09-01,15:46,616
5,1,2026-09-01,15:46,386
5,1,2026-09-01,15:46,370
5,2,2026-09-01,15:46,357
5,2,2026-09-01,15:46,376
6,2,2026-09-01,15:46,007
6,2,2026-09-01,15:46,314
7,4,2026-09-01,15:47,250
7,1,2026-09-01,15:47,234
7,1,2026-09-01,15:47,256
8,4,2026-09-01,15:47,820
8,1,2026-09-01,15:47,312
8,3,2026-09-01,15:47,367
8,2,2026-09-01,15:47,369
9,3,2026-09-01,15:47,253
9,1,2026-09-01,15:47,032
9,5,2026-09-01,15:47,263
9,1,2026-09-01,15:47,251
10,4,2026-09-01,15:47,652
10,1,2026-09-01,15:47,463
10,0,2026-09-01,15:47,472
11,4,2026-09-01,15:47,409
11,1,2026-09-01,15:47,410
11,1,2026-09-01,15:47,029
11,1,2026-09-01,15:47,466
12,4,2026-09-01,15:47,305
12,-1,2026-09-01,15:47,355
13,6,2026-09-01,15:47,227
14,1,2026-09-01,15:47,511
14,0,2026-09-01,15:47,023
14,4,2026-09-01,15:47,026
15,1,2026-09-01,15:47,212
15,1,2026-09-01,15:47,208
16,-2,2026-09-01,15:47,462
16,0,2026-09-01,15:47,627
16,2,2026-09-01,15:47,475
16,0,2026-09-01,15:47,467
16,0,2026-09-01,15:47,613
16,1,2026-09-01,15:47,484
17,0,2026-09-01,15:47,373
17,1,2026-09-01,15:47,323
17,-1,2026-09-01,15:47,382
17,0,2026-09-01,15:47,383
18,4,2026-09-01,15:47,006
18,4,2026-09-01,15:47,033
18,3,2026-09-01,15:47,235
19,0,2026-09-01,15:47,459
19,3,2026-09-01,15:47,464
19,-1,2026-09-01,15:47,461
19,-2,2026-09-01,15:47,476
20,1,2026-09-01,15:47,406
20,6,2026-09-01,15:47,022
21,1,2026-09-01,15:47,619
21,-1,2026-09-01,15:47,486
21,9,2026-09-01,15:47,482
21,4,2026-09-01,15:47,479
21,3,2026-09-01,15:47,488
21,-1,2026-09-01,15:47,485
22,-1,2026-09-01,15:47,030
23,1,2026-09-01,15:47,009
23,1,2026-09-01,15:47,319
24,0,2026-09-01,15:47,381
24,-1,2026-09-01,15:47,366
24,2,2026-09-01,15:47,371
25,1,2026-09-01,15:47,788
25,-1,2026-09-01,15:47,628
25,0,2026-09-01,15:47,512
25,0,2026-09-01,15:47,028
25,-1,2026-09-01,15:47,451
26,0,2026-09-01,15:47,321
26,2,2026-09-01,15:47,387
26,1,2026-09-01,15:47,821
27,1,2026-09-01,15:47,045
27,-1,2026-09-01,15:47,313
28,2,2026-09-01,15:47,025
28,0,2026-09-01,15:47,016
28,-1,2026-09-01,15:47,014
28,2,2026-09-01,15:47,017
29,1,2026-09-01,15:47,005
29,0,2026-09-01,15:47,226
29,-2,2026-09-01,15:47,221
30,0,2026-09-01,15:47,036
50,1,2026-09-01,15:47,019
50,-1,2026-09-01,15:47,510
100,5,2026-09-01,15:47,620
100,1,2026-09-01,15:47,471
100,-1,2026-09-01,15:47,473
100,1,2026-09-01,15:47,452
100,-1,2026-09-01,15:47,622
101,1,2026-09-01,15:47,233
102,0,2026-09-01,15:47,927
103,2,2026-09-01,15:47,217
103,0,2026-09-01,15:47,229
104,1,2026-09-01,15:47,304
104,2,2026-09-01,15:47,325
105,2,2026-09-01,15:47,008
105,-1,2026-09-01,15:47,047
107,1,2026-09-01,15:47,324
108,1,2026-09-01,15:47,031
109,0,2026-09-01,15:47,225
109,-1,2026-09-01,15:47,225
111,0,2026-09-01,15:47,218
111,2,2026-09-01,15:47,237
112,0,2026-09-01,15:47,034
112,1,2026-09-01,15:47,034
123,0,2026-09-01,15:47,930
123,1,2026-09-01,15:47,930
1,0,2026-09-01,18:52,259
1,-1,2026-09-01,18:52,258
2,2,2026-09-01,18:52,363
2,2,2026-09-01,18:52,354
2,3,2026-09-01,18:52,049
3,0,2026-09-01,18:52,368
3,2,2026-09-01,18:52,384
3,0,2026-09-01,18:52,359
3,-2,2026-09-01,18:52,379
4,1,2026-09-01,18:52,614
4,0,2026-09-01,18:52,616
4,3,2026-09-01,18:52,477
4,2,2026-09-01,18:52,458
5,1,2026-09-01,18:52,370
5,-1,2026-09-01,18:52,357
5,0,2026-09-01,18:52,352
5,-1,2026-09-01,18:52,386
6,-1,2026-09-01,18:52,007
7,-1,2026-09-01,18:52,256
7,-1,2026-09-01,18:52,250
7,1,2026-09-01,18:52,234
8,2,2026-09-01,18:52,367
8,0,2026-09-01,18:52,822
8,4,2026-09-01,18:52,820
9,1,2026-09-01,18:52,263
9,2,2026-09-01,18:52,257
9,1,2026-09-01,18:52,136
10,0,2026-09-01,18:52,463
10,0,2026-09-01,18:52,487
11,0,2026-09-01,18:52,409
11,2,2026-09-01,18:52,410
11,-1,2026-09-01,18:52,029
12,1,2026-09-01,18:52,011
12,-1,2026-09-01,18:52,372
12,-1,2026-09-01,18:52,305
13,1,2026-09-01,18:52,209
13,0,2026-09-01,18:52,035
14,2,2026-09-01,18:52,511
14,-1,2026-09-01,18:52,023
14,1,2026-09-01,18:52,026
15,1,2026-09-01,18:52,208
15,2,2026-09-01,18:52,214
16,2,2026-09-01,18:52,467
16,-1,2026-09-01,18:52,613
16,-1,2026-09-01,18:52,462
16,2,2026-09-01,18:52,475
16,0,2026-09-01,18:52,457
17,1,2026-09-01,18:52,382
17,0,2026-09-01,18:52,378
17,0,2026-09-01,18:52,373
18,0,2026-09-01,18:52,211
18,3,2026-09-01,18:52,033
18,-2,2026-09-01,18:52,006
19,0,2026-09-01,18:52,476
19,0,2026-09-01,18:52,459
20,1,2026-09-01,18:52,027
20,0,2026-09-01,18:52,018
20,1,2026-09-01,18:52,018
20,1,2026-09-01,18:52,022
21,3,2026-09-01,18:52,486
21,0,2026-09-01,18:52,488
21,3,2026-09-01,18:52,488
21,0,2026-09-01,18:52,482
21,0,2026-09-01,18:52,486
23,1,2026-09-01,18:52,042
23,-1,2026-09-01,18:52,319
23,0,2026-09-01,18:52,009
24,-1,2026-09-01,18:52,366
24,-1,2026-09-01,18:52,371
24,0,2026-09-01,18:52,381
25,2,2026-09-01,18:52,788
25,0,2026-09-01,18:52,512
25,0,2026-09-01,18:52,512
25,-1,2026-09-01,18:52,451
26,2,2026-09-01,18:52,387
26,0,2026-09-01,18:52,821
26,0,2026-09-01,18:52,821
26,-1,2026-09-01,18:52,321
28,2,2026-09-01,18:52,013
28,3,2026-09-01,18:52,025
28,0,2026-09-01,18:52,016
29,2,2026-09-01,18:52,221
29,1,2026-09-01,18:52,005
29,3,2026-09-01,18:52,226
30,0,2026-09-01,18:52,036
50,1,2026-09-01,18:52,019
100,0,2026-09-01,18:52,471
100,0,2026-09-01,18:52,473
100,0,2026-09-01,18:52,622
101,1,2026-09-01,18:52,039
102,0,2026-09-01,18:52,927
103,4,2026-09-01,18:52,229
105,2,2026-09-01,18:52,047
108,2,2026-09-01,18:52,031
112,-1,2026-09-01,18:52,034
142,0,2026-09-01,18:53,931
2,0,2026-09-01,21:26,363
5,-1,2026-09-01,21:26,370
5,0,2026-09-01,21:26,352
6,-1,2026-09-01,21:26,007
7,0,2026-09-01,21:26,250
14,-1,2026-09-01,21:26,023
16,-1,2026-09-01,21:26,613
17,-1,2026-09-01,21:27,383
17,0,2026-09-01,21:27,323
20,1,2026-09-01,21:27,022
21,1,2026-09-01,21:27,486
21,2,2026-09-01,21:27,482
21,0,2026-09-01,21:27,486
24,0,2026-09-01,21:27,366
24,-1,2026-09-01,21:27,371
27,1,2026-09-01,21:27,044
100,-2,2026-09-01,21:27,473
101,0,2026-09-01,21:27,039
104,0,2026-09-01,21:27,304
1,8,2026-09-02,05:51,250
1,1,2026-09-02,05:51,257
1,1,2026-09-02,05:51,037
1,6,2026-09-02,05:51,262
1,8,2026-09-02,05:51,256
1,6,2026-09-02,05:51,005
1,-1,2026-09-02,05:51,260
2,4,2026-09-02,05:51,806
2,8,2026-09-02,05:51,368
2,3,2026-09-02,05:51,043
2,4,2026-09-02,05:51,370
2,5,2026-09-02,05:51,363
2,2,2026-09-02,05:51,045
3,9,2026-09-02,05:51,361
3,3,2026-09-02,05:51,380
3,7,2026-09-02,05:51,372
3,3,2026-09-02,05:51,369
3,1,2026-09-02,05:51,379
3,-1,2026-09-02,05:51,384
4,9,2026-09-02,05:51,612
4,8,2026-09-02,05:51,619
4,6,2026-09-02,05:51,487
4,3,2026-09-02,05:51,473
4,2,2026-09-02,05:51,482
5,3,2026-09-02,05:51,821
5,3,2026-09-02,05:51,367
5,0,2026-09-02,05:51,374
5,0,2026-09-02,05:51,822
5,4,2026-09-02,05:51,822
5,7,2026-09-02,05:51,803
5,0,2026-09-02,05:51,377
5,0,2026-09-02,05:51,378
5,0,2026-09-02,05:51,821
6,8,2026-09-02,05:51,049
6,1,2026-09-02,05:51,044
6,2,2026-09-02,05:51,011
6,2,2026-09-02,05:51,310
7,1,2026-09-02,05:51,214
7,1,2026-09-02,05:51,263
7,7,2026-09-02,05:51,238
7,2,2026-09-02,05:51,031
8,2,2026-09-02,05:51,375
8,4,2026-09-02,05:51,820
8,2,2026-09-02,05:51,312
8,5,2026-09-02,05:51,383
8,1,2026-09-02,05:51,807
8,2,2026-09-02,05:51,366
8,0,2026-09-02,05:51,311
9,6,2026-09-02,05:51,253
9,5,2026-09-02,05:51,138
9,2,2026-09-02,05:51,136
9,7,2026-09-02,05:51,006
9,6,2026-09-02,05:51,264
9,1,2026-09-02,05:51,033
10,1,2026-09-02,05:51,470
10,2,2026-09-02,05:51,460
10,4,2026-09-02,05:51,477
10,4,2026-09-02,05:51,477
10,6,2026-09-02,05:51,459
10,1,2026-09-02,05:51,461
10,1,2026-09-02,05:51,451
11,9,2026-09-02,05:51,472
11,2,2026-09-02,05:51,024
11,5,2026-09-02,05:51,486
11,1,2026-09-02,05:51,019
11,1,2026-09-02,05:51,014
12,4,2026-09-02,05:51,382
12,5,2026-09-02,05:51,042
12,5,2026-09-02,05:51,314
12,1,2026-09-02,05:51,352
13,1,2026-09-02,05:51,241
13,5,2026-09-02,05:51,226
13,-1,2026-09-02,05:51,205
14,7,2026-09-02,05:51,029
14,5,2026-09-02,05:51,403
14,0,2026-09-02,05:51,027
14,3,2026-09-02,05:51,027
14,0,2026-09-02,05:51,412
14,6,2026-09-02,05:51,029
15,4,2026-09-02,05:51,229
15,8,2026-09-02,05:51,032
15,2,2026-09-02,05:51,222
16,3,2026-09-02,05:51,466
16,5,2026-09-02,05:51,471
16,3,2026-09-02,05:51,613
16,-1,2026-09-02,05:51,481
16,4,2026-09-02,05:51,455
16,3,2026-09-02,05:51,468
16,3,2026-09-02,05:51,479
16,1,2026-09-02,05:51,622
17,4,2026-09-02,05:51,350
17,5,2026-09-02,05:51,355
17,0,2026-09-02,05:51,371
17,5,2026-09-02,05:51,012
17,3,2026-09-02,05:51,365
18,6,2026-09-02,05:51,040
18,2,2026-09-02,05:51,236
18,2,2026-09-02,05:51,224
19,4,2026-09-02,05:51,629
19,5,2026-09-02,05:51,474
19,7,2026-09-02,05:51,453
19,0,2026-09-02,05:51,625
19,3,2026-09-02,05:51,621
19,2,2026-09-02,05:51,464
19,0,2026-09-02,05:51,626
20,2,2026-09-02,05:51,030
20,0,2026-09-02,05:51,409
20,5,2026-09-02,05:51,026
20,3,2026-09-02,05:51,410
20,2,2026-09-02,05:51,013
21,8,2026-09-02,05:51,458
21,5,2026-09-02,05:51,475
21,2,2026-09-02,05:51,465
21,1,2026-09-02,05:51,476
21,0,2026-09-02,05:51,463
21,1,2026-09-02,05:51,463
21,3,2026-09-02,05:51,478
21,3,2026-09-02,05:51,654
21,2,2026-09-02,05:51,458
21,0,2026-09-02,05:51,475
22,6,2026-09-02,05:51,509
22,2,2026-09-02,05:51,788
23,0,2026-09-02,05:51,320
23,7,2026-09-02,05:51,007
23,3,2026-09-02,05:51,322
24,5,2026-09-02,05:51,387
24,2,2026-09-02,05:51,389
24,1,2026-09-02,05:51,386
24,-1,2026-09-02,05:51,388
24,2,2026-09-02,05:51,359
24,0,2026-09-02,05:51,387
24,0,2026-09-02,05:51,389
25,4,2026-09-02,05:51,652
25,1,2026-09-02,05:51,512
25,4,2026-09-02,05:51,467
25,2,2026-09-02,05:51,022
26,2,2026-09-02,05:51,353
26,2,2026-09-02,05:51,354
26,5,2026-09-02,05:51,041
26,-1,2026-09-02,05:51,358
27,4,2026-09-02,05:51,009
27,1,2026-09-02,05:51,304
27,3,2026-09-02,05:51,319
27,1,2026-09-02,05:51,324
28,6,2026-09-02,05:51,025
28,5,2026-09-02,05:51,510
28,8,2026-09-02,05:51,021
28,2,2026-09-02,05:51,016
29,2,2026-09-02,05:51,217
29,3,2026-09-02,05:51,212
29,8,2026-09-02,05:51,213
30,0,2026-09-02,05:51,039
30,0,2026-09-02,05:51,039
50,6,2026-09-02,05:51,789
50,0,2026-09-02,05:51,789
100,1,2026-09-02,05:51,457
100,6,2026-09-02,05:51,452
100,0,2026-09-02,05:51,462
100,7,2026-09-02,05:51,618
100,0,2026-09-02,05:51,484
100,1,2026-09-02,05:51,488
101,4,2026-09-02,05:51,233
101,2,2026-09-02,05:51,036
102,1,2026-09-02,05:51,929
103,6,2026-09-02,05:51,221
103,1,2026-09-02,05:51,218
103,29,2026-09-02,05:51,265
104,1,2026-09-02,05:51,315
104,-1,2026-09-02,05:51,318
104,1,2026-09-02,05:51,046
105,8,2026-09-02,05:51,313
105,0,2026-09-02,05:51,306
105,2,2026-09-02,05:51,306
105,-1,2026-09-02,05:51,008
107,1,2026-09-02,05:51,325
107,6,2026-09-02,05:51,305
108,-1,2026-09-02,05:51,234
109,5,2026-09-02,05:51,034
109,0,2026-09-02,05:51,034
111,-1,2026-09-02,05:51,232
111,4,2026-09-02,05:51,220
122,3,2026-09-02,05:51,321
123,1,2026-09-02,05:51,930
142,6,2026-09-02,05:51,931
1,0,2026-09-02,09:59,250
1,0,2026-09-02,09:59,037
1,-1,2026-09-02,09:59,262
1,0,2026-09-02,09:59,256
1,-1,2026-09-02,09:59,257
1,1,2026-09-02,09:59,260
2,2,2026-09-02,09:59,045
2,2,2026-09-02,09:59,357
2,3,2026-09-02,09:59,043
2,-1,2026-09-02,09:59,370
3,2,2026-09-02,09:59,372
3,-2,2026-09-02,09:59,369
3,2,2026-09-02,09:59,379
3,1,2026-09-02,09:59,384
4,2,2026-09-02,09:59,454
4,2,2026-09-02,09:59,612
4,5,2026-09-02,09:59,627
4,2,2026-09-02,09:59,487
5,1,2026-09-02,09:59,821
5,1,2026-09-02,09:59,367
5,-3,2026-09-02,09:59,374
5,2,2026-09-02,09:59,822
5,-2,2026-09-02,09:59,377
6,2,2026-09-02,09:59,011
6,-1,2026-09-02,09:59,049
6,2,2026-09-02,09:59,044
7,4,2026-09-02,09:59,251
7,-1,2026-09-02,09:59,238
7,1,2026-09-02,09:59,031
7,2,2026-09-02,09:59,214
8,0,2026-09-02,09:59,820
8,0,2026-09-02,09:59,312
8,7,2026-09-02,09:59,383
8,4,2026-09-02,09:59,366
9,4,2026-09-02,09:59,136
9,1,2026-09-02,09:59,259
9,0,2026-09-02,09:59,006
9,4,2026-09-02,09:59,264
9,1,2026-09-02,09:59,253
9,-1,2026-09-02,09:59,138
10,0,2026-09-02,09:59,461
10,1,2026-09-02,09:59,628
10,2,2026-09-02,09:59,460
11,0,2026-09-02,09:59,486
11,0,2026-09-02,09:59,019
11,2,2026-09-02,09:59,024
12,4,2026-09-02,09:59,381
12,0,2026-09-02,09:59,047
12,0,2026-09-02,09:59,381
13,1,2026-09-02,09:59,004
13,0,2026-09-02,09:59,226
14,2,2026-09-02,09:59,412
14,1,2026-09-02,09:59,029
14,2,2026-09-02,09:59,027
14,1,2026-09-02,09:59,412
15,-3,2026-09-02,09:59,229
15,1,2026-09-02,09:59,032
15,1,2026-09-02,09:59,222
16,8,2026-09-02,09:59,471
16,6,2026-09-02,09:59,613
16,3,2026-09-02,09:59,481
16,1,2026-09-02,09:59,468
16,2,2026-09-02,09:59,479
16,0,2026-09-02,09:59,622
16,-1,2026-09-02,09:59,614
17,3,2026-09-02,09:59,365
17,0,2026-09-02,09:59,355
17,4,2026-09-02,09:59,360
18,3,2026-09-02,09:59,230
18,1,2026-09-02,09:59,038
18,2,2026-09-02,09:59,236
19,2,2026-09-02,09:59,629
19,3,2026-09-02,09:59,474
19,0,2026-09-02,09:59,621
19,0,2026-09-02,09:59,464
20,-1,2026-09-02,09:59,409
20,0,2026-09-02,09:59,026
20,0,2026-09-02,09:59,015
20,1,2026-09-02,09:59,030
21,2,2026-09-02,09:59,475
21,2,2026-09-02,09:59,465
21,0,2026-09-02,09:59,476
21,0,2026-09-02,09:59,478
21,2,2026-09-02,09:59,458
21,0,2026-09-02,09:59,475
22,-1,2026-09-02,09:59,788
22,1,2026-09-02,09:59,028
23,0,2026-09-02,09:59,320
23,2,2026-09-02,09:59,322
24,1,2026-09-02,09:59,389
24,-1,2026-09-02,09:59,388
24,1,2026-09-02,09:59,824
24,4,2026-09-02,09:59,387
24,0,2026-09-02,09:59,389
25,0,2026-09-02,09:59,022
25,0,2026-09-02,09:59,616
25,1,2026-09-02,09:59,616
25,2,2026-09-02,09:59,512
26,7,2026-09-02,09:59,041
26,1,2026-09-02,09:59,353
26,1,2026-09-02,09:59,354
27,3,2026-09-02,09:59,009
27,1,2026-09-02,09:59,319
28,3,2026-09-02,09:59,508
28,0,2026-09-02,09:59,510
28,1,2026-09-02,09:59,021
28,2,2026-09-02,09:59,016
29,0,2026-09-02,09:59,225
29,1,2026-09-02,09:59,213
30,3,2026-09-02,09:59,001
30,4,2026-09-02,09:59,001
50,0,2026-09-02,09:59,789
50,0,2026-09-02,09:59,023
50,0,2026-09-02,09:59,789
100,3,2026-09-02,09:59,484
100,1,2026-09-02,09:59,457
100,1,2026-09-02,09:59,485
101,-1,2026-09-02,09:59,036
102,2,2026-09-02,09:59,321
103,3,2026-09-02,09:59,218
103,0,2026-09-02,09:59,265
104,1,2026-09-02,09:59,046
105,-1,2026-09-02,09:59,008
107,3,2026-09-02,09:59,325
108,4,2026-09-02,09:59,234
109,0,2026-09-02,09:59,034
109,0,2026-09-02,09:59,034
111,0,2026-09-02,09:59,232
113,-1,2026-09-02,09:59,235
142,2,2026-09-02,09:59,931
1,4,2026-09-02,14:11,257
1,3,2026-09-02,14:11,262
1,1,2026-09-02,14:11,260
1,5,2026-09-02,14:11,256
1,7,2026-09-02,14:11,250
1,8,2026-09-02,14:11,037
2,5,2026-09-02,14:11,373
2,6,2026-09-02,14:11,363
2,11,2026-09-02,14:11,376
2,3,2026-09-02,14:11,368
2,1,2026-09-02,14:11,043
3,14,2026-09-02,14:11,361
3,5,2026-09-02,14:11,369
3,1,2026-09-02,14:11,379
3,4,2026-09-02,14:11,384
3,2,2026-09-02,14:11,380
3,0,2026-09-02,14:11,372
4,17,2026-09-02,14:11,487
4,12,2026-09-02,14:11,473
4,5,2026-09-02,14:11,454
4,4,2026-09-02,14:11,455
4,8,2026-09-02,14:11,482
4,7,2026-09-02,14:11,619
4,4,2026-09-02,14:11,627
5,5,2026-09-02,14:11,821
5,0,2026-09-02,14:11,367
5,7,2026-09-02,14:11,374
5,7,2026-09-02,14:11,822
5,1,2026-09-02,14:11,803
5,14,2026-09-02,14:11,822
5,9,2026-09-02,14:11,803
5,12,2026-09-02,14:11,377
5,8,2026-09-02,14:11,378
5,0,2026-09-02,14:11,821
6,9,2026-09-02,14:11,049
6,1,2026-09-02,14:11,044
6,5,2026-09-02,14:11,310
6,5,2026-09-02,14:11,011
7,8,2026-09-02,14:11,238
7,1,2026-09-02,14:11,031
7,4,2026-09-02,14:11,214
7,0,2026-09-02,14:11,263
7,1,2026-09-02,14:11,005
8,12,2026-09-02,14:11,820
8,2,2026-09-02,14:11,312
8,6,2026-09-02,14:11,383
8,1,2026-09-02,14:11,366
8,1,2026-09-02,14:11,375
9,2,2026-09-02,14:11,006
9,9,2026-09-02,14:11,264
9,6,2026-09-02,14:11,138
9,1,2026-09-02,14:11,259
9,0,2026-09-02,14:11,254
10,10,2026-09-02,14:11,460
10,6,2026-09-02,14:11,453
10,3,2026-09-02,14:11,451
10,2,2026-09-02,14:11,459
10,3,2026-09-02,14:11,459
10,2,2026-09-02,14:11,628
10,-1,2026-09-02,14:11,483
11,4,2026-09-02,14:11,019
11,5,2026-09-02,14:11,014
11,0,2026-09-02,14:11,470
11,8,2026-09-02,14:11,024
11,2,2026-09-02,14:11,486
11,0,2026-09-02,14:11,402
12,5,2026-09-02,14:11,047
12,0,2026-09-02,14:11,042
12,5,2026-09-02,14:11,048
12,0,2026-09-02,14:11,382
12,-1,2026-09-02,14:11,352
13,8,2026-09-02,14:11,226
13,3,2026-09-02,14:11,004
13,2,2026-09-02,14:11,205
14,0,2026-09-02,14:11,029
14,0,2026-09-02,14:11,403
14,4,2026-09-02,14:11,403
14,7,2026-09-02,14:11,027
15,10,2026-09-02,14:11,032
15,2,2026-09-02,14:11,229
16,8,2026-09-02,14:11,481
16,7,2026-09-02,14:11,468
16,4,2026-09-02,14:11,479
16,0,2026-09-02,14:11,466
16,1,2026-09-02,14:11,614
16,0,2026-09-02,14:11,462
16,0,2026-09-02,14:11,471
16,0,2026-09-02,14:11,613
17,2,2026-09-02,14:11,012
17,0,2026-09-02,14:11,365
17,7,2026-09-02,14:11,371
17,0,2026-09-02,14:11,360
18,8,2026-09-02,14:11,211
18,5,2026-09-02,14:11,230
18,11,2026-09-02,14:11,038
18,3,2026-09-02,14:11,040
19,6,2026-09-02,14:11,629
19,10,2026-09-02,14:11,654
19,4,2026-09-02,14:11,474
19,6,2026-09-02,14:11,621
19,3,2026-09-02,14:11,464
20,5,2026-09-02,14:11,017
20,2,2026-09-02,14:11,013
20,0,2026-09-02,14:11,015
20,5,2026-09-02,14:11,030
20,0,2026-09-02,14:11,409
20,2,2026-09-02,14:11,026
21,4,2026-09-02,14:11,465
21,1,2026-09-02,14:11,476
21,1,2026-09-02,14:11,472
21,-1,2026-09-02,14:11,463
21,10,2026-09-02,14:11,478
21,2,2026-09-02,14:11,458
21,0,2026-09-02,14:11,475
21,0,2026-09-02,14:11,465
22,10,2026-09-02,14:11,788
22,6,2026-09-02,14:11,509
22,1,2026-09-02,14:11,028
23,3,2026-09-02,14:11,320
23,4,2026-09-02,14:11,007
23,1,2026-09-02,14:11,322
24,2,2026-09-02,14:11,359
24,1,2026-09-02,14:11,824
24,0,2026-09-02,14:11,388
24,6,2026-09-02,14:11,386
24,2,2026-09-02,14:11,387
24,0,2026-09-02,14:11,359
25,4,2026-09-02,14:11,512
25,2,2026-09-02,14:11,477
25,-1,2026-09-02,14:11,022
25,3,2026-09-02,14:11,652
25,0,2026-09-02,14:11,616
26,16,2026-09-02,14:11,041
26,6,2026-09-02,14:11,353
26,6,2026-09-02,14:11,353
26,1,2026-09-02,14:11,354
27,13,2026-09-02,14:11,319
27,2,2026-09-02,14:11,304
27,0,2026-09-02,14:11,009
27,7,2026-09-02,14:11,324
28,21,2026-09-02,14:11,508
28,4,2026-09-02,14:11,018
28,3,2026-09-02,14:11,510
28,14,2026-09-02,14:11,020
28,10,2026-09-02,14:11,021
28,-1,2026-09-02,14:11,016
29,3,2026-09-02,14:11,225
29,1,2026-09-02,14:11,217
29,0,2026-09-02,14:11,206
30,5,2026-09-02,14:11,001
30,-1,2026-09-02,14:11,039
50,10,2026-09-02,14:11,789
50,2,2026-09-02,14:11,023
50,6,2026-09-02,14:11,789
100,10,2026-09-02,14:11,488
100,5,2026-09-02,14:11,457
100,4,2026-09-02,14:11,485
100,5,2026-09-02,14:11,484
100,3,2026-09-02,14:11,488
101,9,2026-09-02,14:11,202
101,0,2026-09-02,14:11,036
101,0,2026-09-02,14:11,036
101,3,2026-09-02,14:11,202
102,1,2026-09-02,14:11,321
103,7,2026-09-02,14:11,218
103,3,2026-09-02,14:11,227
103,3,2026-09-02,14:11,265
103,0,2026-09-02,14:11,221
104,4,2026-09-02,14:11,046
105,14,2026-09-02,14:11,008
105,-1,2026-09-02,14:11,313
107,5,2026-09-02,14:11,305
107,1,2026-09-02,14:11,325
108,10,2026-09-02,14:11,233
108,3,2026-09-02,14:11,234
109,4,2026-09-02,14:11,034
111,4,2026-09-02,14:11,035
111,4,2026-09-02,14:11,232
112,7,2026-09-02,14:11,237
112,13,2026-09-02,14:11,237
123,4,2026-09-02,14:11,930
132,0,2026-09-02,14:11,929
142,3,2026-09-02,14:11,931
1,1,2026-09-02,17:53,262
1,-1,2026-09-02,17:53,260
1,3,2026-09-02,17:53,256
1,0,2026-09-02,17:53,257
2,1,2026-09-02,17:53,043
2,1,2026-09-02,17:53,363
2,1,2026-09-02,17:53,045
3,4,2026-09-02,17:53,369
3,0,2026-09-02,17:53,379
3,2,2026-09-02,17:53,384
3,2,2026-09-02,17:53,380
4,3,2026-09-02,17:53,487
4,2,2026-09-02,17:53,627
4,1,2026-09-02,17:53,454
4,1,2026-09-02,17:53,612
5,3,2026-09-02,17:53,377
5,1,2026-09-02,17:53,821
5,0,2026-09-02,17:53,367
5,2,2026-09-02,17:53,367
5,-1,2026-09-02,17:53,374
6,-2,2026-09-02,17:53,049
7,3,2026-09-02,17:53,251
7,1,2026-09-02,17:53,214
7,1,2026-09-02,17:53,263
7,0,2026-09-02,17:53,005
8,3,2026-09-02,17:53,820
8,1,2026-09-02,17:53,312
8,1,2026-09-02,17:53,383
8,0,2026-09-02,17:53,366
9,-1,2026-09-02,17:53,006
9,3,2026-09-02,17:53,264
9,5,2026-09-02,17:53,253
9,1,2026-09-02,17:53,259
10,-1,2026-09-02,17:53,459
10,1,2026-09-02,17:53,628
10,1,2026-09-02,17:53,628
10,-1,2026-09-02,17:53,461
11,0,2026-09-02,17:53,014
11,0,2026-09-02,17:53,486
11,-1,2026-09-02,17:53,019
12,1,2026-09-02,17:53,381
12,3,2026-09-02,17:53,352
12,0,2026-09-02,17:53,047
13,0,2026-09-02,17:53,226
13,2,2026-09-02,17:53,226
13,-1,2026-09-02,17:53,004
14,3,2026-09-02,17:53,027
14,-1,2026-09-02,17:53,025
14,1,2026-09-02,17:53,029
15,2,2026-09-02,17:53,032
15,2,2026-09-02,17:53,229
16,0,2026-09-02,17:53,613
16,2,2026-09-02,17:53,468
16,0,2026-09-02,17:53,479
16,3,2026-09-02,17:53,622
16,1,2026-09-02,17:53,614
16,0,2026-09-02,17:53,471
17,0,2026-09-02,17:53,360
17,1,2026-09-02,17:53,365
17,-1,2026-09-02,17:53,355
18,3,2026-09-02,17:53,236
18,0,2026-09-02,17:53,230
19,1,2026-09-02,17:53,626
19,0,2026-09-02,17:53,629
19,0,2026-09-02,17:54,625
19,0,2026-09-02,17:54,621
20,2,2026-09-02,17:54,013
20,0,2026-09-02,17:54,015
20,0,2026-09-02,17:54,030
20,0,2026-09-02,17:54,026
21,3,2026-09-02,17:54,458
21,1,2026-09-02,17:54,475
21,0,2026-09-02,17:54,476
21,2,2026-09-02,17:54,476
21,0,2026-09-02,17:54,478
21,0,2026-09-02,17:54,458
22,-1,2026-09-02,17:54,788
23,1,2026-09-02,17:54,322
23,1,2026-09-02,17:54,320
23,1,2026-09-02,17:54,007
24,2,2026-09-02,17:54,362
24,-1,2026-09-02,17:54,389
24,2,2026-09-02,17:54,824
24,1,2026-09-02,17:54,388
25,3,2026-09-02,17:54,022
25,0,2026-09-02,17:54,616
25,1,2026-09-02,17:54,616
25,0,2026-09-02,17:54,512
26,4,2026-09-02,17:54,354
26,-1,2026-09-02,17:54,041
27,-1,2026-09-02,17:54,319
28,2,2026-09-02,17:54,508
28,0,2026-09-02,17:54,021
29,1,2026-09-02,17:54,213
29,0,2026-09-02,17:54,225
29,-1,2026-09-02,17:54,212
30,0,2026-09-02,17:54,001
50,1,2026-09-02,17:54,789
50,1,2026-09-02,17:54,023
100,2,2026-09-02,17:54,484
100,0,2026-09-02,17:54,488
100,-1,2026-09-02,17:54,485
101,2,2026-09-02,17:54,208
103,-1,2026-09-02,17:54,221
103,2,2026-09-02,17:54,218
103,1,2026-09-02,17:54,227
104,0,2026-09-02,17:54,315
105,0,2026-09-02,17:54,008
105,2,2026-09-02,17:54,008
107,-1,2026-09-02,17:54,325
108,0,2026-09-02,17:54,234
111,2,2026-09-02,17:54,035
111,0,2026-09-02,17:54,035
112,0,2026-09-02,17:54,237
112,-1,2026-09-02,17:54,237
123,1,2026-09-02,17:54,930
132,1,2026-09-02,17:54,316
142,1,2026-09-02,17:54,931
1,3,2026-09-02,20:13,260
1,-1,2026-09-02,20:13,256
1,1,2026-09-02,20:13,262
2,1,2026-09-02,20:13,370
2,3,2026-09-02,20:13,045
3,1,2026-09-02,20:13,380
3,-1,2026-09-02,20:13,372
3,1,2026-09-02,20:13,379
4,1,2026-09-02,20:13,627
4,-1,2026-09-02,20:13,473
4,1,2026-09-02,20:13,612
4,0,2026-09-02,20:13,487
5,1,2026-09-02,20:13,377
5,-1,2026-09-02,20:13,821
5,-1,2026-09-02,20:13,374
6,-1,2026-09-02,20:13,049
7,0,2026-09-02,20:13,263
7,1,2026-09-02,20:13,251
7,2,2026-09-02,20:13,214
8,0,2026-09-02,20:13,312
8,-1,2026-09-02,20:13,375
8,3,2026-09-02,20:13,820
9,3,2026-09-02,20:13,253
9,0,2026-09-02,20:13,259
9,0,2026-09-02,20:13,006
9,-1,2026-09-02,20:13,264
10,1,2026-09-02,20:13,459
10,1,2026-09-02,20:13,459
10,1,2026-09-02,20:13,461
11,0,2026-09-02,20:13,024
11,0,2026-09-02,20:13,014
12,1,2026-09-02,20:13,048
12,1,2026-09-02,20:13,381
12,0,2026-09-02,20:13,048
13,1,2026-09-02,20:13,004
13,2,2026-09-02,20:13,226
14,0,2026-09-02,20:13,029
14,0,2026-09-02,20:13,025
15,-1,2026-09-02,20:13,220
15,0,2026-09-02,20:13,229
15,0,2026-09-02,20:13,220
16,0,2026-09-02,20:13,479
16,0,2026-09-02,20:13,614
16,0,2026-09-02,20:13,613
16,1,2026-09-02,20:13,468
17,-1,2026-09-02,20:13,012
17,-1,2026-09-02,20:13,355
18,-2,2026-09-02,20:13,236
18,0,2026-09-02,20:13,211
18,0,2026-09-02,20:13,230
19,-1,2026-09-02,20:13,625
19,-1,2026-09-02,20:13,621
19,2,2026-09-02,20:13,626
20,0,2026-09-02,20:13,026
20,1,2026-09-02,20:13,015
20,0,2026-09-02,20:13,030
21,-1,2026-09-02,20:13,475
21,-1,2026-09-02,20:13,476
21,0,2026-09-02,20:13,478
22,0,2026-09-02,20:13,788
23,0,2026-09-02,20:13,320
23,0,2026-09-02,20:13,322
24,1,2026-09-02,20:13,824
24,0,2026-09-02,20:13,388
25,-2,2026-09-02,20:13,512
25,0,2026-09-02,20:13,022
25,0,2026-09-02,20:13,022
25,-1,2026-09-02,20:13,616
26,0,2026-09-02,20:13,354
26,0,2026-09-02,20:13,354
26,-1,2026-09-02,20:13,041
27,0,2026-09-02,20:13,319
28,0,2026-09-02,20:13,508
28,1,2026-09-02,20:13,016
29,-1,2026-09-02,20:13,225
29,0,2026-09-02,20:13,213
100,0,2026-09-02,20:13,477
100,0,2026-09-02,20:13,484
102,0,2026-09-02,20:13,316
104,2,2026-09-02,20:13,046
105,1,2026-09-02,20:13,008
107,0,2026-09-02,20:13,325
108,0,2026-09-02,20:13,234
111,0,2026-09-02,20:13,035
142,-1,2026-09-02,20:13,931
1,3,2026-09-03,05:01,265
1,0,2026-09-03,05:01,204
1,0,2026-09-03,05:01,259
1,2,2026-09-03,05:01,263
1,3,2026-09-03,05:01,264
1,2,2026-09-03,05:01,034
2,3,2026-09-03,05:01,362
2,-1,2026-09-03,05:01,319
2,0,2026-09-03,05:01,820
2,1,2026-09-03,05:01,361
2,-1,2026-09-03,05:01,316
3,1,2026-09-03,05:01,357
3,0,2026-09-03,05:01,353
3,0,2026-09-03,05:01,803
3,1,2026-09-03,05:01,822
4,2,2026-09-03,05:01,475
4,2,2026-09-03,05:01,482
4,-1,2026-09-03,05:01,476
4,1,2026-09-03,05:01,479
4,3,2026-09-03,05:01,462
5,-1,2026-09-03,05:01,372
5,1,2026-09-03,05:01,389
5,0,2026-09-03,05:01,354
5,0,2026-09-03,05:01,380
5,0,2026-09-03,05:01,380
5,-1,2026-09-03,05:01,386
5,0,2026-09-03,05:01,366
5,-1,2026-09-03,05:01,352
5,0,2026-09-03,05:01,372
6,0,2026-09-03,05:01,043
6,1,2026-09-03,05:01,324
6,-1,2026-09-03,05:01,325
7,1,2026-09-03,05:01,241
7,1,2026-09-03,05:01,236
7,1,2026-09-03,05:01,222
7,0,2026-09-03,05:01,256
7,-1,2026-09-03,05:01,138
8,0,2026-09-03,05:01,807
8,-1,2026-09-03,05:01,369
8,0,2026-09-03,05:01,305
8,2,2026-09-03,05:01,381
8,0,2026-09-03,05:01,368
8,1,2026-09-03,05:01,012
9,3,2026-09-03,05:01,235
9,2,2026-09-03,05:01,253
9,2,2026-09-03,05:01,032
9,1,2026-09-03,05:01,262
9,0,2026-09-03,05:01,250
9,0,2026-09-03,05:01,251
10,2,2026-09-03,05:01,628
10,1,2026-09-03,05:01,461
10,2,2026-09-03,05:01,485
10,0,2026-09-03,05:01,478
10,-1,2026-09-03,05:01,478
10,0,2026-09-03,05:01,477
11,3,2026-09-03,05:01,507
11,0,2026-09-03,05:01,026
11,0,2026-09-03,05:01,028
11,1,2026-09-03,05:01,471
12,0,2026-09-03,05:01,315
12,-1,2026-09-03,05:01,387
12,0,2026-09-03,05:01,045
12,1,2026-09-03,05:01,379
12,-1,2026-09-03,05:01,367
13,1,2026-09-03,05:01,031
13,4,2026-09-03,05:01,205
13,0,2026-09-03,05:01,239
14,1,2026-09-03,05:01,017
14,0,2026-09-03,05:01,030
14,1,2026-09-03,05:01,022
14,0,2026-09-03,05:01,403
15,-1,2026-09-03,05:01,005
15,2,2026-09-03,05:01,002
15,-1,2026-09-03,05:01,218
15,0,2026-09-03,05:01,005
16,5,2026-09-03,05:01,483
16,0,2026-09-03,05:01,625
16,1,2026-09-03,05:01,484
16,-1,2026-09-03,05:01,464
16,2,2026-09-03,05:01,629
16,-1,2026-09-03,05:01,624
16,2,2026-09-03,05:01,627
17,0,2026-09-03,05:01,321
17,-2,2026-09-03,05:01,374
17,-1,2026-09-03,05:01,378
17,3,2026-09-03,05:01,370
18,1,2026-09-03,05:01,208
18,0,2026-09-03,05:01,232
18,0,2026-09-03,05:01,033
19,-1,2026-09-03,05:01,623
19,0,2026-09-03,05:01,473
19,0,2026-09-03,05:01,612
19,-1,2026-09-03,05:01,621
19,0,2026-09-03,05:01,453
19,2,2026-09-03,05:01,618
20,-1,2026-09-03,05:01,405
20,1,2026-09-03,05:01,789
20,0,2026-09-03,05:01,410
20,2,2026-09-03,05:01,414
20,1,2026-09-03,05:01,024
21,0,2026-09-03,05:01,487
21,1,2026-09-03,05:01,458
21,0,2026-09-03,05:01,654
21,1,2026-09-03,05:01,654
21,2,2026-09-03,05:01,459
21,1,2026-09-03,05:01,620
21,-1,2026-09-03,05:01,451
22,1,2026-09-03,05:01,029
23,0,2026-09-03,05:01,047
23,1,2026-09-03,05:01,042
24,2,2026-09-03,05:01,821
24,-1,2026-09-03,05:01,376
24,-1,2026-09-03,05:01,363
24,2,2026-09-03,05:01,371
24,2,2026-09-03,05:01,360
24,-1,2026-09-03,05:01,359
25,1,2026-09-03,05:01,463
25,1,2026-09-03,05:01,025
25,0,2026-09-03,05:01,472
25,2,2026-09-03,05:01,472
25,-1,2026-09-03,05:01,652
26,-1,2026-09-03,05:01,382
26,2,2026-09-03,05:01,046
26,0,2026-09-03,05:01,358
26,-1,2026-09-03,05:01,358
26,1,2026-09-03,05:01,355
27,2,2026-09-03,05:01,048
27,-1,2026-09-03,05:01,322
27,0,2026-09-03,05:01,008
27,0,2026-09-03,05:01,314
28,1,2026-09-03,05:01,509
28,1,2026-09-03,05:01,016
28,1,2026-09-03,05:01,020
28,0,2026-09-03,05:02,412
28,0,2026-09-03,05:02,015
29,0,2026-09-03,05:02,216
29,0,2026-09-03,05:02,036
29,-1,2026-09-03,05:02,001
30,-1,2026-09-03,05:02,212
30,0,2026-09-03,05:02,037
30,1,2026-09-03,05:02,037
50,-1,2026-09-03,05:02,013
50,2,2026-09-03,05:02,510
50,0,2026-09-03,05:02,013
100,1,2026-09-03,05:02,616
100,2,2026-09-03,05:02,613
100,-1,2026-09-03,05:02,486
100,1,2026-09-03,05:02,474
100,0,2026-09-03,05:02,454
101,0,2026-09-03,05:02,038
101,0,2026-09-03,05:02,038
103,0,2026-09-03,05:02,201
103,0,2026-09-03,05:02,225
103,0,2026-09-03,05:02,260
104,3,2026-09-03,05:02,049
104,1,2026-09-03,05:02,311
104,1,2026-09-03,05:02,318
105,0,2026-09-03,05:02,313
105,0,2026-09-03,05:02,041
105,2,2026-09-03,05:02,041
105,1,2026-09-03,05:02,007
107,1,2026-09-03,05:02,312
107,0,2026-09-03,05:02,310
108,0,2026-09-03,05:02,227
108,1,2026-09-03,05:02,227
111,1,2026-09-03,05:02,230
111,2,2026-09-03,05:02,004
112,1,2026-09-03,05:02,040
112,0,2026-09-03,05:02,040
113,-1,2026-09-03,05:02,234
123,-1,2026-09-03,05:02,931
132,1,2026-09-03,05:02,323
132,0,2026-09-03,05:02,927
1,1,2026-09-03,09:37,263
1,-1,2026-09-03,09:37,034
1,3,2026-09-03,09:37,255
1,1,2026-09-03,09:37,264
2,-2,2026-09-03,09:37,362
2,2,2026-09-03,09:37,319
2,3,2026-09-03,09:37,361
2,0,2026-09-03,09:37,316
3,0,2026-09-03,09:37,822
3,1,2026-09-03,09:37,383
3,0,2026-09-03,09:37,357
3,0,2026-09-03,09:37,353
4,4,2026-09-03,09:37,475
4,1,2026-09-03,09:37,470
4,2,2026-09-03,09:37,476
4,3,2026-09-03,09:37,462
5,-1,2026-09-03,09:37,386
5,2,2026-09-03,09:37,366
5,0,2026-09-03,09:37,352
5,1,2026-09-03,09:37,352
5,2,2026-09-03,09:37,372
5,-1,2026-09-03,09:37,389
6,1,2026-09-03,09:37,325
6,0,2026-09-03,09:37,009
6,0,2026-09-03,09:37,324
7,1,2026-09-03,09:37,256
7,2,2026-09-03,09:37,138
7,2,2026-09-03,09:37,241
7,0,2026-09-03,09:37,236
8,3,2026-09-03,09:37,381
8,0,2026-09-03,09:37,368
8,4,2026-09-03,09:37,012
8,3,2026-09-03,09:37,377
9,1,2026-09-03,09:37,262
9,0,2026-09-03,09:37,250
9,-1,2026-09-03,09:37,251
9,8,2026-09-03,09:37,235
9,1,2026-09-03,09:37,253
9,-1,2026-09-03,09:37,257
10,2,2026-09-03,09:37,485
10,-1,2026-09-03,09:37,478
10,-1,2026-09-03,09:37,477
11,0,2026-09-03,09:37,471
11,-1,2026-09-03,09:37,026
12,0,2026-09-03,09:37,367
12,2,2026-09-03,09:37,387
12,1,2026-09-03,09:37,045
13,0,2026-09-03,09:37,031
13,0,2026-09-03,09:37,239
14,0,2026-09-03,09:37,030
14,3,2026-09-03,09:37,022
14,0,2026-09-03,09:37,017
15,3,2026-09-03,09:37,218
15,2,2026-09-03,09:37,002
16,2,2026-09-03,09:37,629
16,4,2026-09-03,09:37,624
16,3,2026-09-03,09:37,483
16,0,2026-09-03,09:37,625
16,-1,2026-09-03,09:37,484
17,1,2026-09-03,09:37,321
17,0,2026-09-03,09:37,374
17,2,2026-09-03,09:37,370
18,2,2026-09-03,09:37,208
18,4,2026-09-03,09:37,209
18,0,2026-09-03,09:37,033
19,0,2026-09-03,09:37,612
19,-1,2026-09-03,09:37,622
19,1,2026-09-03,09:37,618
19,-1,2026-09-03,09:37,623
20,3,2026-09-03,09:37,414
20,0,2026-09-03,09:37,024
20,0,2026-09-03,09:37,789
21,0,2026-09-03,09:37,459
21,0,2026-09-03,09:37,620
21,1,2026-09-03,09:37,487
21,0,2026-09-03,09:37,458
21,0,2026-09-03,09:37,459
22,0,2026-09-03,09:37,023
23,1,2026-09-03,09:37,042
24,2,2026-09-03,09:37,371
24,0,2026-09-03,09:37,360
24,-1,2026-09-03,09:37,363
24,2,2026-09-03,09:37,821
24,0,2026-09-03,09:37,371
25,3,2026-09-03,09:37,463
25,0,2026-09-03,09:37,025
25,1,2026-09-03,09:37,025
25,13,2026-09-03,09:37,472
25,-2,2026-09-03,09:37,018
26,3,2026-09-03,09:37,046
26,3,2026-09-03,09:37,355
27,0,2026-09-03,09:37,008
27,2,2026-09-03,09:37,008
28,1,2026-09-03,09:37,020
28,1,2026-09-03,09:37,509
29,0,2026-09-03,09:37,036
29,-1,2026-09-03,09:37,001
30,1,2026-09-03,09:37,037
50,-1,2026-09-03,09:37,510
50,1,2026-09-03,09:37,013
100,-1,2026-09-03,09:37,454
100,3,2026-09-03,09:37,616
100,0,2026-09-03,09:37,486
100,3,2026-09-03,09:37,474
101,1,2026-09-03,09:37,035
102,-1,2026-09-03,09:37,323
103,0,2026-09-03,09:37,206
103,-1,2026-09-03,09:37,260
104,2,2026-09-03,09:37,049
105,2,2026-09-03,09:37,041
105,-1,2026-09-03,09:37,007
107,2,2026-09-03,09:37,310
107,2,2026-09-03,09:37,312
108,1,2026-09-03,09:37,227
111,4,2026-09-03,09:37,004
112,-1,2026-09-03,09:37,040
123,2,2026-09-03,09:37,931
1,6,2026-09-03,13:50,034
1,2,2026-09-03,13:50,264
1,-1,2026-09-03,13:50,255
1,2,2026-09-03,13:50,259
1,4,2026-09-03,13:50,265
1,2,2026-09-03,13:50,263
2,7,2026-09-03,13:50,384
2,3,2026-09-03,13:50,354
2,3,2026-09-03,13:50,319
2,1,2026-09-03,13:50,361
3,4,2026-09-03,13:50,383
3,2,2026-09-03,13:50,803
3,0,2026-09-03,13:50,357
3,3,2026-09-03,13:50,353
3,3,2026-09-03,13:50,388
3,2,2026-09-03,13:50,822
4,12,2026-09-03,13:50,465
4,6,2026-09-03,13:50,475
4,3,2026-09-03,13:50,470
4,10,2026-09-03,13:50,468
4,2,2026-09-03,13:50,482
4,1,2026-09-03,13:50,476
5,9,2026-09-03,13:50,380
5,2,2026-09-03,13:50,386
5,1,2026-09-03,13:50,366
5,-1,2026-09-03,13:50,352
5,0,2026-09-03,13:50,372
5,4,2026-09-03,13:50,372
5,7,2026-09-03,13:50,389
5,2,2026-09-03,13:50,351
5,4,2026-09-03,13:50,380
6,11,2026-09-03,13:50,009
6,4,2026-09-03,13:50,324
6,5,2026-09-03,13:50,325
6,6,2026-09-03,13:50,043
7,2,2026-09-03,13:50,241
7,10,2026-09-03,13:50,254
7,1,2026-09-03,13:50,236
7,6,2026-09-03,13:50,222
7,1,2026-09-03,13:50,256
8,9,2026-09-03,13:50,381
8,1,2026-09-03,13:50,305
8,9,2026-09-03,13:50,368
8,1,2026-09-03,13:50,012
8,12,2026-09-03,13:50,377
8,2,2026-09-03,13:50,369
8,4,2026-09-03,13:50,824
9,6,2026-09-03,13:50,251
9,1,2026-09-03,13:50,250
9,3,2026-09-03,13:50,235
9,9,2026-09-03,13:51,253
9,4,2026-09-03,13:51,257
9,2,2026-09-03,13:51,262
9,2,2026-09-03,13:51,251
10,3,2026-09-03,13:51,479
10,4,2026-09-03,13:51,477
10,0,2026-09-03,13:51,453
10,6,2026-09-03,13:51,461
10,5,2026-09-03,13:51,619
10,1,2026-09-03,13:51,478
11,3,2026-09-03,13:51,027
11,3,2026-09-03,13:51,019
11,1,2026-09-03,13:51,026
11,4,2026-09-03,13:51,497
11,1,2026-09-03,13:51,028
11,0,2026-09-03,13:51,471
12,5,2026-09-03,13:51,379
12,2,2026-09-03,13:51,045
12,6,2026-09-03,13:51,315
12,2,2026-09-03,13:51,367
12,0,2026-09-03,13:51,011
13,7,2026-09-03,13:51,205
13,4,2026-09-03,13:51,031
13,13,2026-09-03,13:51,239
13,4,2026-09-03,13:51,205
14,5,2026-09-03,13:51,017
14,3,2026-09-03,13:51,030
14,0,2026-09-03,13:51,022
14,5,2026-09-03,13:51,022
14,6,2026-09-03,13:51,403
14,4,2026-09-03,13:51,017
15,11,2026-09-03,13:51,218
15,1,2026-09-03,13:51,005
15,4,2026-09-03,13:51,002
15,1,2026-09-03,13:51,218
16,3,2026-09-03,13:51,629
16,6,2026-09-03,13:51,624
16,1,2026-09-03,13:51,627
16,3,2026-09-03,13:51,483
16,2,2026-09-03,13:51,628
16,3,2026-09-03,13:51,484
16,0,2026-09-03,13:51,614
16,3,2026-09-03,13:51,472
17,2,2026-09-03,13:51,350
17,1,2026-09-03,13:51,321
17,9,2026-09-03,13:51,378
17,4,2026-09-03,13:51,370
18,15,2026-09-03,13:51,033
18,2,2026-09-03,13:51,221
18,10,2026-09-03,13:51,238
18,2,2026-09-03,13:51,232
19,13,2026-09-03,13:51,612
19,8,2026-09-03,13:51,622
19,4,2026-09-03,13:51,654
19,8,2026-09-03,13:51,618
19,-1,2026-09-03,13:51,623
19,-1,2026-09-03,13:51,473
20,5,2026-09-03,13:51,410
20,1,2026-09-03,13:51,405
20,-1,2026-09-03,13:51,789
20,4,2026-09-03,13:51,511
20,2,2026-09-03,13:51,414
20,1,2026-09-03,13:51,024
21,7,2026-09-03,13:51,459
21,-1,2026-09-03,13:51,620
21,-1,2026-09-03,13:51,451
21,0,2026-09-03,13:51,493
21,0,2026-09-03,13:51,467
21,0,2026-09-03,13:51,467
21,11,2026-09-03,13:51,487
21,6,2026-09-03,13:51,458
21,1,2026-09-03,13:51,459
21,0,2026-09-03,13:51,620
22,4,2026-09-03,13:51,023
23,17,2026-09-03,13:51,047
23,0,2026-09-03,13:51,042
24,0,2026-09-03,13:51,376
24,4,2026-09-03,13:51,363
24,10,2026-09-03,13:51,363
24,0,2026-09-03,13:51,821
24,-1,2026-09-03,13:51,359
25,1,2026-09-03,13:51,460
25,1,2026-09-03,13:51,018
25,4,2026-09-03,13:51,463
25,2,2026-09-03,13:51,025
26,6,2026-09-03,13:51,382
26,-2,2026-09-03,13:51,358
26,8,2026-09-03,13:51,046
26,4,2026-09-03,13:51,355
26,0,2026-09-03,13:51,382
27,4,2026-09-03,13:51,322
27,6,2026-09-03,13:51,048
27,1,2026-09-03,13:51,314
27,7,2026-09-03,13:51,314
27,4,2026-09-03,13:51,008
27,0,2026-09-03,13:51,322
28,13,2026-09-03,13:51,014
28,3,2026-09-03,13:51,020
28,-1,2026-09-03,13:51,788
28,4,2026-09-03,13:51,509
29,3,2026-09-03,13:51,216
29,1,2026-09-03,13:51,036
29,3,2026-09-03,13:51,001
29,1,2026-09-03,13:51,213
50,0,2026-09-03,13:51,510
50,1,2026-09-03,13:51,013
100,10,2026-09-03,13:51,486
100,3,2026-09-03,13:51,474
100,0,2026-09-03,13:51,616
100,2,2026-09-03,13:51,613
101,0,2026-09-03,13:51,035
102,-1,2026-09-03,13:51,323
103,0,2026-09-03,13:51,206
103,1,2026-09-03,13:51,225
103,0,2026-09-03,13:51,260
104,2,2026-09-03,13:51,049
104,7,2026-09-03,13:51,311
105,10,2026-09-03,13:51,041
105,1,2026-09-03,13:51,007
107,-1,2026-09-03,13:51,310
108,1,2026-09-03,13:51,227
109,0,2026-09-03,13:51,211
109,3,2026-09-03,13:51,211
112,5,2026-09-03,13:51,040
112,11,2026-09-03,13:51,040
122,-1,2026-09-03,13:51,927
123,0,2026-09-03,13:51,931
123,2,2026-09-03,13:51,931
142,1,2026-09-03,13:51,930
1,2,2026-09-03,17:18,264
1,0,2026-09-03,17:18,255
1,2,2026-09-03,17:18,259
2,3,2026-09-03,17:18,820
2,0,2026-09-03,17:18,384
3,0,2026-09-03,17:18,822
3,0,2026-09-03,17:18,383
3,-1,2026-09-03,17:18,357
3,2,2026-09-03,17:18,353
3,0,2026-09-03,17:18,388
4,3,2026-09-03,17:18,476
4,0,2026-09-03,17:18,465
4,1,2026-09-03,17:18,475
4,0,2026-09-03,17:18,470
5,2,2026-09-03,17:18,352
5,-1,2026-09-03,17:18,372
5,0,2026-09-03,17:18,380
5,2,2026-09-03,17:18,380
5,2,2026-09-03,17:18,366
5,0,2026-09-03,17:18,352
6,-1,2026-09-03,17:18,324
6,1,2026-09-03,17:18,325
7,4,2026-09-03,17:18,224
7,2,2026-09-03,17:18,236
7,1,2026-09-03,17:18,222
8,4,2026-09-03,17:18,354
8,-1,2026-09-03,17:18,381
8,2,2026-09-03,17:18,012
8,2,2026-09-03,17:18,377
9,0,2026-09-03,17:18,251
9,0,2026-09-03,17:18,253
9,-1,2026-09-03,17:18,257
10,1,2026-09-03,17:18,477
10,1,2026-09-03,17:18,619
10,1,2026-09-03,17:18,619
10,2,2026-09-03,17:18,478
11,3,2026-09-03,17:18,471
11,2,2026-09-03,17:18,019
11,2,2026-09-03,17:18,028
12,3,2026-09-03,17:18,387
12,0,2026-09-03,17:18,011
12,3,2026-09-03,17:18,367
13,3,2026-09-03,17:18,239
13,0,2026-09-03,17:18,031
14,1,2026-09-03,17:18,022
14,3,2026-09-03,17:18,030
15,-1,2026-09-03,17:18,218
15,-1,2026-09-03,17:18,005
15,3,2026-09-03,17:18,002
16,3,2026-09-03,17:18,629
16,3,2026-09-03,17:18,624
16,-1,2026-09-03,17:18,625
16,-1,2026-09-03,17:18,484
17,0,2026-09-03,17:18,378
17,1,2026-09-03,17:18,370
17,2,2026-09-03,17:18,321
18,0,2026-09-03,17:18,232
18,3,2026-09-03,17:18,209
18,8,2026-09-03,17:18,033
18,-2,2026-09-03,17:18,221
19,-1,2026-09-03,17:18,623
19,-1,2026-09-03,17:18,473
19,0,2026-09-03,17:19,622
19,1,2026-09-03,17:19,618
20,5,2026-09-03,17:19,410
20,-1,2026-09-03,17:19,789
20,3,2026-09-03,17:19,511
20,2,2026-09-03,17:19,414
21,1,2026-09-03,17:19,493
21,0,2026-09-03,17:19,458
21,0,2026-09-03,17:19,461
21,0,2026-09-03,17:19,620
21,0,2026-09-03,17:19,493
22,2,2026-09-03,17:19,023
23,-1,2026-09-03,17:19,042
23,0,2026-09-03,17:19,044
24,2,2026-09-03,17:19,363
24,0,2026-09-03,17:19,386
24,-1,2026-09-03,17:19,371
24,0,2026-09-03,17:19,360
24,0,2026-09-03,17:19,363
25,2,2026-09-03,17:19,018
25,2,2026-09-03,17:19,025
26,2,2026-09-03,17:19,355
26,3,2026-09-03,17:19,382
27,1,2026-09-03,17:19,008
27,-1,2026-09-03,17:19,048
28,2,2026-09-03,17:19,509
28,0,2026-09-03,17:19,014
28,1,2026-09-03,17:19,020
28,1,2026-09-03,17:19,015
29,0,2026-09-03,17:19,216
29,1,2026-09-03,17:19,036
30,1,2026-09-03,17:19,037
50,0,2026-09-03,17:19,013
50,0,2026-09-03,17:19,510
100,2,2026-09-03,17:19,486
100,1,2026-09-03,17:19,613
101,-1,2026-09-03,17:19,219
102,-3,2026-09-03,17:19,927
103,0,2026-09-03,17:19,206
103,-1,2026-09-03,17:19,225
104,1,2026-09-03,17:19,049
105,1,2026-09-03,17:19,007
105,-1,2026-09-03,17:19,041
107,3,2026-09-03,17:19,310
108,1,2026-09-03,17:19,227
109,1,2026-09-03,17:19,211
111,2,2026-09-03,17:19,229
123,2,2026-09-03,17:19,931
132,0,2026-09-03,17:19,927
1,1,2026-09-03,19:56,259
1,0,2026-09-03,19:56,265
2,1,2026-09-03,19:56,384
3,-1,2026-09-03,19:56,353
3,0,2026-09-03,19:56,822
3,1,2026-09-03,19:56,383
4,1,2026-09-03,19:56,462
4,2,2026-09-03,19:56,470
4,0,2026-09-03,19:56,468
5,0,2026-09-03,19:56,372
5,0,2026-09-03,19:56,380
5,1,2026-09-03,19:56,380
5,-1,2026-09-03,19:56,366
6,2,2026-09-03,19:56,324
7,1,2026-09-03,19:56,222
7,1,2026-09-03,19:56,254
8,1,2026-09-03,19:56,012
8,0,2026-09-03,19:56,381
8,-1,2026-09-03,19:56,368
9,1,2026-09-03,19:56,253
9,0,2026-09-03,19:56,257
9,3,2026-09-03,19:56,251
9,1,2026-09-03,19:56,235
10,1,2026-09-03,19:56,478
10,2,2026-09-03,19:56,619
11,1,2026-09-03,19:56,028
11,2,2026-09-03,19:56,019
11,-1,2026-09-03,19:56,026
12,2,2026-09-03,19:56,011
12,3,2026-09-03,19:56,045
12,2,2026-09-03,19:56,389
13,0,2026-09-03,19:56,031
13,-1,2026-09-03,19:56,239
13,0,2026-09-03,19:56,031
14,1,2026-09-03,19:56,030
14,-1,2026-09-03,19:56,022
14,0,2026-09-03,19:56,017
14,0,2026-09-03,19:56,030
15,1,2026-09-03,19:56,002
15,3,2026-09-03,19:56,218
16,0,2026-09-03,19:56,483
16,0,2026-09-03,19:56,625
16,0,2026-09-03,19:56,624
17,1,2026-09-03,19:56,370
17,1,2026-09-03,19:56,374
17,-1,2026-09-03,19:56,378
18,4,2026-09-03,19:56,033
18,1,2026-09-03,19:56,208
19,3,2026-09-03,19:56,612
19,2,2026-09-03,19:56,618
19,-2,2026-09-03,19:56,623
20,0,2026-09-03,19:56,414
20,-1,2026-09-03,19:56,410
20,1,2026-09-03,19:56,511
21,1,2026-09-03,19:56,458
21,0,2026-09-03,19:56,620
21,1,2026-09-03,19:56,493
22,1,2026-09-03,19:56,023
23,0,2026-09-03,19:56,047
24,-1,2026-09-03,19:56,386
24,1,2026-09-03,19:56,371
24,-1,2026-09-03,19:56,363
25,1,2026-09-03,19:56,460
25,0,2026-09-03,19:56,018
25,-1,2026-09-03,19:56,018
26,1,2026-09-03,19:56,046
26,1,2026-09-03,19:56,382
28,0,2026-09-03,19:56,020
28,0,2026-09-03,19:56,015
29,1,2026-09-03,19:56,036
29,2,2026-09-03,19:56,001
100,1,2026-09-03,19:56,486
100,0,2026-09-03,19:56,454
100,1,2026-09-03,19:56,613
101,0,2026-09-03,19:56,219
102,-1,2026-09-03,19:57,927
103,0,2026-09-03,19:57,230
104,5,2026-09-03,19:57,049
105,-1,2026-09-03,19:57,041
107,-1,2026-09-03,19:57,310
108,1,2026-09-03,19:57,227
112,0,2026-09-03,19:57,040
1,3,2026-09-04,04:22,262
1,2,2026-09-04,04:22,038
1,1,2026-09-04,04:22,256
1,0,2026-09-04,04:22,250
1,2,2026-09-04,04:22,250
1,1,2026-09-04,04:22,005
1,0,2026-09-04,04:22,253
1,-1,2026-09-04,04:22,259
2,0,2026-09-04,04:22,044
2,3,2026-09-04,04:22,363
2,2,2026-09-04,04:22,371
2,3,2026-09-04,04:22,803
3,1,2026-09-04,04:22,825
3,2,2026-09-04,04:22,368
3,0,2026-09-04,04:22,360
3,3,2026-09-04,04:22,355
3,2,2026-09-04,04:22,365
3,3,2026-09-04,04:22,376
4,1,2026-09-04,04:22,465
4,-1,2026-09-04,04:22,467
4,1,2026-09-04,04:22,473
4,2,2026-09-04,04:22,468
4,2,2026-09-04,04:22,463
5,2,2026-09-04,04:22,357
5,0,2026-09-04,04:22,382
5,2,2026-09-04,04:22,372
5,-1,2026-09-04,04:22,821
5,1,2026-09-04,04:22,377
5,1,2026-09-04,04:22,370
5,-1,2026-09-04,04:22,351
5,0,2026-09-04,04:22,357
6,4,2026-09-04,04:22,041
6,1,2026-09-04,04:22,008
6,0,2026-09-04,04:22,310
7,0,2026-09-04,04:22,263
7,1,2026-09-04,04:22,136
7,0,2026-09-04,04:22,032
7,3,2026-09-04,04:22,033
7,-1,2026-09-04,04:22,214
8,1,2026-09-04,04:22,822
8,2,2026-09-04,04:22,316
8,-1,2026-09-04,04:22,379
8,4,2026-09-04,04:22,374
8,-1,2026-09-04,04:22,315
8,-1,2026-09-04,04:22,820
9,5,2026-09-04,04:22,264
9,2,2026-09-04,04:22,265
9,1,2026-09-04,04:22,254
9,0,2026-09-04,04:22,232
9,1,2026-09-04,04:23,251
9,2,2026-09-04,04:23,212
9,0,2026-09-04,04:23,260
9,0,2026-09-04,04:23,264
10,1,2026-09-04,04:23,627
10,0,2026-09-04,04:23,624
10,0,2026-09-04,04:23,470
10,1,2026-09-04,04:23,459
10,1,2026-09-04,04:23,472
10,-1,2026-09-04,04:23,470
11,0,2026-09-04,04:23,464
11,0,2026-09-04,04:23,410
11,2,2026-09-04,04:23,023
11,1,2026-09-04,04:23,019
11,0,2026-09-04,04:23,458
12,1,2026-09-04,04:23,366
12,2,2026-09-04,04:23,048
12,-1,2026-09-04,04:23,389
13,-1,2026-09-04,04:23,205
13,0,2026-09-04,04:23,004
13,1,2026-09-04,04:23,001
13,0,2026-09-04,04:23,205
14,1,2026-09-04,04:23,027
14,0,2026-09-04,04:23,403
14,2,2026-09-04,04:23,414
14,0,2026-09-04,04:23,508
14,0,2026-09-04,04:23,027
15,0,2026-09-04,04:23,233
15,-1,2026-09-04,04:23,031
15,3,2026-09-04,04:23,216
15,0,2026-09-04,04:23,233
16,4,2026-09-04,04:23,497
16,2,2026-09-04,04:23,628
16,1,2026-09-04,04:23,455
16,4,2026-09-04,04:23,478
16,1,2026-09-04,04:23,620
16,1,2026-09-04,04:23,454
17,2,2026-09-04,04:23,361
17,1,2026-09-04,04:23,386
17,1,2026-09-04,04:23,350
17,0,2026-09-04,04:23,387
18,0,2026-09-04,04:23,211
18,1,2026-09-04,04:23,204
18,1,2026-09-04,04:23,241
18,3,2026-09-04,04:23,226
19,2,2026-09-04,04:23,453
19,1,2026-09-04,04:23,477
19,2,2026-09-04,04:23,461
19,3,2026-09-04,04:23,622
19,0,2026-09-04,04:23,475
19,0,2026-09-04,04:23,618
19,1,2026-09-04,04:23,462
20,1,2026-09-04,04:23,406
20,1,2026-09-04,04:23,018
20,2,2026-09-04,04:23,020
20,1,2026-09-04,04:23,509
21,0,2026-09-04,04:23,654
21,5,2026-09-04,04:23,623
21,1,2026-09-04,04:23,493
21,0,2026-09-04,04:23,619
21,4,2026-09-04,04:23,619
21,0,2026-09-04,04:23,476
21,-1,2026-09-04,04:23,451
21,0,2026-09-04,04:23,654
22,0,2026-09-04,04:23,788
22,1,2026-09-04,04:23,026
23,1,2026-09-04,04:23,319
23,1,2026-09-04,04:23,047
24,-1,2026-09-04,04:23,359
24,0,2026-09-04,04:23,378
24,0,2026-09-04,04:23,375
24,0,2026-09-04,04:23,378
24,1,2026-09-04,04:23,380
25,-1,2026-09-04,04:23,652
25,0,2026-09-04,04:23,025
25,2,2026-09-04,04:23,483
26,4,2026-09-04,04:23,354
26,3,2026-09-04,04:23,383
26,4,2026-09-04,04:23,383
26,2,2026-09-04,04:23,009
26,-1,2026-09-04,04:23,358
27,2,2026-09-04,04:23,324
27,-1,2026-09-04,04:23,314
27,0,2026-09-04,04:23,042
27,-1,2026-09-04,04:23,320
28,0,2026-09-04,04:23,030
28,-1,2026-09-04,04:23,021
28,2,2026-09-04,04:23,409
28,0,2026-09-04,04:23,013
29,0,2026-09-04,04:23,221
29,0,2026-09-04,04:23,040
29,-2,2026-09-04,04:23,224
29,2,2026-09-04,04:23,225
30,0,2026-09-04,04:23,235
30,0,2026-09-04,04:23,208
50,0,2026-09-04,04:23,015
50,1,2026-09-04,04:23,024
100,1,2026-09-04,04:23,486
100,1,2026-09-04,04:23,474
100,2,2026-09-04,04:23,614
101,0,2026-09-04,04:23,213
101,0,2026-09-04,04:23,213
103,3,2026-09-04,04:23,255
103,2,2026-09-04,04:23,228
104,2,2026-09-04,04:23,318
104,-1,2026-09-04,04:23,322
104,-1,2026-09-04,04:23,931
105,3,2026-09-04,04:23,311
105,1,2026-09-04,04:23,312
105,-1,2026-09-04,04:23,305
107,1,2026-09-04,04:23,049
107,1,2026-09-04,04:23,045
108,0,2026-09-04,04:23,034
109,0,2026-09-04,04:23,035
109,-1,2026-09-04,04:23,035
111,-1,2026-09-04,04:23,238
111,1,2026-09-04,04:23,215
112,-1,2026-09-04,04:23,239
123,0,2026-09-04,04:23,929
132,0,2026-09-04,04:23,926
132,0,2026-09-04,04:23,926
142,1,2026-09-04,04:23,927
1,1,2026-09-04,08:55,250
1,2,2026-09-04,08:55,254
1,0,2026-09-04,08:55,259
1,0,2026-09-04,08:55,038
2,0,2026-09-04,08:55,044
2,2,2026-09-04,08:55,363
2,2,2026-09-04,08:55,011
2,1,2026-09-04,08:55,381
3,1,2026-09-04,08:55,365
3,2,2026-09-04,08:55,376
3,3,2026-09-04,08:55,368
3,0,2026-09-04,08:55,360
4,1,2026-09-04,08:55,465
4,0,2026-09-04,08:55,467
4,2,2026-09-04,08:55,468
4,2,2026-09-04,08:55,473
5,1,2026-09-04,08:55,370
5,0,2026-09-04,08:55,357
5,3,2026-09-04,08:55,377
5,3,2026-09-04,08:55,382
5,1,2026-09-04,08:55,357
5,-1,2026-09-04,08:55,372
6,3,2026-09-04,08:55,007
6,0,2026-09-04,08:55,041
6,5,2026-09-04,08:55,041
6,0,2026-09-04,08:55,008
7,2,2026-09-04,08:55,033
7,1,2026-09-04,08:55,214
7,3,2026-09-04,08:55,263
7,0,2026-09-04,08:55,136
8,2,2026-09-04,08:55,379
8,2,2026-09-04,08:55,374
8,1,2026-09-04,08:55,822
8,1,2026-09-04,08:55,316
9,2,2026-09-04,08:55,260
9,1,2026-09-04,08:55,251
9,-1,2026-09-04,08:55,257
9,3,2026-09-04,08:55,265
9,0,2026-09-04,08:55,232
10,2,2026-09-04,08:55,624
10,1,2026-09-04,08:55,484
10,2,2026-09-04,08:55,624
10,0,2026-09-04,08:55,472
11,0,2026-09-04,08:55,023
11,1,2026-09-04,08:55,029
11,1,2026-09-04,08:55,464
11,0,2026-09-04,08:55,019
12,-1,2026-09-04,08:55,010
12,-1,2026-09-04,08:55,048
12,0,2026-09-04,08:55,352
13,3,2026-09-04,08:55,004
13,2,2026-09-04,08:55,001
14,1,2026-09-04,08:55,027
14,0,2026-09-04,08:55,414
14,0,2026-09-04,08:55,027
14,2,2026-09-04,08:55,508
15,0,2026-09-04,08:55,216
15,-1,2026-09-04,08:55,031
15,5,2026-09-04,08:55,233
16,3,2026-09-04,08:55,620
16,-1,2026-09-04,08:55,478
16,1,2026-09-04,08:55,616
16,2,2026-09-04,08:55,626
16,0,2026-09-04,08:55,628
16,2,2026-09-04,08:55,497
17,0,2026-09-04,08:55,386
17,2,2026-09-04,08:55,369
17,2,2026-09-04,08:55,387
18,3,2026-09-04,08:55,227
18,2,2026-09-04,08:55,211
18,-1,2026-09-04,08:55,241
19,3,2026-09-04,08:55,475
19,1,2026-09-04,08:55,461
19,3,2026-09-04,08:55,462
19,1,2026-09-04,08:55,618
20,1,2026-09-04,08:55,020
20,2,2026-09-04,08:55,509
20,6,2026-09-04,08:55,018
20,6,2026-09-04,08:55,406
20,1,2026-09-04,08:55,014
21,0,2026-09-04,08:55,476
21,0,2026-09-04,08:55,619
21,0,2026-09-04,08:55,621
21,0,2026-09-04,08:55,619
21,2,2026-09-04,08:55,493
21,0,2026-09-04,08:55,612
22,-1,2026-09-04,08:55,026
23,2,2026-09-04,08:55,043
23,0,2026-09-04,08:55,047
24,1,2026-09-04,08:55,380
24,1,2026-09-04,08:55,378
24,-1,2026-09-04,08:55,384
24,2,2026-09-04,08:55,359
24,0,2026-09-04,08:55,380
25,1,2026-09-04,08:55,025
25,1,2026-09-04,08:55,485
25,1,2026-09-04,08:55,483
26,2,2026-09-04,08:55,354
26,3,2026-09-04,08:55,383
26,2,2026-09-04,08:55,009
27,0,2026-09-04,08:55,042
27,1,2026-09-04,08:55,042
28,0,2026-09-04,08:55,016
28,1,2026-09-04,08:55,409
28,3,2026-09-04,08:55,013
28,0,2026-09-04,08:55,030
29,0,2026-09-04,08:55,209
29,0,2026-09-04,08:55,221
30,1,2026-09-04,08:55,235
30,2,2026-09-04,08:55,235
50,-1,2026-09-04,08:55,024
50,1,2026-09-04,08:55,015
100,0,2026-09-04,08:55,487
100,1,2026-09-04,08:55,486
100,0,2026-09-04,08:55,474
100,1,2026-09-04,08:55,614
101,1,2026-09-04,08:55,002
102,1,2026-09-04,08:55,313
103,0,2026-09-04,08:55,255
103,4,2026-09-04,08:55,217
104,1,2026-09-04,08:55,322
105,3,2026-09-04,08:55,311
105,5,2026-09-04,08:55,305
109,0,2026-09-04,08:55,035
109,2,2026-09-04,08:55,035
111,1,2026-09-04,08:55,238
112,0,2026-09-04,08:56,239
113,0,2026-09-04,08:56,206
126,-1,2026-09-04,08:56,212
126,0,2026-09-04,08:56,212
142,0,2026-09-04,08:56,927
1,3,2026-09-04,13:02,250
1,1,2026-09-04,13:02,259
1,3,2026-09-04,13:02,038
1,1,2026-09-04,13:02,262
1,-1,2026-09-04,13:02,256
2,5,2026-09-04,13:03,381
2,3,2026-09-04,13:03,362
2,0,2026-09-04,13:03,044
2,1,2026-09-04,13:03,803
2,5,2026-09-04,13:03,371
3,1,2026-09-04,13:03,376
3,0,2026-09-04,13:03,368
3,2,2026-09-04,13:03,825
3,0,2026-09-04,13:03,373
4,1,2026-09-04,13:03,625
4,11,2026-09-04,13:03,463
4,1,2026-09-04,13:03,465
4,4,2026-09-04,13:03,466
4,2,2026-09-04,13:03,473
4,3,2026-09-04,13:03,455
5,1,2026-09-04,13:03,821
5,1,2026-09-04,13:03,377
5,1,2026-09-04,13:03,370
5,-3,2026-09-04,13:03,351
5,0,2026-09-04,13:03,357
5,0,2026-09-04,13:03,357
5,3,2026-09-04,13:03,395
5,0,2026-09-04,13:03,372
5,0,2026-09-04,13:03,821
6,4,2026-09-04,13:03,046
6,-1,2026-09-04,13:03,008
6,-1,2026-09-04,13:03,007
6,-1,2026-09-04,13:03,041
7,0,2026-09-04,13:03,263
7,2,2026-09-04,13:03,207
7,1,2026-09-04,13:03,033
8,3,2026-09-04,13:03,807
8,1,2026-09-04,13:03,374
8,1,2026-09-04,13:03,820
8,2,2026-09-04,13:03,822
8,0,2026-09-04,13:03,316
9,2,2026-09-04,13:03,260
9,0,2026-09-04,13:03,264
9,-1,2026-09-04,13:03,257
9,1,2026-09-04,13:03,232
10,2,2026-09-04,13:03,488
10,0,2026-09-04,13:03,472
10,1,2026-09-04,13:03,460
10,1,2026-09-04,13:03,484
10,-1,2026-09-04,13:03,453
11,-1,2026-09-04,13:03,029
11,0,2026-09-04,13:03,464
11,1,2026-09-04,13:03,019
11,0,2026-09-04,13:03,023
12,3,2026-09-04,13:03,352
12,2,2026-09-04,13:03,353
12,1,2026-09-04,13:03,389
12,-1,2026-09-04,13:03,010
13,2,2026-09-04,13:03,004
13,1,2026-09-04,13:03,205
13,1,2026-09-04,13:03,001
14,2,2026-09-04,13:03,027
14,1,2026-09-04,13:03,403
14,8,2026-09-04,13:03,414
14,2,2026-09-04,13:03,508
15,5,2026-09-04,13:03,216
15,0,2026-09-04,13:03,233
15,3,2026-09-04,13:03,031
16,0,2026-09-04,13:03,620
16,4,2026-09-04,13:03,616
16,2,2026-09-04,13:03,470
16,1,2026-09-04,13:03,497
16,-2,2026-09-04,13:03,628
16,2,2026-09-04,13:03,629
16,1,2026-09-04,13:03,478
17,2,2026-09-04,13:03,361
17,-1,2026-09-04,13:03,386
17,4,2026-09-04,13:03,012
17,1,2026-09-04,13:03,369
18,5,2026-09-04,13:03,241
18,5,2026-09-04,13:03,226
18,1,2026-09-04,13:03,227
18,-1,2026-09-04,13:03,211
18,2,2026-09-04,13:03,218
19,11,2026-09-04,13:03,461
19,3,2026-09-04,13:03,475
19,-1,2026-09-04,13:03,618
19,4,2026-09-04,13:03,654
19,3,2026-09-04,13:03,462
20,3,2026-09-04,13:03,406
20,3,2026-09-04,13:03,405
20,4,2026-09-04,13:03,020
21,3,2026-09-04,13:03,619
21,-1,2026-09-04,13:03,458
21,1,2026-09-04,13:03,476
21,-1,2026-09-04,13:03,451
21,0,2026-09-04,13:03,612
21,1,2026-09-04,13:03,612
21,1,2026-09-04,13:03,493
21,0,2026-09-04,13:03,621
21,0,2026-09-04,13:03,619
22,9,2026-09-04,13:03,788
22,6,2026-09-04,13:03,028
22,1,2026-09-04,13:03,026
23,-1,2026-09-04,13:03,319
23,-1,2026-09-04,13:03,047
24,4,2026-09-04,13:03,378
24,0,2026-09-04,13:03,384
24,30,2026-09-04,13:03,366
24,3,2026-09-04,13:03,384
24,-1,2026-09-04,13:03,375
24,22,2026-09-04,13:03,366
25,0,2026-09-04,13:03,483
25,1,2026-09-04,13:03,022
25,-1,2026-09-04,13:03,652
25,4,2026-09-04,13:03,485
25,1,2026-09-04,13:03,025
26,3,2026-09-04,13:03,009
26,1,2026-09-04,13:03,354
26,3,2026-09-04,13:03,383
26,-1,2026-09-04,13:03,358
27,2,2026-09-04,13:03,314
27,3,2026-09-04,13:03,324
27,0,2026-09-04,13:03,320
27,0,2026-09-04,13:03,320
27,-1,2026-09-04,13:03,042
27,0,2026-09-04,13:03,314
28,5,2026-09-04,13:03,411
28,-1,2026-09-04,13:03,409
28,0,2026-09-04,13:03,016
28,10,2026-09-04,13:03,789
28,6,2026-09-04,13:03,030
29,3,2026-09-04,13:03,040
29,2,2026-09-04,13:03,224
29,1,2026-09-04,13:03,225
30,1,2026-09-04,13:03,037
30,4,2026-09-04,13:03,037
50,0,2026-09-04,13:03,024
50,2,2026-09-04,13:03,015
100,3,2026-09-04,13:03,474
100,3,2026-09-04,13:03,614
100,2,2026-09-04,13:03,487
100,1,2026-09-04,13:03,486
100,-1,2026-09-04,13:03,479
101,4,2026-09-04,13:03,002
101,-1,2026-09-04,13:03,034
102,0,2026-09-04,13:03,313
102,0,2026-09-04,13:03,313
102,-1,2026-09-04,13:03,930
103,5,2026-09-04,13:03,255
103,2,2026-09-04,13:03,217
103,2,2026-09-04,13:03,036
104,2,2026-09-04,13:03,321
104,1,2026-09-04,13:03,318
104,0,2026-09-04,13:03,322
105,1,2026-09-04,13:03,311
105,1,2026-09-04,13:03,305
107,-1,2026-09-04,13:03,049
107,-1,2026-09-04,13:03,045
108,2,2026-09-04,13:03,219
108,0,2026-09-04,13:03,213
109,5,2026-09-04,13:03,035
111,3,2026-09-04,13:03,238
112,1,2026-09-04,13:03,239
112,6,2026-09-04,13:03,239
113,-1,2026-09-04,13:03,206
122,4,2026-09-04,13:03,926
123,0,2026-09-04,13:03,929
1,-1,2026-09-04,16:49,253
1,0,2026-09-04,16:49,262
1,1,2026-09-04,16:49,256
2,-1,2026-09-04,16:49,371
2,1,2026-09-04,16:49,011
2,0,2026-09-04,16:49,362
2,1,2026-09-04,16:49,044
3,0,2026-09-04,16:49,376
3,0,2026-09-04,16:49,368
3,1,2026-09-04,16:49,373
3,-1,2026-09-04,16:49,365
4,6,2026-09-04,16:49,473
4,0,2026-09-04,16:49,468
4,3,2026-09-04,16:49,467
4,1,2026-09-04,16:49,465
5,1,2026-09-04,16:49,372
5,-1,2026-09-04,16:49,821
5,0,2026-09-04,16:49,377
5,-1,2026-09-04,16:49,370
6,3,2026-09-04,16:49,007
7,3,2026-09-04,16:49,263
7,2,2026-09-04,16:49,136
7,0,2026-09-04,16:49,033
8,0,2026-09-04,16:49,379
8,1,2026-09-04,16:49,374
8,12,2026-09-04,16:49,820
8,3,2026-09-04,16:49,822
8,1,2026-09-04,16:49,316
9,1,2026-09-04,16:49,260
9,-1,2026-09-04,16:49,257
9,4,2026-09-04,16:49,265
9,1,2026-09-04,16:49,232
10,1,2026-09-04,16:49,472
10,3,2026-09-04,16:49,484
10,-1,2026-09-04,16:49,624
11,2,2026-09-04,16:49,029
11,-1,2026-09-04,16:49,464
11,-1,2026-09-04,16:49,023
12,0,2026-09-04,16:49,389
12,2,2026-09-04,16:49,010
12,0,2026-09-04,16:49,352
13,2,2026-09-04,16:49,001
13,2,2026-09-04,16:49,004
14,1,2026-09-04,16:49,508
14,1,2026-09-04,16:49,414
15,0,2026-09-04,16:49,216
15,0,2026-09-04,16:49,233
15,0,2026-09-04,16:49,031
15,0,2026-09-04,16:49,216
16,0,2026-09-04,16:49,620
16,2,2026-09-04,16:49,616
16,-1,2026-09-04,16:49,471
16,0,2026-09-04,16:49,628
16,0,2026-09-04,16:49,629
16,-1,2026-09-04,16:49,478
17,1,2026-09-04,16:49,369
17,2,2026-09-04,16:49,387
17,1,2026-09-04,16:49,386
18,5,2026-09-04,16:49,218
18,0,2026-09-04,16:49,241
18,1,2026-09-04,16:49,226
18,1,2026-09-04,16:49,227
19,-1,2026-09-04,16:49,477
19,1,2026-09-04,16:49,461
19,2,2026-09-04,16:49,622
19,0,2026-09-04,16:49,618
20,1,2026-09-04,16:49,406
20,-1,2026-09-04,16:49,014
20,3,2026-09-04,16:49,020
20,0,2026-09-04,16:49,509
21,0,2026-09-04,16:49,493
21,3,2026-09-04,16:49,451
21,1,2026-09-04,16:49,612
22,1,2026-09-04,16:49,026
23,3,2026-09-04,16:49,047
23,2,2026-09-04,16:49,043
24,0,2026-09-04,16:49,366
24,-1,2026-09-04,16:49,380
24,3,2026-09-04,16:49,378
25,2,2026-09-04,16:49,485
25,1,2026-09-04,16:49,483
25,-1,2026-09-04,16:49,022
26,2,2026-09-04,16:49,009
26,-1,2026-09-04,16:49,391
27,-2,2026-09-04,16:49,042
27,1,2026-09-04,16:49,324
28,4,2026-09-04,16:49,030
28,-1,2026-09-04,16:49,409
28,-1,2026-09-04,16:49,016
28,2,2026-09-04,16:49,013
29,-2,2026-09-04,16:49,221
29,3,2026-09-04,16:49,209
29,0,2026-09-04,16:49,224
30,1,2026-09-04,16:49,235
50,-1,2026-09-04,16:49,024
50,-1,2026-09-04,16:49,015
100,1,2026-09-04,16:49,487
100,2,2026-09-04,16:49,479
100,0,2026-09-04,16:49,614
101,2,2026-09-04,16:49,208
102,-1,2026-09-04,16:49,926
103,4,2026-09-04,16:49,036
103,0,2026-09-04,16:49,228
104,3,2026-09-04,16:49,321
104,0,2026-09-04,16:49,322
105,5,2026-09-04,16:49,305
105,0,2026-09-04,16:49,311
107,1,2026-09-04,16:49,049
108,-1,2026-09-04,16:49,219
109,0,2026-09-04,16:49,035
109,1,2026-09-04,16:49,035
112,2,2026-09-04,16:49,239
113,-1,2026-09-04,16:49,206
123,0,2026-09-04,16:50,929
123,2,2026-09-04,16:50,929
142,1,2026-09-04,16:50,927
1,-1,2026-09-04,19:10,256
1,0,2026-09-04,19:10,254
2,-1,2026-09-04,19:10,044
3,3,2026-09-04,19:10,360
3,-1,2026-09-04,19:10,365
3,0,2026-09-04,19:10,368
4,0,2026-09-04,19:10,468
4,1,2026-09-04,19:10,467
4,2,2026-09-04,19:10,465
4,5,2026-09-04,19:10,466
5,2,2026-09-04,19:10,357
5,0,2026-09-04,19:10,821
5,-1,2026-09-04,19:10,377
6,1,2026-09-04,19:10,007
7,0,2026-09-04,19:10,136
7,2,2026-09-04,19:10,214
7,4,2026-09-04,19:10,263
8,4,2026-09-04,19:10,820
8,0,2026-09-04,19:10,822
8,3,2026-09-04,19:10,822
8,2,2026-09-04,19:10,316
9,3,2026-09-04,19:10,257
9,2,2026-09-04,19:10,232
9,3,2026-09-04,19:10,251
9,2,2026-09-04,19:10,260
10,2,2026-09-04,19:10,624
10,1,2026-09-04,19:10,472
10,1,2026-09-04,19:10,472
10,2,2026-09-04,19:10,488
11,1,2026-09-04,19:10,019
11,-1,2026-09-04,19:10,023
11,2,2026-09-04,19:10,029
12,-1,2026-09-04,19:10,010
12,2,2026-09-04,19:10,048
13,2,2026-09-04,19:10,001
13,-1,2026-09-04,19:10,004
14,0,2026-09-04,19:10,414
14,7,2026-09-04,19:10,508
14,0,2026-09-04,19:10,027
15,-1,2026-09-04,19:10,233
15,1,2026-09-04,19:10,216
16,0,2026-09-04,19:10,616
16,1,2026-09-04,19:10,497
16,4,2026-09-04,19:10,629
16,1,2026-09-04,19:10,478
16,0,2026-09-04,19:10,616
17,1,2026-09-04,19:10,369
17,3,2026-09-04,19:10,387
17,0,2026-09-04,19:10,386
17,0,2026-09-04,19:10,012
18,1,2026-09-04,19:10,218
18,-1,2026-09-04,19:10,226
18,1,2026-09-04,19:10,227
19,3,2026-09-04,19:10,461
19,3,2026-09-04,19:10,622
19,0,2026-09-04,19:10,477
20,1,2026-09-04,19:10,509
20,-1,2026-09-04,19:10,406
20,1,2026-09-04,19:10,014
21,1,2026-09-04,19:10,493
21,0,2026-09-04,19:10,619
21,4,2026-09-04,19:10,619
21,1,2026-09-04,19:10,451
22,1,2026-09-04,19:10,026
23,2,2026-09-04,19:10,319
23,0,2026-09-04,19:10,047
24,0,2026-09-04,19:10,384
24,0,2026-09-04,19:10,380
24,2,2026-09-04,19:10,380
24,-1,2026-09-04,19:10,378
25,2,2026-09-04,19:10,022
25,2,2026-09-04,19:10,485
26,2,2026-09-04,19:10,383
26,0,2026-09-04,19:10,009
27,0,2026-09-04,19:10,042
27,-2,2026-09-04,19:10,042
28,0,2026-09-04,19:10,016
28,2,2026-09-04,19:11,013
29,-1,2026-09-04,19:11,221
29,-1,2026-09-04,19:11,209
29,0,2026-09-04,19:11,224
30,-1,2026-09-04,19:11,235
100,0,2026-09-04,19:11,479
100,3,2026-09-04,19:11,487
101,0,2026-09-04,19:11,208
101,0,2026-09-04,19:11,208
102,2,2026-09-04,19:11,926
103,5,2026-09-04,19:11,036
103,0,2026-09-04,19:11,228
104,0,2026-09-04,19:11,322
105,0,2026-09-04,19:11,305
105,1,2026-09-04,19:11,305
107,5,2026-09-04,19:11,049
108,-1,2026-09-04,19:11,219
112,-1,2026-09-04,19:11,239
142,1,2026-09-04,19:11,927
2,-1,2026-09-04,21:26,363
5,-2,2026-09-04,21:26,377
5,0,2026-09-04,21:26,372
6,-1,2026-09-04,21:26,007
7,0,2026-09-04,21:26,136
14,-2,2026-09-04,21:26,414
16,1,2026-09-04,21:26,616
17,1,2026-09-04,21:26,387
17,-1,2026-09-04,21:26,012
20,0,2026-09-04,21:26,406
21,1,2026-09-04,21:26,451
21,2,2026-09-04,21:26,619
21,0,2026-09-04,21:26,451
24,1,2026-09-04,21:26,378
24,0,2026-09-04,21:26,384
27,-1,2026-09-04,21:26,042
100,0,2026-09-04,21:26,614
101,1,2026-09-04,21:26,208
104,1,2026-09-04,21:26,322
1,5,2026-09-05,05:06,229
1,-1,2026-09-05,05:06,005
1,0,2026-09-05,05:06,226
2,2,2026-09-05,05:06,012
2,3,2026-09-05,05:06,011
3,-1,2026-09-05,05:06,046
3,-1,2026-09-05,05:06,363
3,1,2026-09-05,05:06,325
4,12,2026-09-05,05:06,629
4,-1,2026-09-05,05:06,485
4,0,2026-09-05,05:06,473
4,1,2026-09-05,05:06,628
5,2,2026-09-05,05:06,378
5,7,2026-09-05,05:06,349
5,0,2026-09-05,05:06,820
5,0,2026-09-05,05:06,378
6,1,2026-09-05,05:06,010
6,1,2026-09-05,05:06,931
7,1,2026-09-05,05:06,033
7,1,2026-09-05,05:06,039
7,-1,2026-09-05,05:06,233
8,1,2026-09-05,05:06,367
8,0,2026-09-05,05:06,323
8,0,2026-09-05,05:06,395
8,-1,2026-09-05,05:06,007
9,2,2026-09-05,05:06,235
9,0,2026-09-05,05:06,206
9,2,2026-09-05,05:06,260
9,-1,2026-09-05,05:06,259
10,16,2026-09-05,05:06,493
10,1,2026-09-05,05:06,475
10,16,2026-09-05,05:06,493
10,1,2026-09-05,05:06,475
10,-1,2026-09-05,05:06,478
11,0,2026-09-05,05:06,024
11,3,2026-09-05,05:06,017
11,-1,2026-09-05,05:06,014
12,0,2026-09-05,05:06,044
12,0,2026-09-05,05:06,048
13,0,2026-09-05,05:06,002
13,0,2026-09-05,05:06,002
14,0,2026-09-05,05:06,026
14,3,2026-09-05,05:06,015
15,0,2026-09-05,05:06,224
15,-1,2026-09-05,05:06,040
16,0,2026-09-05,05:06,465
16,1,2026-09-05,05:06,625
16,-2,2026-09-05,05:06,486
16,0,2026-09-05,05:06,487
17,-1,2026-09-05,05:06,386
17,0,2026-09-05,05:06,047
17,1,2026-09-05,05:06,008
17,1,2026-09-05,05:06,375
18,5,2026-09-05,05:07,239
18,2,2026-09-05,05:07,031
19,-1,2026-09-05,05:07,511
19,-1,2026-09-05,05:07,020
19,-1,2026-09-05,05:07,464
20,2,2026-09-05,05:07,414
20,2,2026-09-05,05:07,408
20,5,2026-09-05,05:07,019
20,-1,2026-09-05,05:07,018
21,2,2026-09-05,05:07,483
21,2,2026-09-05,05:07,621
22,0,2026-09-05,05:07,508
22,-1,2026-09-05,05:07,025
23,0,2026-09-05,05:07,009
23,-2,2026-09-05,05:07,045
24,-1,2026-09-05,05:07,379
24,0,2026-09-05,05:07,382
24,0,2026-09-05,05:07,382
24,2,2026-09-05,05:07,391
24,0,2026-09-05,05:07,387
25,1,2026-09-05,05:07,510
25,0,2026-09-05,05:07,411
25,-1,2026-09-05,05:07,016
26,2,2026-09-05,05:07,324
26,-1,2026-09-05,05:07,321
26,-1,2026-09-05,05:07,322
27,2,2026-09-05,05:07,320
28,2,2026-09-05,05:07,027
28,1,2026-09-05,05:07,029
29,2,2026-09-05,05:07,032
30,0,2026-09-05,05:07,036
30,0,2026-09-05,05:07,036
50,2,2026-09-05,05:07,028
50,0,2026-09-05,05:07,028
100,-1,2026-09-05,05:07,479
100,0,2026-09-05,05:07,462
100,-1,2026-09-05,05:07,512
101,-1,2026-09-05,05:07,238
103,-1,2026-09-05,05:07,037
105,1,2026-09-05,05:07,314
107,-1,2026-09-05,05:07,929
111,1,2026-09-05,05:07,038
132,0,2026-09-05,05:07,927
1,2,2026-09-05,08:59,226
1,2,2026-09-05,08:59,001
1,0,2026-09-05,08:59,208
2,0,2026-09-05,08:59,384
2,0,2026-09-05,08:59,041
3,2,2026-09-05,08:59,363
3,4,2026-09-05,08:59,380
3,2,2026-09-05,08:59,325
4,5,2026-09-05,08:59,629
4,1,2026-09-05,08:59,482
4,0,2026-09-05,08:59,473
5,0,2026-09-05,08:59,820
5,1,2026-09-05,08:59,378
5,-1,2026-09-05,08:59,349
5,2,2026-09-05,08:59,377
5,0,2026-09-05,08:59,820
6,1,2026-09-05,08:59,010
6,0,2026-09-05,08:59,931
6,3,2026-09-05,08:59,305
7,1,2026-09-05,08:59,033
7,-1,2026-09-05,08:59,039
7,2,2026-09-05,08:59,233
7,1,2026-09-05,08:59,237
8,2,2026-09-05,08:59,367
8,-1,2026-09-05,08:59,323
8,2,2026-09-05,08:59,395
8,1,2026-09-05,08:59,007
9,2,2026-09-05,08:59,206
9,1,2026-09-05,08:59,263
9,-1,2026-09-05,08:59,262
9,0,2026-09-05,08:59,260
9,1,2026-09-05,08:59,259
9,-1,2026-09-05,08:59,235
10,3,2026-09-05,08:59,478
10,1,2026-09-05,08:59,466
10,-1,2026-09-05,08:59,493
11,0,2026-09-05,08:59,024
11,1,2026-09-05,08:59,017
11,0,2026-09-05,08:59,014
11,0,2026-09-05,08:59,022
12,1,2026-09-05,08:59,042
12,2,2026-09-05,08:59,043
12,0,2026-09-05,08:59,044
13,2,2026-09-05,08:59,002
13,-1,2026-09-05,08:59,034
14,2,2026-09-05,08:59,015
14,-1,2026-09-05,08:59,026
14,0,2026-09-05,08:59,013
15,3,2026-09-05,08:59,209
15,2,2026-09-05,08:59,040
15,-1,2026-09-05,08:59,224
16,-1,2026-09-05,08:59,497
16,2,2026-09-05,08:59,465
16,0,2026-09-05,08:59,484
16,0,2026-09-05,08:59,486
16,1,2026-09-05,08:59,472
16,0,2026-09-05,08:59,487
17,1,2026-09-05,08:59,375
17,0,2026-09-05,08:59,386
17,0,2026-09-05,09:00,047
17,1,2026-09-05,09:00,008
18,1,2026-09-05,09:00,004
18,2,2026-09-05,09:00,211
19,-1,2026-09-05,09:00,511
19,0,2026-09-05,09:00,451
19,3,2026-09-05,09:00,020
20,4,2026-09-05,09:00,019
20,1,2026-09-05,09:00,414
20,0,2026-09-05,09:00,408
21,1,2026-09-05,09:00,624
21,2,2026-09-05,09:00,483
21,0,2026-09-05,09:00,622
21,1,2026-09-05,09:00,621
21,0,2026-09-05,09:00,624
22,1,2026-09-05,09:00,025
23,-1,2026-09-05,09:00,009
23,3,2026-09-05,09:00,045
24,0,2026-09-05,09:00,387
24,0,2026-09-05,09:00,379
24,1,2026-09-05,09:00,391
24,0,2026-09-05,09:00,387
25,0,2026-09-05,09:00,411
25,1,2026-09-05,09:00,510
26,3,2026-09-05,09:00,322
26,4,2026-09-05,09:00,324
26,4,2026-09-05,09:00,324
26,0,2026-09-05,09:00,321
27,-1,2026-09-05,09:00,930
27,1,2026-09-05,09:00,320
28,1,2026-09-05,09:00,412
28,0,2026-09-05,09:00,023
28,6,2026-09-05,09:00,027
28,4,2026-09-05,09:00,029
29,1,2026-09-05,09:00,032
29,1,2026-09-05,09:00,222
30,2,2026-09-05,09:00,036
30,3,2026-09-05,09:00,036
50,2,2026-09-05,09:00,028
100,4,2026-09-05,09:00,462
100,-1,2026-09-05,09:00,512
100,0,2026-09-05,09:00,479
100,-1,2026-09-05,09:00,021
102,4,2026-09-05,09:00,927
104,-1,2026-09-05,09:00,319
105,1,2026-09-05,09:00,314
107,0,2026-09-05,09:00,049
108,-1,2026-09-05,09:00,227
111,-1,2026-09-05,09:00,038
112,0,2026-09-05,09:00,035
113,-1,2026-09-05,09:00,225
123,-1,2026-09-05,09:00,926
1,2,2026-09-05,12:30,005
1,3,2026-09-05,12:30,208
1,1,2026-09-05,12:30,229
2,0,2026-09-05,12:30,041
2,2,2026-09-05,12:30,384
3,-1,2026-09-05,12:30,363
3,2,2026-09-05,12:30,380
3,1,2026-09-05,12:30,325
4,1,2026-09-05,12:30,482
4,1,2026-09-05,12:30,473
4,-1,2026-09-05,12:30,628
4,2,2026-09-05,12:30,629
4,-1,2026-09-05,12:30,485
5,2,2026-09-05,12:30,349
5,0,2026-09-05,12:30,377
5,1,2026-09-05,12:30,378
5,0,2026-09-05,12:30,383
5,0,2026-09-05,12:30,349
6,2,2026-09-05,12:30,931
6,5,2026-09-05,12:30,305
7,1,2026-09-05,12:30,033
7,1,2026-09-05,12:30,039
7,0,2026-09-05,12:30,233
7,-1,2026-09-05,12:30,237
8,1,2026-09-05,12:30,367
8,1,2026-09-05,12:30,323
8,1,2026-09-05,12:30,381
8,1,2026-09-05,12:30,007
9,1,2026-09-05,12:30,263
9,-1,2026-09-05,12:30,206
9,-1,2026-09-05,12:30,262
9,0,2026-09-05,12:30,260
9,0,2026-09-05,12:30,259
9,-1,2026-09-05,12:30,235
10,1,2026-09-05,12:30,478
10,2,2026-09-05,12:30,466
10,2,2026-09-05,12:30,466
10,-1,2026-09-05,12:30,493
11,1,2026-09-05,12:30,024
11,1,2026-09-05,12:30,014
11,-1,2026-09-05,12:30,022
12,2,2026-09-05,12:30,048
12,3,2026-09-05,12:30,044
12,-1,2026-09-05,12:30,042
13,-2,2026-09-05,12:30,034
13,3,2026-09-05,12:30,002
14,2,2026-09-05,12:30,026
14,0,2026-09-05,12:30,013
14,1,2026-09-05,12:30,015
15,1,2026-09-05,12:30,209
15,1,2026-09-05,12:30,040
15,0,2026-09-05,12:30,224
16,1,2026-09-05,12:30,487
16,2,2026-09-05,12:30,497
16,0,2026-09-05,12:30,484
16,2,2026-09-05,12:30,486
17,0,2026-09-05,12:30,008
17,1,2026-09-05,12:30,386
17,1,2026-09-05,12:30,047
18,0,2026-09-05,12:30,211
18,9,2026-09-05,12:30,031
18,1,2026-09-05,12:30,004
19,2,2026-09-05,12:30,511
19,0,2026-09-05,12:30,451
19,1,2026-09-05,12:30,020
20,0,2026-09-05,12:30,019
20,-1,2026-09-05,12:30,018
20,5,2026-09-05,12:30,414
20,1,2026-09-05,12:30,408
21,2,2026-09-05,12:30,622
21,1,2026-09-05,12:30,621
21,-1,2026-09-05,12:30,624
21,4,2026-09-05,12:30,483
21,2,2026-09-05,12:30,488
21,0,2026-09-05,12:30,622
22,3,2026-09-05,12:30,508
23,0,2026-09-05,12:30,009
23,2,2026-09-05,12:30,045
24,4,2026-09-05,12:30,382
24,0,2026-09-05,12:30,391
24,2,2026-09-05,12:30,387
24,-1,2026-09-05,12:30,379
24,0,2026-09-05,12:30,382
25,3,2026-09-05,12:30,016
25,-1,2026-09-05,12:30,030
25,1,2026-09-05,12:30,411
26,1,2026-09-05,12:30,324
26,1,2026-09-05,12:30,321
26,3,2026-09-05,12:30,322
26,0,2026-09-05,12:30,324
27,1,2026-09-05,12:30,320
27,1,2026-09-05,12:30,930
28,3,2026-09-05,12:30,029
28,1,2026-09-05,12:30,412
28,7,2026-09-05,12:30,027
29,0,2026-09-05,12:30,222
29,1,2026-09-05,12:30,232
30,1,2026-09-05,12:30,036
50,-1,2026-09-05,12:30,028
100,2,2026-09-05,12:30,479
100,0,2026-09-05,12:30,021
100,1,2026-09-05,12:30,462
100,-1,2026-09-05,12:30,512
101,-1,2026-09-05,12:31,238
103,1,2026-09-05,12:31,214
104,2,2026-09-05,12:31,319
105,0,2026-09-05,12:31,314
107,0,2026-09-05,12:31,049
107,2,2026-09-05,12:31,929
108,1,2026-09-05,12:31,227
109,0,2026-09-05,12:31,204
109,0,2026-09-05,12:31,204
112,-1,2026-09-05,12:31,035
113,-2,2026-09-05,12:31,225
123,1,2026-09-05,12:31,926
132,0,2026-09-05,12:31,927
1,3,2026-09-05,15:28,001
1,0,2026-09-05,15:28,208
1,0,2026-09-05,15:28,226
2,1,2026-09-05,15:28,011
2,0,2026-09-05,15:28,384
2,-1,2026-09-05,15:28,012
3,1,2026-09-05,15:28,325
3,0,2026-09-05,15:28,363
3,1,2026-09-05,15:28,380
4,4,2026-09-05,15:28,629
4,-1,2026-09-05,15:28,485
4,1,2026-09-05,15:28,473
5,0,2026-09-05,15:28,820
5,-2,2026-09-05,15:28,378
5,5,2026-09-05,15:28,383
5,2,2026-09-05,15:28,349
5,0,2026-09-05,15:28,820
6,2,2026-09-05,15:28,010
6,2,2026-09-05,15:28,931
7,1,2026-09-05,15:28,237
7,3,2026-09-05,15:28,039
7,-1,2026-09-05,15:28,233
8,1,2026-09-05,15:28,007
8,2,2026-09-05,15:28,367
8,1,2026-09-05,15:28,323
9,0,2026-09-05,15:28,259
9,4,2026-09-05,15:28,235
9,-1,2026-09-05,15:28,263
9,1,2026-09-05,15:28,206
9,1,2026-09-05,15:28,262
10,0,2026-09-05,15:28,478
10,0,2026-09-05,15:28,466
10,0,2026-09-05,15:28,466
10,0,2026-09-05,15:28,475
11,2,2026-09-05,15:28,014
11,0,2026-09-05,15:28,024
11,0,2026-09-05,15:28,024
11,1,2026-09-05,15:28,017
12,3,2026-09-05,15:28,043
12,0,2026-09-05,15:28,044
13,1,2026-09-05,15:28,034
13,0,2026-09-05,15:28,002
13,2,2026-09-05,15:28,002
14,2,2026-09-05,15:28,026
14,-1,2026-09-05,15:28,013
14,2,2026-09-05,15:28,015
14,1,2026-09-05,15:28,026
15,1,2026-09-05,15:28,040
15,5,2026-09-05,15:28,209
16,0,2026-09-05,15:28,484
16,3,2026-09-05,15:28,486
16,2,2026-09-05,15:28,487
16,2,2026-09-05,15:28,497
17,1,2026-09-05,15:28,375
17,-1,2026-09-05,15:28,386
17,0,2026-09-05,15:28,008
18,3,2026-09-05,15:28,031
18,3,2026-09-05,15:28,239
19,1,2026-09-05,15:28,020
19,0,2026-09-05,15:28,464
19,2,2026-09-05,15:28,511
20,2,2026-09-05,15:28,408
20,0,2026-09-05,15:28,019
20,-1,2026-09-05,15:28,018
20,3,2026-09-05,15:28,414
21,5,2026-09-05,15:28,621
21,1,2026-09-05,15:28,624
21,2,2026-09-05,15:28,488
21,2,2026-09-05,15:28,622
21,0,2026-09-05,15:28,621
22,1,2026-09-05,15:28,025
22,0,2026-09-05,15:28,508
23,2,2026-09-05,15:28,045
23,2,2026-09-05,15:28,009
24,2,2026-09-05,15:28,391
24,-1,2026-09-05,15:28,387
24,3,2026-09-05,15:28,379
24,2,2026-09-05,15:28,382
24,0,2026-09-05,15:28,391
25,0,2026-09-05,15:28,016
25,-1,2026-09-05,15:28,030
26,4,2026-09-05,15:28,322
26,1,2026-09-05,15:28,324
27,1,2026-09-05,15:28,320
27,1,2026-09-05,15:28,930
28,2,2026-09-05,15:28,023
28,1,2026-09-05,15:28,027
28,4,2026-09-05,15:28,029
28,2,2026-09-05,15:28,412
29,1,2026-09-05,15:28,032
29,2,2026-09-05,15:28,222
30,2,2026-09-05,15:28,036
30,3,2026-09-05,15:28,036
50,2,2026-09-05,15:28,028
100,2,2026-09-05,15:29,512
100,1,2026-09-05,15:29,479
100,2,2026-09-05,15:29,462
101,-1,2026-09-05,15:29,219
102,3,2026-09-05,15:29,927
104,1,2026-09-05,15:29,319
105,3,2026-09-05,15:29,314
108,2,2026-09-05,15:29,227
111,0,2026-09-05,15:29,038
112,2,2026-09-05,15:29,035
1,0,2026-09-05,17:28,005
1,1,2026-09-05,17:28,208
1,1,2026-09-05,17:28,226
2,1,2026-09-05,17:28,041
2,0,2026-09-05,17:28,012
3,4,2026-09-05,17:28,046
3,2,2026-09-05,17:28,380
3,-1,2026-09-05,17:28,325
4,1,2026-09-05,17:28,629
4,1,2026-09-05,17:28,473
4,-1,2026-09-05,17:28,628
5,1,2026-09-05,17:28,383
5,-2,2026-09-05,17:28,349
5,1,2026-09-05,17:28,820
5,2,2026-09-05,17:28,378
5,0,2026-09-05,17:28,383
6,1,2026-09-05,17:28,010
6,1,2026-09-05,17:28,931
7,3,2026-09-05,17:28,237
7,1,2026-09-05,17:28,033
7,1,2026-09-05,17:28,233
7,0,2026-09-05,17:28,237
8,1,2026-09-05,17:28,007
8,3,2026-09-05,17:28,323
8,1,2026-09-05,17:28,381
9,2,2026-09-05,17:28,235
9,1,2026-09-05,17:28,262
9,0,2026-09-05,17:28,259
10,1,2026-09-05,17:28,475
10,-1,2026-09-05,17:28,478
11,2,2026-09-05,17:28,014
11,3,2026-09-05,17:28,017
12,-1,2026-09-05,17:28,042
14,1,2026-09-05,17:28,013
14,-1,2026-09-05,17:28,015
14,1,2026-09-05,17:28,026
14,0,2026-09-05,17:28,013
15,7,2026-09-05,17:28,040
16,0,2026-09-05,17:28,484
16,3,2026-09-05,17:28,486
16,4,2026-09-05,17:28,497
16,-1,2026-09-05,17:28,465
17,0,2026-09-05,17:28,386
17,4,2026-09-05,17:28,047
18,-2,2026-09-05,17:28,211
18,0,2026-09-05,17:28,031
18,2,2026-09-05,17:28,239
19,5,2026-09-05,17:28,020
19,-1,2026-09-05,17:28,464
19,2,2026-09-05,17:28,511
19,1,2026-09-05,17:28,451
20,3,2026-09-05,17:28,019
20,3,2026-09-05,17:28,414
20,2,2026-09-05,17:28,408
21,1,2026-09-05,17:28,483
21,0,2026-09-05,17:28,621
21,6,2026-09-05,17:28,621
21,0,2026-09-05,17:28,624
23,3,2026-09-05,17:28,045
23,1,2026-09-05,17:28,009
24,3,2026-09-05,17:28,379
24,-1,2026-09-05,17:28,382
24,1,2026-09-05,17:28,391
24,0,2026-09-05,17:28,379
25,0,2026-09-05,17:28,030
25,1,2026-09-05,17:28,411
26,1,2026-09-05,17:28,324
26,2,2026-09-05,17:28,321
27,-1,2026-09-05,17:28,320
28,3,2026-09-05,17:28,027
28,1,2026-09-05,17:28,029
28,3,2026-09-05,17:28,412
29,1,2026-09-05,17:28,222
30,-1,2026-09-05,17:28,036
50,1,2026-09-05,17:28,028
100,1,2026-09-05,17:28,462
100,2,2026-09-05,17:28,512
100,-1,2026-09-05,17:28,479
102,3,2026-09-05,17:28,927
105,0,2026-09-05,17:28,314
107,2,2026-09-05,17:28,049
107,-1,2026-09-05,17:28,929
108,0,2026-09-05,17:28,227
108,2,2026-09-05,17:28,227
1,3,2026-09-05,19:17,001
1,0,2026-09-05,19:17,208
1,1,2026-09-05,19:17,226
2,1,2026-09-05,19:17,041
2,1,2026-09-05,19:17,384
2,0,2026-09-05,19:17,012
3,2,2026-09-05,19:17,046
3,2,2026-09-05,19:17,325
4,7,2026-09-05,19:17,629
4,0,2026-09-05,19:17,473
4,-1,2026-09-05,19:17,628
5,1,2026-09-05,19:17,378
5,0,2026-09-05,19:17,383
5,4,2026-09-05,19:17,383
5,-1,2026-09-05,19:17,349
6,3,2026-09-05,19:17,010
7,7,2026-09-05,19:17,033
7,0,2026-09-05,19:17,233
7,1,2026-09-05,19:17,237
8,0,2026-09-05,19:17,007
8,1,2026-09-05,19:17,323
9,4,2026-09-05,19:17,263
9,-1,2026-09-05,19:17,235
10,3,2026-09-05,19:17,475
10,2,2026-09-05,19:17,478
10,2,2026-09-05,19:17,478
11,1,2026-09-05,19:17,024
11,0,2026-09-05,19:17,014
12,-2,2026-09-05,19:17,042
12,-1,2026-09-05,19:17,048
13,2,2026-09-05,19:17,002
14,2,2026-09-05,19:17,015
14,3,2026-09-05,19:17,013
15,4,2026-09-05,19:17,209
15,2,2026-09-05,19:17,040
16,3,2026-09-05,19:17,486
16,3,2026-09-05,19:17,497
16,0,2026-09-05,19:17,484
17,-1,2026-09-05,19:17,386
17,3,2026-09-05,19:17,047
18,0,2026-09-05,19:17,211
18,3,2026-09-05,19:17,239
19,0,2026-09-05,19:17,020
19,0,2026-09-05,19:17,511
19,1,2026-09-05,19:17,451
20,0,2026-09-05,19:17,019
20,2,2026-09-05,19:17,018
20,1,2026-09-05,19:17,408
21,1,2026-09-05,19:17,624
21,1,2026-09-05,19:17,483
22,0,2026-09-05,19:17,025
23,0,2026-09-05,19:18,009
24,1,2026-09-05,19:18,382
24,0,2026-09-05,19:18,391
24,0,2026-09-05,19:18,379
25,0,2026-09-05,19:18,030
25,-1,2026-09-05,19:18,411
25,2,2026-09-05,19:18,016
26,-1,2026-09-05,19:18,324
26,3,2026-09-05,19:18,322
27,0,2026-09-05,19:18,320
28,2,2026-09-05,19:18,027
28,2,2026-09-05,19:18,029
29,1,2026-09-05,19:18,232
29,2,2026-09-05,19:18,222
30,1,2026-09-05,19:18,036
30,2,2026-09-05,19:18,036
100,-1,2026-09-05,19:18,462
100,3,2026-09-05,19:18,512
100,2,2026-09-05,19:18,479
100,0,2026-09-05,19:18,462
101,0,2026-09-05,19:18,219
101,-1,2026-09-05,19:18,219
104,2,2026-09-05,19:18,319
105,0,2026-09-05,19:18,314
107,-1,2026-09-05,19:18,929
112,0,2026-09-05,19:18,035
112,0,2026-09-05,19:18,035
1,1,2026-09-05,21:19,001
2,-1,2026-09-05,21:19,012
4,0,2026-09-05,21:19,487
5,0,2026-09-05,21:19,378
6,1,2026-09-05,21:19,010
7,4,2026-09-05,21:19,033
14,1,2026-09-05,21:19,015
16,-1,2026-09-05,21:19,484
18,-2,2026-09-05,21:19,211
19,-1,2026-09-05,21:19,451
20,0,2026-09-05,21:19,408
21,0,2026-09-05,21:19,483
21,1,2026-09-05,21:20,624
24,0,2026-09-05,21:20,379
27,0,2026-09-05,21:20,320
100,0,2026-09-05,21:20,512
102,1,2026-09-05,21:20,927
103,2,2026-09-05,21:20,204
1,-1,2026-09-06,05:07,035
1,0,2026-09-06,05:07,034
2,0,2026-09-06,05:07,011
2,0,2026-09-06,05:07,325
3,0,2026-09-06,05:07,312
3,0,2026-09-06,05:07,389
3,-1,2026-09-06,05:07,323
4,1,2026-09-06,05:07,622
4,-1,2026-09-06,05:07,493
4,1,2026-09-06,05:07,487
5,1,2026-09-06,05:07,365
5,0,2026-09-06,05:07,391
5,1,2026-09-06,05:07,391
5,-1,2026-09-06,05:07,383
6,0,2026-09-06,05:07,930
6,-1,2026-09-06,05:07,310
7,0,2026-09-06,05:07,224
7,0,2026-09-06,05:07,216
7,-1,2026-09-06,05:07,216
7,1,2026-09-06,05:07,208
8,0,2026-09-06,05:07,049
8,1,2026-09-06,05:07,045
9,1,2026-09-06,05:07,256
9,0,2026-09-06,05:07,204
9,0,2026-09-06,05:07,032
10,-1,2026-09-06,05:07,623
10,0,2026-09-06,05:07,497
10,0,2026-09-06,05:07,497
11,0,2026-09-06,05:07,017
11,0,2026-09-06,05:07,023
12,1,2026-09-06,05:07,043
12,0,2026-09-06,05:07,007
13,0,2026-09-06,05:07,227
14,-1,2026-09-06,05:07,026
14,0,2026-09-06,05:07,406
15,-1,2026-09-06,05:07,038
15,-1,2026-09-06,05:07,215
16,0,2026-09-06,05:07,457
16,-3,2026-09-06,05:07,479
16,1,2026-09-06,05:07,482
17,-1,2026-09-06,05:07,041
17,0,2026-09-06,05:07,009
17,2,2026-09-06,05:07,319
18,-2,2026-09-06,05:07,001
18,1,2026-09-06,05:07,039
19,1,2026-09-06,05:07,021
19,0,2026-09-06,05:07,015
19,0,2026-09-06,05:07,016
20,-1,2026-09-06,05:07,020
20,0,2026-09-06,05:07,018
21,0,2026-09-06,05:07,621
21,1,2026-09-06,05:07,471
22,1,2026-09-06,05:07,028
23,0,2026-09-06,05:07,012
24,0,2026-09-06,05:07,380
24,0,2026-09-06,05:07,381
24,-2,2026-09-06,05:07,381
24,-1,2026-09-06,05:07,366
25,1,2026-09-06,05:07,025
25,-1,2026-09-06,05:07,030
26,0,2026-09-06,05:07,010
26,1,2026-09-06,05:07,047
27,1,2026-09-06,05:07,044
28,1,2026-09-06,05:07,014
28,1,2026-09-06,05:07,019
29,0,2026-09-06,05:07,228
29,0,2026-09-06,05:07,233
30,1,2026-09-06,05:07,226
30,0,2026-09-06,05:07,226
50,1,2026-09-06,05:07,013
50,0,2026-09-06,05:07,013
100,0,2026-09-06,05:07,408
100,0,2026-09-06,05:07,488
101,0,2026-09-06,05:07,207
102,0,2026-09-06,05:07,927
103,-1,2026-09-06,05:07,004
103,0,2026-09-06,05:07,213
105,1,2026-09-06,05:07,305
107,0,2026-09-06,05:07,042
109,0,2026-09-06,05:07,005
111,-1,2026-09-06,05:07,002
1,-2,2026-09-06,09:22,222
1,0,2026-09-06,09:22,034
1,0,2026-09-06,09:22,035
2,2,2026-09-06,09:22,008
2,0,2026-09-06,09:22,325
3,0,2026-09-06,09:22,323
3,-1,2026-09-06,09:22,312
3,2,2026-09-06,09:22,389
4,1,2026-09-06,09:22,493
4,0,2026-09-06,09:22,487
5,1,2026-09-06,09:22,383
5,0,2026-09-06,09:22,365
6,-1,2026-09-06,09:22,310
7,0,2026-09-06,09:22,216
7,-1,2026-09-06,09:22,208
7,-1,2026-09-06,09:22,224
8,0,2026-09-06,09:22,045
8,0,2026-09-06,09:22,049
9,1,2026-09-06,09:22,040
9,4,2026-09-06,09:22,256
9,0,2026-09-06,09:22,204
10,0,2026-09-06,09:22,623
10,0,2026-09-06,09:22,497
10,-2,2026-09-06,09:22,497
10,-1,2026-09-06,09:22,628
11,0,2026-09-06,09:22,023
11,1,2026-09-06,09:22,017
11,-1,2026-09-06,09:22,024
12,0,2026-09-06,09:22,043
12,-1,2026-09-06,09:22,007
13,0,2026-09-06,09:22,227
14,1,2026-09-06,09:22,026
14,1,2026-09-06,09:22,406
15,-2,2026-09-06,09:22,215
15,7,2026-09-06,09:22,038
16,-1,2026-09-06,09:22,486
16,-1,2026-09-06,09:22,482
16,1,2026-09-06,09:22,457
17,1,2026-09-06,09:22,041
17,1,2026-09-06,09:22,009
18,-1,2026-09-06,09:22,001
19,-1,2026-09-06,09:22,015
19,1,2026-09-06,09:22,022
20,0,2026-09-06,09:22,018
20,-1,2026-09-06,09:22,020
20,0,2026-09-06,09:22,027
21,2,2026-09-06,09:22,613
21,0,2026-09-06,09:22,465
21,-1,2026-09-06,09:22,471
21,0,2026-09-06,09:22,621
21,0,2026-09-06,09:22,613
22,2,2026-09-06,09:22,028
23,1,2026-09-06,09:22,012
24,0,2026-09-06,09:22,380
24,0,2026-09-06,09:22,381
24,-1,2026-09-06,09:22,386
24,0,2026-09-06,09:22,366
24,0,2026-09-06,09:22,380
25,0,2026-09-06,09:22,025
25,3,2026-09-06,09:22,025
25,1,2026-09-06,09:22,030
26,-1,2026-09-06,09:22,010
26,0,2026-09-06,09:22,047
26,0,2026-09-06,09:22,047
27,2,2026-09-06,09:22,044
27,-1,2026-09-06,09:22,931
28,0,2026-09-06,09:22,014
28,1,2026-09-06,09:22,019
29,1,2026-09-06,09:22,228
29,-1,2026-09-06,09:22,233
30,1,2026-09-06,09:22,226
50,-1,2026-09-06,09:22,013
50,0,2026-09-06,09:22,013
100,-1,2026-09-06,09:22,488
100,1,2026-09-06,09:22,408
100,1,2026-09-06,09:22,464
101,-1,2026-09-06,09:22,207
102,0,2026-09-06,09:22,927
103,1,2026-09-06,09:22,213
103,1,2026-09-06,09:22,004
105,3,2026-09-06,09:22,305
108,1,2026-09-06,09:22,037
112,-1,2026-09-06,09:22,033
113,1,2026-09-06,09:22,241
123,0,2026-09-06,09:22,321
1,0,2026-09-06,12:56,222
1,1,2026-09-06,12:56,036
1,-1,2026-09-06,12:56,035
2,1,2026-09-06,12:56,325
2,1,2026-09-06,12:56,008
3,0,2026-09-06,12:56,312
3,0,2026-09-06,12:56,389
4,4,2026-09-06,12:56,622
4,0,2026-09-06,12:56,487
5,1,2026-09-06,12:56,383
5,1,2026-09-06,12:56,365
5,1,2026-09-06,12:56,360
5,0,2026-09-06,12:56,383
6,0,2026-09-06,12:56,310
7,0,2026-09-06,12:56,208
7,1,2026-09-06,12:56,224
7,-1,2026-09-06,12:56,216
8,0,2026-09-06,12:56,045
8,0,2026-09-06,12:56,349
8,-1,2026-09-06,12:56,049
9,-1,2026-09-06,12:56,040
9,0,2026-09-06,12:56,032
9,4,2026-09-06,12:56,256
9,1,2026-09-06,12:56,204
10,0,2026-09-06,12:56,497
10,-1,2026-09-06,12:56,628
10,2,2026-09-06,12:56,623
10,2,2026-09-06,12:56,623
11,1,2026-09-06,12:56,023
11,-2,2026-09-06,12:56,017
11,3,2026-09-06,12:56,024
12,1,2026-09-06,12:56,007
12,0,2026-09-06,12:56,311
13,1,2026-09-06,12:56,227
14,1,2026-09-06,12:56,406
14,1,2026-09-06,12:56,026
15,2,2026-09-06,12:56,215
15,1,2026-09-06,12:56,038
16,2,2026-09-06,12:56,486
16,2,2026-09-06,12:56,482
16,-1,2026-09-06,12:56,457
16,1,2026-09-06,12:56,479
17,-1,2026-09-06,12:56,319
17,1,2026-09-06,12:56,009
18,2,2026-09-06,12:56,039
18,4,2026-09-06,12:56,001
19,1,2026-09-06,12:56,021
19,-1,2026-09-06,12:56,016
20,3,2026-09-06,12:56,020
20,3,2026-09-06,12:56,027
20,0,2026-09-06,12:56,018
21,1,2026-09-06,12:56,621
21,2,2026-09-06,12:56,465
21,-1,2026-09-06,12:56,471
23,-1,2026-09-06,12:56,012
24,2,2026-09-06,12:57,366
24,1,2026-09-06,12:57,381
24,-1,2026-09-06,12:57,386
25,0,2026-09-06,12:57,030
25,0,2026-09-06,12:57,030
25,0,2026-09-06,12:57,025
26,3,2026-09-06,12:57,010
26,-1,2026-09-06,12:57,047
27,-1,2026-09-06,12:57,931
27,0,2026-09-06,12:57,044
28,3,2026-09-06,12:57,029
28,0,2026-09-06,12:57,019
29,0,2026-09-06,12:57,228
29,0,2026-09-06,12:57,233
50,1,2026-09-06,12:57,013
50,0,2026-09-06,12:57,013
100,1,2026-09-06,12:57,464
100,3,2026-09-06,12:57,488
100,1,2026-09-06,12:57,408
105,0,2026-09-06,12:57,305
107,0,2026-09-06,12:57,042
112,0,2026-09-06,12:57,033
123,-1,2026-09-06,12:57,321
1,1,2026-09-06,15:58,035
1,-1,2026-09-06,15:58,034
1,0,2026-09-06,15:58,222
1,1,2026-09-06,15:58,036
2,3,2026-09-06,15:58,008
2,3,2026-09-06,15:58,011
3,1,2026-09-06,15:58,323
3,0,2026-09-06,15:58,312
3,3,2026-09-06,15:58,389
4,0,2026-09-06,15:58,487
4,4,2026-09-06,15:58,622
5,2,2026-09-06,15:58,391
5,0,2026-09-06,15:58,383
5,2,2026-09-06,15:58,383
5,0,2026-09-06,15:58,365
6,-1,2026-09-06,15:58,930
6,2,2026-09-06,15:58,310
7,1,2026-09-06,15:58,208
7,-1,2026-09-06,15:58,224
8,1,2026-09-06,15:58,049
8,0,2026-09-06,15:58,045
8,2,2026-09-06,15:58,349
9,2,2026-09-06,15:58,204
9,0,2026-09-06,15:58,032
10,-2,2026-09-06,15:58,628
10,0,2026-09-06,15:58,623
10,0,2026-09-06,15:58,623
11,1,2026-09-06,15:58,024
11,-1,2026-09-06,15:58,017
12,-1,2026-09-06,15:58,311
13,0,2026-09-06,15:58,227
14,1,2026-09-06,15:58,406
15,1,2026-09-06,15:58,038
16,1,2026-09-06,15:58,479
16,-1,2026-09-06,15:58,486
16,5,2026-09-06,15:58,482
16,0,2026-09-06,15:58,457
17,0,2026-09-06,15:58,041
17,2,2026-09-06,15:58,319
18,2,2026-09-06,15:58,001
18,0,2026-09-06,15:58,218
19,2,2026-09-06,15:58,016
19,-1,2026-09-06,15:58,021
19,2,2026-09-06,15:58,015
20,3,2026-09-06,15:58,018
20,-1,2026-09-06,15:58,027
21,0,2026-09-06,15:58,463
21,0,2026-09-06,15:58,471
21,1,2026-09-06,15:58,471
22,-1,2026-09-06,15:58,028
23,1,2026-09-06,15:58,012
24,1,2026-09-06,15:58,380
24,0,2026-09-06,15:58,366
25,0,2026-09-06,15:58,030
25,1,2026-09-06,15:58,025
26,4,2026-09-06,15:58,010
26,1,2026-09-06,15:58,047
27,2,2026-09-06,15:58,044
28,2,2026-09-06,15:58,019
28,2,2026-09-06,15:58,029
29,-1,2026-09-06,15:58,233
29,0,2026-09-06,15:58,228
30,0,2026-09-06,15:58,226
50,-1,2026-09-06,15:58,013
100,2,2026-09-06,15:58,464
100,1,2026-09-06,15:58,488
100,1,2026-09-06,15:58,408
101,-1,2026-09-06,15:58,005
103,1,2026-09-06,15:58,004
103,3,2026-09-06,15:58,213
104,2,2026-09-06,15:58,046
105,0,2026-09-06,15:58,305
105,2,2026-09-06,15:58,305
107,0,2026-09-06,15:58,042
111,-1,2026-09-06,15:58,002
112,0,2026-09-06,15:58,033
1,-1,2026-09-06,18:03,034
1,0,2026-09-06,18:03,222
1,1,2026-09-06,18:03,035
2,2,2026-09-06,18:03,011
3,-1,2026-09-06,18:03,312
3,1,2026-09-06,18:03,389
3,0,2026-09-06,18:03,323
4,1,2026-09-06,18:03,487
4,7,2026-09-06,18:03,622
4,3,2026-09-06,18:03,493
5,2,2026-09-06,18:03,365
5,0,2026-09-06,18:03,391
5,1,2026-09-06,18:03,391
5,0,2026-09-06,18:03,383
6,1,2026-09-06,18:03,930
7,1,2026-09-06,18:03,224
7,2,2026-09-06,18:03,208
8,0,2026-09-06,18:03,045
8,0,2026-09-06,18:03,049
9,3,2026-09-06,18:03,204
9,1,2026-09-06,18:03,032
9,-1,2026-09-06,18:03,256
10,1,2026-09-06,18:03,497
11,1,2026-09-06,18:04,023
11,0,2026-09-06,18:04,017
12,0,2026-09-06,18:04,007
12,0,2026-09-06,18:04,043
13,0,2026-09-06,18:04,227
14,2,2026-09-06,18:04,026
14,1,2026-09-06,18:04,026
15,1,2026-09-06,18:04,215
16,3,2026-09-06,18:04,482
16,0,2026-09-06,18:04,457
16,6,2026-09-06,18:04,457
16,1,2026-09-06,18:04,479
17,0,2026-09-06,18:04,041
17,2,2026-09-06,18:04,319
18,1,2026-09-06,18:04,001
18,0,2026-09-06,18:04,218
19,2,2026-09-06,18:04,021
19,2,2026-09-06,18:04,016
20,3,2026-09-06,18:04,020
20,2,2026-09-06,18:04,027
20,1,2026-09-06,18:04,018
21,1,2026-09-06,18:04,621
21,3,2026-09-06,18:04,463
21,-1,2026-09-06,18:04,471
22,0,2026-09-06,18:04,028
23,1,2026-09-06,18:04,012
24,1,2026-09-06,18:04,366
24,0,2026-09-06,18:04,380
25,1,2026-09-06,18:04,025
25,0,2026-09-06,18:04,030
26,5,2026-09-06,18:04,047
26,1,2026-09-06,18:04,010
26,1,2026-09-06,18:04,010
27,1,2026-09-06,18:04,044
27,0,2026-09-06,18:04,044
28,2,2026-09-06,18:04,019
28,1,2026-09-06,18:04,029
28,-1,2026-09-06,18:04,014
29,-1,2026-09-06,18:04,233
30,2,2026-09-06,18:04,226
100,0,2026-09-06,18:04,488
100,0,2026-09-06,18:04,464
101,2,2026-09-06,18:04,005
102,-1,2026-09-06,18:04,927
103,3,2026-09-06,18:04,004
103,0,2026-09-06,18:04,213
105,-1,2026-09-06,18:04,305
112,1,2026-09-06,18:04,033
1,1,2026-09-06,20:20,035
1,-2,2026-09-06,20:20,034
1,-1,2026-09-06,20:20,222
2,2,2026-09-06,20:20,011
2,-2,2026-09-06,20:20,325
3,-2,2026-09-06,20:20,323
3,-1,2026-09-06,20:20,312
4,0,2026-09-06,20:20,622
4,3,2026-09-06,20:20,467
5,1,2026-09-06,20:20,383
5,1,2026-09-06,20:20,391
5,0,2026-09-06,20:20,383
6,0,2026-09-06,20:20,930
7,1,2026-09-06,20:20,208
7,-1,2026-09-06,20:20,224
8,1,2026-09-06,20:20,049
8,0,2026-09-06,20:20,045
9,2,2026-09-06,20:20,032
9,1,2026-09-06,20:20,204
10,-1,2026-09-06,20:20,623
10,0,2026-09-06,20:20,623
11,0,2026-09-06,20:20,017
11,0,2026-09-06,20:20,023
12,-1,2026-09-06,20:20,007
14,1,2026-09-06,20:20,026
14,1,2026-09-06,20:20,406
15,0,2026-09-06,20:20,215
16,1,2026-09-06,20:20,479
16,2,2026-09-06,20:20,482
16,-1,2026-09-06,20:20,457
17,0,2026-09-06,20:20,009
17,-1,2026-09-06,20:20,319
17,2,2026-09-06,20:20,041
18,2,2026-09-06,20:20,001
18,3,2026-09-06,20:20,039
19,0,2026-09-06,20:20,015
19,-1,2026-09-06,20:20,016
19,1,2026-09-06,20:20,021
20,0,2026-09-06,20:20,018
20,-1,2026-09-06,20:20,027
21,-1,2026-09-06,20:20,471
21,0,2026-09-06,20:20,621
21,1,2026-09-06,20:20,621
21,0,2026-09-06,20:20,471
22,0,2026-09-06,20:20,028
23,-1,2026-09-06,20:20,012
24,-1,2026-09-06,20:20,366
24,0,2026-09-06,20:20,380
25,0,2026-09-06,20:20,030
25,1,2026-09-06,20:20,025
26,1,2026-09-06,20:20,047
27,0,2026-09-06,20:20,044
28,1,2026-09-06,20:20,029
28,0,2026-09-06,20:20,014
29,1,2026-09-06,20:20,228
29,1,2026-09-06,20:20,233
100,1,2026-09-06,20:20,464
100,0,2026-09-06,20:20,488
101,0,2026-09-06,20:20,005
1,6,2026-09-07,06:11,254
1,1,2026-09-07,06:11,238
1,-1,2026-09-07,06:11,256
1,4,2026-09-07,06:11,004
1,3,2026-09-07,06:11,253
1,-1,2026-09-07,06:11,263
2,10,2026-09-07,06:11,369
2,12,2026-09-07,06:11,043
2,2,2026-09-07,06:11,383
2,10,2026-09-07,06:11,360
2,5,2026-09-07,06:11,007
2,2,2026-09-07,06:11,384
3,3,2026-09-07,06:11,372
3,1,2026-09-07,06:11,822
3,-1,2026-09-07,06:11,374
3,5,2026-09-07,06:11,375
3,2,2026-09-07,06:11,366
3,0,2026-09-07,06:11,803
4,11,2026-09-07,06:11,485
4,7,2026-09-07,06:11,612
4,0,2026-09-07,06:11,625
4,5,2026-09-07,06:11,467
4,5,2026-09-07,06:11,460
4,1,2026-09-07,06:11,462
5,4,2026-09-07,06:11,821
5,1,2026-09-07,06:11,387
5,5,2026-09-07,06:11,807
5,0,2026-09-07,06:11,391
5,10,2026-09-07,06:11,807
5,5,2026-09-07,06:11,391
5,5,2026-09-07,06:11,362
5,1,2026-09-07,06:11,389
5,0,2026-09-07,06:11,382
5,0,2026-09-07,06:11,821
6,7,2026-09-07,06:11,047
6,-1,2026-09-07,06:11,011
6,4,2026-09-07,06:11,310
6,1,2026-09-07,06:11,042
7,2,2026-09-07,06:11,251
7,2,2026-09-07,06:11,001
7,2,2026-09-07,06:11,214
8,4,2026-09-07,06:11,349
8,2,2026-09-07,06:11,320
8,1,2026-09-07,06:11,365
8,6,2026-09-07,06:11,388
8,2,2026-09-07,06:11,318
8,0,2026-09-07,06:11,352
9,0,2026-09-07,06:11,262
9,7,2026-09-07,06:11,136
9,-1,2026-09-07,06:11,002
9,5,2026-09-07,06:11,038
9,1,2026-09-07,06:11,255
9,-1,2026-09-07,06:11,264
10,2,2026-09-07,06:11,482
10,4,2026-09-07,06:11,458
10,4,2026-09-07,06:11,613
10,4,2026-09-07,06:11,613
10,2,2026-09-07,06:11,616
10,2,2026-09-07,06:11,622
11,5,2026-09-07,06:11,479
11,-1,2026-09-07,06:11,022
11,1,2026-09-07,06:11,027
11,6,2026-09-07,06:11,027
11,9,2026-09-07,06:11,413
11,0,2026-09-07,06:11,627
11,-1,2026-09-07,06:11,026
12,3,2026-09-07,06:11,358
12,1,2026-09-07,06:11,311
12,6,2026-09-07,06:11,049
12,5,2026-09-07,06:11,376
12,0,2026-09-07,06:11,008
13,5,2026-09-07,06:11,032
13,2,2026-09-07,06:11,201
13,0,2026-09-07,06:11,222
14,5,2026-09-07,06:11,405
14,1,2026-09-07,06:11,788
14,0,2026-09-07,06:11,028
14,3,2026-09-07,06:11,028
14,3,2026-09-07,06:11,025
14,4,2026-09-07,06:11,405
15,8,2026-09-07,06:11,206
15,0,2026-09-07,06:11,225
15,5,2026-09-07,06:11,212
16,10,2026-09-07,06:11,471
16,7,2026-09-07,06:11,478
16,8,2026-09-07,06:11,619
16,2,2026-09-07,06:11,459
16,4,2026-09-07,06:11,477
16,1,2026-09-07,06:11,466
16,0,2026-09-07,06:11,652
16,2,2026-09-07,06:11,455
17,4,2026-09-07,06:11,367
17,3,2026-09-07,06:11,378
17,9,2026-09-07,06:11,012
17,6,2026-09-07,06:11,353
17,2,2026-09-07,06:11,381
18,6,2026-09-07,06:11,221
18,7,2026-09-07,06:11,033
18,3,2026-09-07,06:11,228
19,6,2026-09-07,06:11,453
19,7,2026-09-07,06:11,618
19,1,2026-09-07,06:11,470
19,0,2026-09-07,06:11,628
19,2,2026-09-07,06:11,469
19,0,2026-09-07,06:11,475
20,0,2026-09-07,06:11,015
20,1,2026-09-07,06:11,017
20,1,2026-09-07,06:11,016
20,1,2026-09-07,06:11,029
21,4,2026-09-07,06:12,480
21,2,2026-09-07,06:12,463
21,0,2026-09-07,06:12,487
21,2,2026-09-07,06:12,488
21,3,2026-09-07,06:12,493
21,-1,2026-09-07,06:12,486
21,0,2026-09-07,06:12,480
22,5,2026-09-07,06:12,414
22,4,2026-09-07,06:12,023
23,7,2026-09-07,06:12,325
23,-1,2026-09-07,06:12,010
24,1,2026-09-07,06:12,354
24,0,2026-09-07,06:12,370
24,-1,2026-09-07,06:12,350
24,1,2026-09-07,06:12,373
24,0,2026-09-07,06:12,371
24,-1,2026-09-07,06:12,355
25,1,2026-09-07,06:12,021
25,2,2026-09-07,06:12,468
25,6,2026-09-07,06:12,468
25,4,2026-09-07,06:12,024
25,4,2026-09-07,06:12,624
25,0,2026-09-07,06:12,654
26,8,2026-09-07,06:12,380
26,5,2026-09-07,06:12,368
26,11,2026-09-07,06:12,305
26,11,2026-09-07,06:12,305
26,6,2026-09-07,06:12,377
26,0,2026-09-07,06:12,380
27,4,2026-09-07,06:12,306
27,3,2026-09-07,06:12,315
27,3,2026-09-07,06:12,009
28,7,2026-09-07,06:12,510
28,0,2026-09-07,06:12,018
28,9,2026-09-07,06:12,019
28,2,2026-09-07,06:12,014
29,1,2026-09-07,06:12,215
29,1,2026-09-07,06:12,034
29,6,2026-09-07,06:12,035
29,2,2026-09-07,06:12,036
30,1,2026-09-07,06:12,217
30,-1,2026-09-07,06:12,039
50,2,2026-09-07,06:12,512
50,0,2026-09-07,06:12,406
100,2,2026-09-07,06:12,484
100,1,2026-09-07,06:12,497
100,1,2026-09-07,06:12,623
100,2,2026-09-07,06:12,464
100,-1,2026-09-07,06:12,454
101,0,2026-09-07,06:12,040
101,-1,2026-09-07,06:12,040
101,-1,2026-09-07,06:12,210
102,0,2026-09-07,06:12,324
102,-1,2026-09-07,06:12,324
103,6,2026-09-07,06:12,234
103,2,2026-09-07,06:12,259
103,2,2026-09-07,06:12,230
104,1,2026-09-07,06:12,316
104,2,2026-09-07,06:12,313
104,2,2026-09-07,06:12,321
105,6,2026-09-07,06:12,048
105,5,2026-09-07,06:12,314
105,0,2026-09-07,06:12,045
107,4,2026-09-07,06:12,322
107,9,2026-09-07,06:12,041
108,1,2026-09-07,06:12,227
109,1,2026-09-07,06:12,232
111,0,2026-09-07,06:12,224
111,5,2026-09-07,06:12,213
112,7,2026-09-07,06:12,037
112,0,2026-09-07,06:12,037
113,0,2026-09-07,06:12,229
123,-1,2026-09-07,06:12,930
142,0,2026-09-07,06:12,931
1,4,2026-09-07,12:30,253
1,-1,2026-09-07,12:30,257
1,3,2026-09-07,12:30,263
1,2,2026-09-07,12:30,238
2,4,2026-09-07,12:30,307
2,0,2026-09-07,12:30,384
2,2,2026-09-07,12:30,043
2,3,2026-09-07,12:30,383
2,-1,2026-09-07,12:30,361
3,0,2026-09-07,12:30,374
3,1,2026-09-07,12:30,375
3,-1,2026-09-07,12:30,366
3,5,2026-09-07,12:30,372
3,1,2026-09-07,12:30,822
3,-1,2026-09-07,12:30,803
4,2,2026-09-07,12:30,459
4,5,2026-09-07,12:30,483
4,4,2026-09-07,12:30,460
4,6,2026-09-07,12:30,614
4,0,2026-09-07,12:30,467
5,3,2026-09-07,12:30,391
5,0,2026-09-07,12:30,362
5,2,2026-09-07,12:30,389
5,-1,2026-09-07,12:30,821
5,-1,2026-09-07,12:30,387
5,1,2026-09-07,12:30,807
5,0,2026-09-07,12:30,391
6,1,2026-09-07,12:30,047
6,0,2026-09-07,12:30,011
7,1,2026-09-07,12:30,001
7,-1,2026-09-07,12:30,250
7,5,2026-09-07,12:30,038
7,0,2026-09-07,12:30,251
7,-1,2026-09-07,12:30,216
8,4,2026-09-07,12:30,320
8,-1,2026-09-07,12:30,365
8,0,2026-09-07,12:30,351
8,8,2026-09-07,12:30,388
8,9,2026-09-07,12:30,359
8,0,2026-09-07,12:30,318
9,4,2026-09-07,12:30,138
9,-1,2026-09-07,12:30,255
9,2,2026-09-07,12:30,264
9,2,2026-09-07,12:30,136
9,1,2026-09-07,12:30,262
10,2,2026-09-07,12:30,453
10,1,2026-09-07,12:30,616
10,3,2026-09-07,12:30,458
10,3,2026-09-07,12:30,458
10,4,2026-09-07,12:30,622
10,2,2026-09-07,12:30,613
10,-1,2026-09-07,12:30,612
11,0,2026-09-07,12:30,413
11,-1,2026-09-07,12:30,476
11,3,2026-09-07,12:30,479
11,-1,2026-09-07,12:30,022
12,1,2026-09-07,12:30,008
12,3,2026-09-07,12:30,386
12,2,2026-09-07,12:30,049
12,-1,2026-09-07,12:30,358
13,-1,2026-09-07,12:30,032
13,0,2026-09-07,12:30,222
13,-1,2026-09-07,12:30,201
14,1,2026-09-07,12:30,788
14,2,2026-09-07,12:30,028
14,1,2026-09-07,12:30,405
14,0,2026-09-07,12:30,788
15,2,2026-09-07,12:30,212
15,4,2026-09-07,12:30,206
16,1,2026-09-07,12:30,621
16,11,2026-09-07,12:30,481
16,2,2026-09-07,12:30,455
16,0,2026-09-07,12:30,466
16,2,2026-09-07,12:30,482
16,2,2026-09-07,12:30,471
16,0,2026-09-07,12:30,478
17,5,2026-09-07,12:30,353
17,3,2026-09-07,12:30,367
17,2,2026-09-07,12:30,357
17,0,2026-09-07,12:30,012
17,-1,2026-09-07,12:30,381
18,7,2026-09-07,12:30,033
18,2,2026-09-07,12:30,239
18,1,2026-09-07,12:30,221
18,-3,2026-09-07,12:30,211
19,4,2026-09-07,12:30,472
19,0,2026-09-07,12:30,618
19,0,2026-09-07,12:30,470
19,2,2026-09-07,12:30,469
19,1,2026-09-07,12:30,475
20,2,2026-09-07,12:30,016
20,0,2026-09-07,12:30,029
20,3,2026-09-07,12:30,015
20,2,2026-09-07,12:30,017
20,-1,2026-09-07,12:30,407
21,3,2026-09-07,12:30,488
21,2,2026-09-07,12:30,493
21,2,2026-09-07,12:30,486
21,-1,2026-09-07,12:30,480
21,0,2026-09-07,12:30,627
21,-1,2026-09-07,12:30,627
21,-2,2026-09-07,12:30,463
21,0,2026-09-07,12:30,487
21,0,2026-09-07,12:30,488
22,1,2026-09-07,12:30,411
23,1,2026-09-07,12:30,010
23,1,2026-09-07,12:30,325
23,0,2026-09-07,12:30,044
24,1,2026-09-07,12:30,350
24,0,2026-09-07,12:30,371
24,0,2026-09-07,12:30,355
24,1,2026-09-07,12:30,370
24,-1,2026-09-07,12:30,354
25,3,2026-09-07,12:30,021
25,-1,2026-09-07,12:30,457
25,1,2026-09-07,12:30,024
25,1,2026-09-07,12:30,654
26,4,2026-09-07,12:30,363
26,11,2026-09-07,12:30,305
26,1,2026-09-07,12:30,380
26,-1,2026-09-07,12:30,368
27,3,2026-09-07,12:30,046
27,0,2026-09-07,12:30,306
27,0,2026-09-07,12:30,009
27,1,2026-09-07,12:30,315
28,4,2026-09-07,12:30,510
28,0,2026-09-07,12:30,403
28,3,2026-09-07,12:30,019
28,-1,2026-09-07,12:30,014
29,2,2026-09-07,12:30,215
29,6,2026-09-07,12:30,035
29,2,2026-09-07,12:30,036
30,-1,2026-09-07,12:30,039
30,-1,2026-09-07,12:30,217
50,4,2026-09-07,12:30,406
50,0,2026-09-07,12:30,512
100,3,2026-09-07,12:30,464
100,2,2026-09-07,12:30,484
100,-1,2026-09-07,12:30,620
100,0,2026-09-07,12:30,473
100,1,2026-09-07,12:30,454
101,0,2026-09-07,12:30,204
101,0,2026-09-07,12:30,040
101,0,2026-09-07,12:30,040
102,1,2026-09-07,12:30,324
102,-1,2026-09-07,12:30,927
103,0,2026-09-07,12:30,226
103,-1,2026-09-07,12:30,230
104,1,2026-09-07,12:30,313
104,0,2026-09-07,12:30,321
104,2,2026-09-07,12:30,316
105,2,2026-09-07,12:30,045
105,1,2026-09-07,12:30,048
107,2,2026-09-07,12:30,041
107,3,2026-09-07,12:30,322
108,0,2026-09-07,12:30,210
108,0,2026-09-07,12:30,227
109,1,2026-09-07,12:30,232
111,3,2026-09-07,12:30,004
112,-1,2026-09-07,12:30,037
123,0,2026-09-07,12:31,930
123,0,2026-09-07,12:31,930
142,3,2026-09-07,12:31,931
1,1,2026-09-07,17:52,256
1,-1,2026-09-07,17:52,253
1,0,2026-09-07,17:52,257
1,0,2026-09-07,17:52,254
2,3,2026-09-07,17:52,043
2,1,2026-09-07,17:52,360
2,0,2026-09-07,17:52,307
3,0,2026-09-07,17:52,374
3,0,2026-09-07,17:52,375
3,4,2026-09-07,17:52,366
3,0,2026-09-07,17:52,372
3,-1,2026-09-07,17:52,822
4,2,2026-09-07,17:52,614
4,1,2026-09-07,17:52,625
4,-2,2026-09-07,17:52,462
4,2,2026-09-07,17:52,483
5,-1,2026-09-07,17:52,391
5,0,2026-09-07,17:52,389
5,0,2026-09-07,17:52,382
5,0,2026-09-07,17:52,382
5,-1,2026-09-07,17:52,821
6,-2,2026-09-07,17:52,042
7,-1,2026-09-07,17:52,251
7,0,2026-09-07,17:52,214
7,0,2026-09-07,17:52,259
7,0,2026-09-07,17:52,038
8,3,2026-09-07,17:52,349
8,2,2026-09-07,17:52,320
8,0,2026-09-07,17:52,365
8,0,2026-09-07,17:52,352
9,1,2026-09-07,17:52,002
9,2,2026-09-07,17:52,138
9,2,2026-09-07,17:52,255
9,1,2026-09-07,17:52,136
10,2,2026-09-07,17:52,458
10,4,2026-09-07,17:52,622
10,4,2026-09-07,17:52,622
10,-1,2026-09-07,17:52,613
11,5,2026-09-07,17:52,479
11,0,2026-09-07,17:52,027
12,0,2026-09-07,17:52,386
12,1,2026-09-07,17:52,376
12,-1,2026-09-07,17:52,008
13,0,2026-09-07,17:52,032
13,0,2026-09-07,17:52,032
13,0,2026-09-07,17:52,222
14,2,2026-09-07,17:52,788
14,1,2026-09-07,17:52,025
15,-3,2026-09-07,17:52,225
15,1,2026-09-07,17:52,206
16,0,2026-09-07,17:52,478
16,3,2026-09-07,17:52,621
16,1,2026-09-07,17:52,481
16,3,2026-09-07,17:52,466
16,0,2026-09-07,17:52,652
16,1,2026-09-07,17:52,471
17,3,2026-09-07,17:52,820
17,5,2026-09-07,17:52,353
17,0,2026-09-07,17:52,367
18,3,2026-09-07,17:52,221
18,1,2026-09-07,17:52,228
19,-1,2026-09-07,17:52,469
19,0,2026-09-07,17:52,475
19,-1,2026-09-07,17:52,618
19,0,2026-09-07,17:52,470
20,3,2026-09-07,17:52,016
20,0,2026-09-07,17:52,029
20,0,2026-09-07,17:52,013
20,2,2026-09-07,17:52,017
21,1,2026-09-07,17:52,488
21,0,2026-09-07,17:52,493
21,2,2026-09-07,17:52,480
21,0,2026-09-07,17:52,487
21,0,2026-09-07,17:52,488
23,2,2026-09-07,17:52,044
23,-1,2026-09-07,17:52,010
23,0,2026-09-07,17:52,325
24,0,2026-09-07,17:52,373
24,-1,2026-09-07,17:52,371
24,-1,2026-09-07,17:52,355
24,0,2026-09-07,17:52,370
25,1,2026-09-07,17:52,024
25,0,2026-09-07,17:52,477
25,0,2026-09-07,17:52,477
25,-1,2026-09-07,17:52,021
26,1,2026-09-07,17:52,368
26,9,2026-09-07,17:52,305
26,-1,2026-09-07,17:52,380
27,-1,2026-09-07,17:52,009
28,1,2026-09-07,17:52,014
28,0,2026-09-07,17:52,030
29,2,2026-09-07,17:52,035
29,-2,2026-09-07,17:52,215
30,-2,2026-09-07,17:52,039
50,0,2026-09-07,17:52,406
50,0,2026-09-07,17:52,512
100,0,2026-09-07,17:52,484
100,0,2026-09-07,17:52,473
100,-1,2026-09-07,17:53,623
100,0,2026-09-07,17:53,484
101,3,2026-09-07,17:53,033
103,1,2026-09-07,17:53,230
103,0,2026-09-07,17:53,234
103,1,2026-09-07,17:53,226
104,0,2026-09-07,17:53,321
105,0,2026-09-07,17:53,045
105,1,2026-09-07,17:53,045
107,-1,2026-09-07,17:53,322
108,1,2026-09-07,17:53,227
111,2,2026-09-07,17:53,004
111,0,2026-09-07,17:53,004
112,0,2026-09-07,17:53,037
112,1,2026-09-07,17:53,037
123,-1,2026-09-07,17:53,930
132,1,2026-09-07,17:53,312
142,3,2026-09-07,17:53,931
1,-1,2026-09-07,20:49,257
1,0,2026-09-07,20:49,253
2,0,2026-09-07,20:49,383
2,0,2026-09-07,20:49,307
3,0,2026-09-07,20:49,822
4,-1,2026-09-07,20:49,462
4,1,2026-09-07,20:49,483
4,0,2026-09-07,20:49,614
4,-1,2026-09-07,20:49,625
5,0,2026-09-07,20:49,389
5,0,2026-09-07,20:49,821
5,-1,2026-09-07,20:49,821
5,-1,2026-09-07,20:49,391
6,-3,2026-09-07,20:49,042
7,1,2026-09-07,20:49,251
7,0,2026-09-07,20:49,259
8,1,2026-09-07,20:49,359
8,1,2026-09-07,20:49,349
8,2,2026-09-07,20:49,320
9,3,2026-09-07,20:49,138
9,-1,2026-09-07,20:49,255
10,0,2026-09-07,20:49,613
10,0,2026-09-07,20:49,458
11,0,2026-09-07,20:49,027
11,-1,2026-09-07,20:49,026
12,2,2026-09-07,20:49,386
12,0,2026-09-07,20:49,049
12,-1,2026-09-07,20:49,008
14,-1,2026-09-07,20:49,788
14,0,2026-09-07,20:49,025
14,0,2026-09-07,20:49,788
15,0,2026-09-07,20:49,206
15,0,2026-09-07,20:49,212
16,1,2026-09-07,20:49,478
16,0,2026-09-07,20:49,481
17,0,2026-09-07,20:49,378
18,-1,2026-09-07,20:49,211
18,0,2026-09-07,20:49,228
18,-1,2026-09-07,20:49,218
19,0,2026-09-07,20:49,470
19,-1,2026-09-07,20:49,618
20,1,2026-09-07,20:49,029
20,0,2026-09-07,20:49,013
21,0,2026-09-07,20:49,480
21,-1,2026-09-07,20:49,493
22,0,2026-09-07,20:49,411
23,-1,2026-09-07,20:49,010
23,-1,2026-09-07,20:49,044
24,0,2026-09-07,20:49,355
24,0,2026-09-07,20:49,370
24,2,2026-09-07,20:49,370
24,-1,2026-09-07,20:49,373
25,0,2026-09-07,20:49,024
25,1,2026-09-07,20:49,477
26,-1,2026-09-07,20:49,305
28,-1,2026-09-07,20:49,510
29,0,2026-09-07,20:49,215
29,-1,2026-09-07,20:49,035
100,0,2026-09-07,20:50,473
100,-1,2026-09-07,20:50,623
101,0,2026-09-07,20:50,033
102,0,2026-09-07,20:50,312
102,0,2026-09-07,20:50,312
103,0,2026-09-07,20:50,226
104,0,2026-09-07,20:50,313
105,2,2026-09-07,20:50,045
108,0,2026-09-07,20:50,227
109,0,2026-09-07,20:50,234
111,0,2026-09-07,20:50,004
1,2,2026-09-08,05:54,255
1,2,2026-09-08,05:54,233
1,6,2026-09-08,05:54,259
1,3,2026-09-08,05:54,263
1,4,2026-09-08,05:54,208
1,-1,2026-09-08,05:54,253
2,4,2026-09-08,05:54,361
2,4,2026-09-08,05:54,381
2,6,2026-09-08,05:54,306
2,8,2026-09-08,05:54,391
2,2,2026-09-08,05:54,389
2,3,2026-09-08,05:54,011
3,0,2026-09-08,05:54,354
3,6,2026-09-08,05:54,378
3,1,2026-09-08,05:54,352
3,8,2026-09-08,05:54,352
3,0,2026-09-08,05:54,368
3,4,2026-09-08,05:54,380
3,-1,2026-09-08,05:54,388
4,4,2026-09-08,05:54,612
4,2,2026-09-08,05:54,621
4,0,2026-09-08,05:54,480
4,4,2026-09-08,05:54,454
4,5,2026-09-08,05:54,497
4,6,2026-09-08,05:54,460
5,4,2026-09-08,05:54,362
5,3,2026-09-08,05:54,374
5,3,2026-09-08,05:54,366
5,-1,2026-09-08,05:54,822
5,1,2026-09-08,05:54,359
5,6,2026-09-08,05:54,359
5,3,2026-09-08,05:54,372
5,0,2026-09-08,05:54,386
5,0,2026-09-08,05:54,362
6,4,2026-09-08,05:54,045
6,3,2026-09-08,05:54,046
6,3,2026-09-08,05:54,311
6,2,2026-09-08,05:54,322
7,5,2026-09-08,05:54,250
7,-1,2026-09-08,05:54,262
7,8,2026-09-08,05:54,005
7,1,2026-09-08,05:54,235
8,1,2026-09-08,05:54,821
8,5,2026-09-08,05:54,367
8,1,2026-09-08,05:54,012
8,5,2026-09-08,05:54,351
8,5,2026-09-08,05:54,383
8,1,2026-09-08,05:54,318
9,6,2026-09-08,05:54,251
9,9,2026-09-08,05:54,264
9,5,2026-09-08,05:54,138
9,-1,2026-09-08,05:54,265
9,4,2026-09-08,05:54,260
9,2,2026-09-08,05:54,002
9,2,2026-09-08,05:54,251
10,4,2026-09-08,05:54,470
10,7,2026-09-08,05:54,486
10,6,2026-09-08,05:54,474
10,7,2026-09-08,05:54,486
10,6,2026-09-08,05:54,474
10,4,2026-09-08,05:54,614
10,3,2026-09-08,05:54,459
11,0,2026-09-08,05:54,026
11,4,2026-09-08,05:54,461
11,-1,2026-09-08,05:54,414
11,5,2026-09-08,05:54,029
11,1,2026-09-08,05:54,020
11,0,2026-09-08,05:54,472
12,-1,2026-09-08,05:54,358
12,1,2026-09-08,05:54,314
12,5,2026-09-08,05:54,323
12,0,2026-09-08,05:54,369
13,5,2026-09-08,05:54,221
13,6,2026-09-08,05:54,238
13,-1,2026-09-08,05:54,201
14,8,2026-09-08,05:54,028
14,5,2026-09-08,05:54,405
14,3,2026-09-08,05:54,409
14,7,2026-09-08,05:54,028
15,8,2026-09-08,05:54,213
15,11,2026-09-08,05:54,239
15,3,2026-09-08,05:54,216
16,11,2026-09-08,05:54,618
16,3,2026-09-08,05:54,455
16,4,2026-09-08,05:54,484
16,5,2026-09-08,05:54,622
16,0,2026-09-08,05:54,613
16,2,2026-09-08,05:54,652
16,4,2026-09-08,05:54,471
16,3,2026-09-08,05:54,488
16,3,2026-09-08,05:54,465
17,5,2026-09-08,05:54,806
17,4,2026-09-08,05:54,387
17,0,2026-09-08,05:54,371
17,4,2026-09-08,05:54,320
17,2,2026-09-08,05:54,360
18,1,2026-09-08,05:54,206
18,3,2026-09-08,05:54,229
18,4,2026-09-08,05:54,210
19,2,2026-09-08,05:54,457
19,4,2026-09-08,05:54,453
19,1,2026-09-08,05:54,469
19,5,2026-09-08,05:54,481
19,2,2026-09-08,05:54,616
19,1,2026-09-08,05:54,458
20,0,2026-09-08,05:54,018
20,0,2026-09-08,05:54,015
20,7,2026-09-08,05:54,510
20,1,2026-09-08,05:54,407
20,2,2026-09-08,05:54,021
21,4,2026-09-08,05:54,623
21,3,2026-09-08,05:54,473
21,1,2026-09-08,05:54,475
21,0,2026-09-08,05:54,479
21,0,2026-09-08,05:54,462
21,3,2026-09-08,05:54,462
21,0,2026-09-08,05:54,620
21,0,2026-09-08,05:54,623
22,8,2026-09-08,05:55,788
22,1,2026-09-08,05:55,412
22,4,2026-09-08,05:55,024
23,3,2026-09-08,05:55,010
23,7,2026-09-08,05:55,324
24,1,2026-09-08,05:55,382
24,-1,2026-09-08,05:55,365
24,-1,2026-09-08,05:55,349
24,3,2026-09-08,05:55,350
24,1,2026-09-08,05:55,355
24,0,2026-09-08,05:55,382
25,6,2026-09-08,05:55,654
25,2,2026-09-08,05:55,013
25,6,2026-09-08,05:55,468
25,2,2026-09-08,05:55,023
25,-1,2026-09-08,05:55,619
26,-1,2026-09-08,05:55,363
26,4,2026-09-08,05:55,376
26,1,2026-09-08,05:55,042
26,0,2026-09-08,05:55,384
27,2,2026-09-08,05:55,007
27,1,2026-09-08,05:55,008
27,3,2026-09-08,05:55,048
27,2,2026-09-08,05:55,325
28,9,2026-09-08,05:55,403
28,4,2026-09-08,05:55,017
28,4,2026-09-08,05:55,014
28,3,2026-09-08,05:55,016
29,3,2026-09-08,05:55,209
29,6,2026-09-08,05:55,222
29,2,2026-09-08,05:55,214
30,0,2026-09-08,05:55,038
30,1,2026-09-08,05:55,038
50,3,2026-09-08,05:55,027
50,-1,2026-09-08,05:55,019
50,0,2026-09-08,05:55,027
100,1,2026-09-08,05:55,487
100,4,2026-09-08,05:55,482
100,1,2026-09-08,05:55,463
100,0,2026-09-08,05:55,476
100,3,2026-09-08,05:55,476
100,2,2026-09-08,05:55,627
100,1,2026-09-08,05:55,493
100,0,2026-09-08,05:55,487
101,4,2026-09-08,05:55,039
101,2,2026-09-08,05:55,037
102,0,2026-09-08,05:55,312
103,4,2026-09-08,05:55,225
103,2,2026-09-08,05:55,033
104,2,2026-09-08,05:55,309
104,0,2026-09-08,05:55,315
104,0,2026-09-08,05:55,310
105,7,2026-09-08,05:55,009
105,3,2026-09-08,05:55,307
105,5,2026-09-08,05:55,307
105,2,2026-09-08,05:55,049
107,0,2026-09-08,05:55,316
107,6,2026-09-08,05:55,041
108,0,2026-09-08,05:55,217
109,3,2026-09-08,05:55,036
109,0,2026-09-08,05:55,036
111,0,2026-09-08,05:55,040
111,0,2026-09-08,05:55,220
112,1,2026-09-08,05:55,234
122,6,2026-09-08,05:55,044
123,5,2026-09-08,05:55,931
1,2,2026-09-08,10:18,233
1,3,2026-09-08,10:18,259
1,0,2026-09-08,10:18,255
1,3,2026-09-08,10:18,263
1,1,2026-09-08,10:18,253
1,1,2026-09-08,10:18,254
2,4,2026-09-08,10:18,353
2,1,2026-09-08,10:18,381
2,5,2026-09-08,10:18,391
2,-1,2026-09-08,10:18,389
3,0,2026-09-08,10:18,368
3,1,2026-09-08,10:18,380
3,1,2026-09-08,10:18,388
3,2,2026-09-08,10:18,378
4,2,2026-09-08,10:19,612
4,2,2026-09-08,10:19,621
4,1,2026-09-08,10:19,454
4,2,2026-09-08,10:19,497
5,2,2026-09-08,10:19,366
5,2,2026-09-08,10:19,822
5,0,2026-09-08,10:19,372
5,3,2026-09-08,10:19,372
5,-1,2026-09-08,10:19,386
5,-1,2026-09-08,10:19,362
6,0,2026-09-08,10:19,045
6,0,2026-09-08,10:19,046
6,-1,2026-09-08,10:19,311
7,3,2026-09-08,10:19,005
7,1,2026-09-08,10:19,235
7,4,2026-09-08,10:19,035
7,6,2026-09-08,10:19,261
8,6,2026-09-08,10:19,012
8,0,2026-09-08,10:19,373
8,4,2026-09-08,10:19,383
8,1,2026-09-08,10:19,821
9,2,2026-09-08,10:19,265
9,1,2026-09-08,10:19,232
9,-1,2026-09-08,10:19,260
9,2,2026-09-08,10:19,251
9,2,2026-09-08,10:19,264
9,0,2026-09-08,10:19,138
10,-1,2026-09-08,10:19,466
10,4,2026-09-08,10:19,470
10,4,2026-09-08,10:19,470
10,4,2026-09-08,10:19,459
10,1,2026-09-08,10:19,474
11,0,2026-09-08,10:19,029
11,0,2026-09-08,10:19,020
11,1,2026-09-08,10:19,026
11,0,2026-09-08,10:19,461
12,0,2026-09-08,10:19,369
12,1,2026-09-08,10:19,370
13,2,2026-09-08,10:19,221
13,0,2026-09-08,10:19,238
14,4,2026-09-08,10:19,028
14,-1,2026-09-08,10:19,030
14,0,2026-09-08,10:19,409
15,8,2026-09-08,10:19,239
15,2,2026-09-08,10:19,213
16,4,2026-09-08,10:19,613
16,4,2026-09-08,10:19,471
16,2,2026-09-08,10:19,488
16,1,2026-09-08,10:19,465
16,2,2026-09-08,10:19,618
16,3,2026-09-08,10:19,484
17,4,2026-09-08,10:19,387
17,1,2026-09-08,10:19,375
17,1,2026-09-08,10:19,320
18,2,2026-09-08,10:19,230
18,1,2026-09-08,10:19,206
18,1,2026-09-08,10:19,228
19,-1,2026-09-08,10:19,457
19,0,2026-09-08,10:19,469
19,1,2026-09-08,10:19,616
19,4,2026-09-08,10:19,458
20,4,2026-09-08,10:19,510
20,2,2026-09-08,10:19,021
20,5,2026-09-08,10:19,789
20,1,2026-09-08,10:19,018
20,2,2026-09-08,10:19,015
21,0,2026-09-08,10:19,475
21,0,2026-09-08,10:19,479
21,3,2026-09-08,10:19,478
21,3,2026-09-08,10:19,623
21,-1,2026-09-08,10:19,473
21,0,2026-09-08,10:19,475
22,0,2026-09-08,10:19,024
22,0,2026-09-08,10:19,412
23,4,2026-09-08,10:19,047
23,0,2026-09-08,10:19,010
23,5,2026-09-08,10:19,324
24,0,2026-09-08,10:19,820
24,-1,2026-09-08,10:19,349
24,2,2026-09-08,10:19,382
24,0,2026-09-08,10:19,820
25,2,2026-09-08,10:19,619
25,2,2026-09-08,10:19,013
25,2,2026-09-08,10:19,468
26,0,2026-09-08,10:19,363
26,3,2026-09-08,10:19,376
26,3,2026-09-08,10:19,376
26,1,2026-09-08,10:19,042
27,1,2026-09-08,10:19,048
28,1,2026-09-08,10:19,017
28,0,2026-09-08,10:19,014
28,-1,2026-09-08,10:19,016
28,1,2026-09-08,10:19,025
29,0,2026-09-08,10:19,004
29,0,2026-09-08,10:19,222
30,0,2026-09-08,10:19,031
50,-1,2026-09-08,10:19,019
50,1,2026-09-08,10:19,027
100,1,2026-09-08,10:19,627
100,3,2026-09-08,10:19,493
100,1,2026-09-08,10:19,463
100,-1,2026-09-08,10:19,476
101,2,2026-09-08,10:19,037
103,-2,2026-09-08,10:19,033
103,2,2026-09-08,10:19,225
104,0,2026-09-08,10:19,310
105,2,2026-09-08,10:19,009
105,2,2026-09-08,10:19,049
107,0,2026-09-08,10:19,041
107,0,2026-09-08,10:19,316
108,2,2026-09-08,10:19,217
109,1,2026-09-08,10:19,036
109,3,2026-09-08,10:19,036
111,1,2026-09-08,10:19,040
113,3,2026-09-08,10:19,212
123,0,2026-09-08,10:19,931
1,14,2026-09-08,14:38,259
1,3,2026-09-08,14:38,253
1,1,2026-09-08,14:38,263
1,9,2026-09-08,14:38,254
1,21,2026-09-08,14:38,233
1,9,2026-09-08,14:38,255
2,17,2026-09-08,14:38,389
2,3,2026-09-08,14:38,011
2,2,2026-09-08,14:38,353
2,1,2026-09-08,14:38,306
2,10,2026-09-08,14:38,391
2,-1,2026-09-08,14:38,361
3,4,2026-09-08,14:38,380
3,3,2026-09-08,14:38,388
3,-1,2026-09-08,14:38,378
3,3,2026-09-08,14:38,352
3,-1,2026-09-08,14:38,354
3,1,2026-09-08,14:38,368
4,10,2026-09-08,14:38,477
4,5,2026-09-08,14:38,652
4,5,2026-09-08,14:38,612
4,-1,2026-09-08,14:38,460
4,3,2026-09-08,14:38,483
4,11,2026-09-08,14:38,454
5,6,2026-09-08,14:38,822
5,3,2026-09-08,14:38,385
5,1,2026-09-08,14:38,372
5,0,2026-09-08,14:38,386
5,2,2026-09-08,14:38,362
5,0,2026-09-08,14:38,374
5,0,2026-09-08,14:38,366
6,6,2026-09-08,14:38,046
6,0,2026-09-08,14:38,322
6,1,2026-09-08,14:38,311
6,1,2026-09-08,14:38,045
7,0,2026-09-08,14:38,035
7,5,2026-09-08,14:38,261
7,6,2026-09-08,14:38,002
7,6,2026-09-08,14:38,262
7,-1,2026-09-08,14:38,005
8,1,2026-09-08,14:38,373
8,1,2026-09-08,14:38,351
8,-1,2026-09-08,14:38,383
8,1,2026-09-08,14:38,821
8,-1,2026-09-08,14:38,318
8,2,2026-09-08,14:38,367
9,9,2026-09-08,14:38,260
9,2,2026-09-08,14:38,251
9,2,2026-09-08,14:38,264
9,9,2026-09-08,14:38,265
9,11,2026-09-08,14:38,250
9,0,2026-09-08,14:38,232
10,2,2026-09-08,14:38,474
10,0,2026-09-08,14:38,466
10,0,2026-09-08,14:38,629
10,-2,2026-09-08,14:38,629
10,3,2026-09-08,14:38,614
10,-1,2026-09-08,14:38,470
11,0,2026-09-08,14:38,625
11,0,2026-09-08,14:38,026
11,2,2026-09-08,14:38,461
11,0,2026-09-08,14:38,029
11,-1,2026-09-08,14:38,020
12,1,2026-09-08,14:38,323
12,2,2026-09-08,14:38,369
12,1,2026-09-08,14:38,043
13,1,2026-09-08,14:38,221
13,1,2026-09-08,14:38,201
13,14,2026-09-08,14:38,238
14,1,2026-09-08,14:38,405
14,0,2026-09-08,14:38,030
14,3,2026-09-08,14:38,409
14,5,2026-09-08,14:38,028
15,5,2026-09-08,14:38,216
15,6,2026-09-08,14:38,239
16,4,2026-09-08,14:38,488
16,2,2026-09-08,14:38,455
16,0,2026-09-08,14:38,465
16,6,2026-09-08,14:38,618
16,6,2026-09-08,14:38,484
16,4,2026-09-08,14:38,622
16,3,2026-09-08,14:38,613
16,0,2026-09-08,14:38,471
17,3,2026-09-08,14:38,360
17,-1,2026-09-08,14:38,387
17,2,2026-09-08,14:38,375
17,6,2026-09-08,14:38,806
18,6,2026-09-08,14:38,001
18,1,2026-09-08,14:38,230
18,2,2026-09-08,14:38,229
19,3,2026-09-08,14:38,457
19,3,2026-09-08,14:38,469
19,1,2026-09-08,14:38,481
19,1,2026-09-08,14:38,458
19,1,2026-09-08,14:38,467
20,6,2026-09-08,14:38,789
20,0,2026-09-08,14:38,018
20,4,2026-09-08,14:38,510
20,5,2026-09-08,14:38,407
20,1,2026-09-08,14:38,021
21,2,2026-09-08,14:38,479
21,2,2026-09-08,14:38,462
21,0,2026-09-08,14:38,478
21,0,2026-09-08,14:38,623
21,4,2026-09-08,14:38,623
21,3,2026-09-08,14:38,473
21,1,2026-09-08,14:38,628
21,0,2026-09-08,14:38,620
21,0,2026-09-08,14:38,479
22,10,2026-09-08,14:38,024
22,3,2026-09-08,14:38,412
23,3,2026-09-08,14:38,047
23,0,2026-09-08,14:38,010
23,-1,2026-09-08,14:38,324
24,4,2026-09-08,14:38,349
24,-1,2026-09-08,14:38,377
24,3,2026-09-08,14:38,350
24,0,2026-09-08,14:38,382
24,-1,2026-09-08,14:38,820
25,4,2026-09-08,14:38,468
25,7,2026-09-08,14:38,023
25,4,2026-09-08,14:38,654
25,8,2026-09-08,14:38,654
25,6,2026-09-08,14:38,619
26,10,2026-09-08,14:38,357
26,1,2026-09-08,14:38,376
26,12,2026-09-08,14:38,384
26,-1,2026-09-08,14:38,042
27,1,2026-09-08,14:38,007
27,-1,2026-09-08,14:38,325
27,6,2026-09-08,14:38,048
27,-1,2026-09-08,14:38,307
28,7,2026-09-08,14:38,017
28,2,2026-09-08,14:38,403
28,0,2026-09-08,14:38,014
28,8,2026-09-08,14:38,016
28,11,2026-09-08,14:38,025
29,3,2026-09-08,14:38,004
29,-1,2026-09-08,14:38,222
29,1,2026-09-08,14:38,214
30,0,2026-09-08,14:38,038
30,2,2026-09-08,14:38,038
50,2,2026-09-08,14:38,019
50,2,2026-09-08,14:38,027
50,7,2026-09-08,14:38,027
50,0,2026-09-08,14:38,019
100,3,2026-09-08,14:38,476
100,1,2026-09-08,14:38,627
100,7,2026-09-08,14:38,493
100,3,2026-09-08,14:38,487
100,0,2026-09-08,14:38,463
101,10,2026-09-08,14:38,037
101,0,2026-09-08,14:38,204
102,-1,2026-09-08,14:38,313
103,8,2026-09-08,14:38,220
103,1,2026-09-08,14:38,256
103,-1,2026-09-08,14:38,225
104,2,2026-09-08,14:38,309
105,8,2026-09-08,14:38,009
105,3,2026-09-08,14:38,049
107,2,2026-09-08,14:38,041
108,2,2026-09-08,14:38,217
109,2,2026-09-08,14:38,036
111,7,2026-09-08,14:38,040
111,0,2026-09-08,14:38,034
112,4,2026-09-08,14:38,234
113,-1,2026-09-08,14:38,227
123,1,2026-09-08,14:38,931
132,0,2026-09-08,14:38,312
1,2,2026-09-08,18:04,253
1,1,2026-09-08,18:04,263
1,1,2026-09-08,18:04,255
2,3,2026-09-08,18:04,306
2,1,2026-09-08,18:04,389
2,0,2026-09-08,18:04,011
3,3,2026-09-08,18:04,380
3,-1,2026-09-08,18:04,388
3,1,2026-09-08,18:04,378
3,1,2026-09-08,18:04,352
4,2,2026-09-08,18:04,454
4,2,2026-09-08,18:04,483
4,1,2026-09-08,18:04,497
4,2,2026-09-08,18:04,612
4,0,2026-09-08,18:04,621
5,1,2026-09-08,18:04,362
5,0,2026-09-08,18:04,374
5,1,2026-09-08,18:04,374
5,0,2026-09-08,18:04,366
6,-1,2026-09-08,18:04,045
7,4,2026-09-08,18:04,262
7,1,2026-09-08,18:04,035
7,0,2026-09-08,18:04,261
7,0,2026-09-08,18:04,002
8,1,2026-09-08,18:04,367
8,0,2026-09-08,18:04,012
8,-1,2026-09-08,18:04,383
8,1,2026-09-08,18:04,821
9,2,2026-09-08,18:04,232
9,3,2026-09-08,18:04,260
9,3,2026-09-08,18:04,265
9,0,2026-09-08,18:04,232
10,2,2026-09-08,18:04,466
10,0,2026-09-08,18:04,625
10,0,2026-09-08,18:04,625
10,-1,2026-09-08,18:04,474
11,2,2026-09-08,18:04,020
11,-1,2026-09-08,18:04,026
11,-1,2026-09-08,18:04,461
11,0,2026-09-08,18:04,029
12,1,2026-09-08,18:04,370
12,3,2026-09-08,18:04,369
12,0,2026-09-08,18:04,043
13,1,2026-09-08,18:04,238
13,1,2026-09-08,18:04,221
14,2,2026-09-08,18:04,030
14,1,2026-09-08,18:04,022
14,2,2026-09-08,18:04,028
14,1,2026-09-08,18:04,030
15,0,2026-09-08,18:04,216
15,3,2026-09-08,18:04,213
15,0,2026-09-08,18:04,239
16,1,2026-09-08,18:04,471
16,2,2026-09-08,18:04,488
16,2,2026-09-08,18:04,618
16,-2,2026-09-08,18:04,484
17,1,2026-09-08,18:04,375
17,1,2026-09-08,18:04,320
17,-1,2026-09-08,18:04,360
17,-1,2026-09-08,18:04,387
18,1,2026-09-08,18:04,229
18,1,2026-09-08,18:04,001
19,-1,2026-09-08,18:04,458
19,-1,2026-09-08,18:04,467
19,-1,2026-09-08,18:04,469
19,0,2026-09-08,18:04,481
19,-1,2026-09-08,18:04,616
20,-1,2026-09-08,18:04,789
20,-1,2026-09-08,18:04,018
20,0,2026-09-08,18:04,510
21,2,2026-09-08,18:04,623
21,-1,2026-09-08,18:04,462
21,-1,2026-09-08,18:04,478
22,-1,2026-09-08,18:04,024
23,1,2026-09-08,18:04,324
23,-2,2026-09-08,18:04,010
24,0,2026-09-08,18:04,382
24,2,2026-09-08,18:04,349
25,6,2026-09-08,18:04,023
25,0,2026-09-08,18:04,619
25,1,2026-09-08,18:04,013
26,0,2026-09-08,18:04,376
26,0,2026-09-08,18:04,042
26,-2,2026-09-08,18:04,042
26,0,2026-09-08,18:04,357
27,0,2026-09-08,18:04,007
28,1,2026-09-08,18:04,025
28,-1,2026-09-08,18:04,014
29,1,2026-09-08,18:04,214
29,0,2026-09-08,18:04,004
30,0,2026-09-08,18:04,031
30,0,2026-09-08,18:04,031
50,0,2026-09-08,18:04,027
50,1,2026-09-08,18:04,019
100,0,2026-09-08,18:04,627
100,2,2026-09-08,18:04,493
100,1,2026-09-08,18:04,463
101,-1,2026-09-08,18:04,039
101,0,2026-09-08,18:04,039
103,0,2026-09-08,18:04,033
103,0,2026-09-08,18:04,220
104,0,2026-09-08,18:04,309
104,1,2026-09-08,18:04,309
104,2,2026-09-08,18:04,310
105,2,2026-09-08,18:04,049
107,3,2026-09-08,18:04,316
108,0,2026-09-08,18:04,217
111,1,2026-09-08,18:04,034
123,0,2026-09-08,18:04,931
123,1,2026-09-08,18:04,931
132,1,2026-09-08,18:04,313
1,1,2026-09-08,21:04,253
4,-1,2026-09-08,21:04,612
4,0,2026-09-08,21:04,483
5,0,2026-09-08,21:04,366
5,-1,2026-09-08,21:04,372
5,-1,2026-09-08,21:04,362
6,0,2026-09-08,21:04,045
7,0,2026-09-08,21:04,262
7,1,2026-09-08,21:04,261
8,0,2026-09-08,21:04,367
8,-1,2026-09-08,21:04,012
9,2,2026-09-08,21:04,251
10,0,2026-09-08,21:04,625
10,-1,2026-09-08,21:04,474
11,-1,2026-09-08,21:04,026
12,0,2026-09-08,21:04,370
12,0,2026-09-08,21:04,043
14,0,2026-09-08,21:04,028
14,1,2026-09-08,21:04,030
16,0,2026-09-08,21:04,622
16,-1,2026-09-08,21:04,488
16,0,2026-09-08,21:04,618
17,0,2026-09-08,21:04,387
17,-1,2026-09-08,21:04,371
17,-1,2026-09-08,21:04,320
18,0,2026-09-08,21:04,001
19,0,2026-09-08,21:04,469
20,-1,2026-09-08,21:04,789
20,0,2026-09-08,21:04,018
21,0,2026-09-08,21:04,462
21,0,2026-09-08,21:04,623
22,-2,2026-09-08,21:04,788
24,0,2026-09-08,21:04,820
24,0,2026-09-08,21:04,349
27,-1,2026-09-08,21:04,048
100,0,2026-09-08,21:04,627
101,1,2026-09-08,21:04,039
101,0,2026-09-08,21:04,039
102,1,2026-09-08,21:04,313
103,-1,2026-09-08,21:04,220
104,0,2026-09-08,21:04,310
105,0,2026-09-08,21:04,049
108,-2,2026-09-08,21:04,217
111,-2,2026-09-08,21:04,034
1,5,2026-09-09,06:03,264
1,4,2026-09-09,06:03,209
1,5,2026-09-09,06:03,265
1,6,2026-09-09,06:03,034
1,2,2026-09-09,06:03,136
2,6,2026-09-09,06:03,354
2,4,2026-09-09,06:03,042
2,2,2026-09-09,06:03,374
2,2,2026-09-09,06:03,007
3,4,2026-09-09,06:03,362
3,5,2026-09-09,06:03,377
3,8,2026-09-09,06:03,385
3,5,2026-09-09,06:03,360
3,1,2026-09-09,06:03,366
4,5,2026-09-09,06:03,452
4,10,2026-09-09,06:03,464
4,5,2026-09-09,06:03,497
4,3,2026-09-09,06:03,470
4,4,2026-09-09,06:03,476
4,3,2026-09-09,06:03,460
4,1,2026-09-09,06:03,480
5,8,2026-09-09,06:03,372
5,1,2026-09-09,06:03,382
5,6,2026-09-09,06:03,391
5,3,2026-09-09,06:03,381
5,3,2026-09-09,06:03,375
5,8,2026-09-09,06:03,375
5,9,2026-09-09,06:03,367
5,2,2026-09-09,06:03,820
5,3,2026-09-09,06:03,372
5,0,2026-09-09,06:03,382
6,5,2026-09-09,06:03,044
6,0,2026-09-09,06:03,323
7,2,2026-09-09,06:03,260
7,0,2026-09-09,06:03,259
7,6,2026-09-09,06:03,002
7,1,2026-09-09,06:03,208
7,1,2026-09-09,06:03,004
8,4,2026-09-09,06:03,376
8,7,2026-09-09,06:03,320
8,1,2026-09-09,06:03,384
8,7,2026-09-09,06:03,351
8,6,2026-09-09,06:03,368
8,0,2026-09-09,06:03,318
8,-1,2026-09-09,06:03,371
9,5,2026-09-09,06:03,251
9,5,2026-09-09,06:03,262
9,2,2026-09-09,06:03,250
9,9,2026-09-09,06:03,253
9,3,2026-09-09,06:03,212
9,1,2026-09-09,06:03,255
10,4,2026-09-09,06:03,484
10,6,2026-09-09,06:03,486
10,1,2026-09-09,06:03,479
10,1,2026-09-09,06:03,479
10,5,2026-09-09,06:03,629
10,2,2026-09-09,06:03,459
10,-1,2026-09-09,06:03,477
11,2,2026-09-09,06:03,410
11,4,2026-09-09,06:03,465
11,2,2026-09-09,06:03,017
11,5,2026-09-09,06:03,025
11,2,2026-09-09,06:03,023
11,1,2026-09-09,06:03,492
12,4,2026-09-09,06:03,358
12,4,2026-09-09,06:03,045
12,2,2026-09-09,06:03,349
12,0,2026-09-09,06:03,048
13,1,2026-09-09,06:03,221
13,12,2026-09-09,06:03,040
13,1,2026-09-09,06:03,201
13,0,2026-09-09,06:03,221
14,2,2026-09-09,06:03,405
14,2,2026-09-09,06:03,014
14,1,2026-09-09,06:03,026
14,3,2026-09-09,06:03,406
15,6,2026-09-09,06:03,214
15,3,2026-09-09,06:03,226
16,6,2026-09-09,06:03,468
16,6,2026-09-09,06:03,652
16,8,2026-09-09,06:03,469
16,2,2026-09-09,06:03,481
16,0,2026-09-09,06:03,493
16,4,2026-09-09,06:03,620
16,4,2026-09-09,06:03,473
16,7,2026-09-09,06:03,622
16,1,2026-09-09,06:03,457
17,4,2026-09-09,06:03,388
17,7,2026-09-09,06:03,311
17,4,2026-09-09,06:03,365
18,7,2026-09-09,06:03,036
18,5,2026-09-09,06:03,038
18,3,2026-09-09,06:03,213
18,4,2026-09-09,06:03,235
19,5,2026-09-09,06:03,621
19,3,2026-09-09,06:03,453
19,6,2026-09-09,06:03,458
19,8,2026-09-09,06:03,466
19,5,2026-09-09,06:03,478
19,2,2026-09-09,06:03,471
20,2,2026-09-09,06:03,508
20,1,2026-09-09,06:03,024
20,-1,2026-09-09,06:03,413
20,6,2026-09-09,06:03,408
20,0,2026-09-09,06:03,016
20,1,2026-09-09,06:03,030
21,8,2026-09-09,06:03,485
21,5,2026-09-09,06:03,462
21,1,2026-09-09,06:03,627
21,1,2026-09-09,06:03,619
21,0,2026-09-09,06:03,498
21,1,2026-09-09,06:03,498
21,3,2026-09-09,06:03,488
21,2,2026-09-09,06:03,485
21,0,2026-09-09,06:03,462
22,0,2026-09-09,06:03,411
22,2,2026-09-09,06:03,512
23,5,2026-09-09,06:03,049
23,3,2026-09-09,06:03,046
24,2,2026-09-09,06:03,369
24,0,2026-09-09,06:03,378
24,0,2026-09-09,06:03,350
24,1,2026-09-09,06:03,363
24,-1,2026-09-09,06:03,822
25,10,2026-09-09,06:03,654
25,3,2026-09-09,06:03,019
25,0,2026-09-09,06:03,455
25,4,2026-09-09,06:03,455
25,3,2026-09-09,06:03,507
25,0,2026-09-09,06:03,472
26,4,2026-09-09,06:03,387
26,4,2026-09-09,06:03,380
26,7,2026-09-09,06:03,047
26,2,2026-09-09,06:03,370
27,2,2026-09-09,06:04,011
27,-1,2026-09-09,06:04,010
27,1,2026-09-09,06:04,310
27,0,2026-09-09,06:04,043
28,7,2026-09-09,06:04,403
28,4,2026-09-09,06:04,021
28,-1,2026-09-09,06:04,020
28,10,2026-09-09,06:04,022
28,5,2026-09-09,06:04,013
28,0,2026-09-09,06:04,028
29,6,2026-09-09,06:04,224
29,3,2026-09-09,06:04,031
29,7,2026-09-09,06:04,238
29,2,2026-09-09,06:04,229
30,3,2026-09-09,06:04,227
30,4,2026-09-09,06:04,227
50,1,2026-09-09,06:04,015
50,2,2026-09-09,06:04,027
100,-2,2026-09-09,06:04,454
100,5,2026-09-09,06:04,487
100,0,2026-09-09,06:04,482
100,6,2026-09-09,06:04,623
100,3,2026-09-09,06:04,483
100,1,2026-09-09,06:04,474
101,4,2026-09-09,06:04,202
101,-1,2026-09-09,06:04,222
101,0,2026-09-09,06:04,202
102,0,2026-09-09,06:04,312
103,3,2026-09-09,06:04,216
104,2,2026-09-09,06:04,324
104,-1,2026-09-09,06:04,309
104,0,2026-09-09,06:04,313
105,6,2026-09-09,06:04,322
105,2,2026-09-09,06:04,315
105,2,2026-09-09,06:04,041
107,3,2026-09-09,06:04,316
107,2,2026-09-09,06:04,008
108,1,2026-09-09,06:04,228
111,2,2026-09-09,06:04,035
111,0,2026-09-09,06:04,237
112,3,2026-09-09,06:04,233
122,2,2026-09-09,06:04,321
123,0,2026-09-09,06:04,929
1,3,2026-09-09,11:12,265
1,2,2026-09-09,11:12,256
1,5,2026-09-09,11:12,209
1,2,2026-09-09,11:12,263
1,2,2026-09-09,11:12,264
2,3,2026-09-09,11:12,042
2,0,2026-09-09,11:12,355
2,0,2026-09-09,11:12,007
3,1,2026-09-09,11:12,366
3,3,2026-09-09,11:12,362
3,0,2026-09-09,11:12,377
3,2,2026-09-09,11:12,385
3,-1,2026-09-09,11:12,360
4,2,2026-09-09,11:12,625
4,1,2026-09-09,11:12,470
4,1,2026-09-09,11:12,452
4,4,2026-09-09,11:12,460
5,2,2026-09-09,11:12,820
5,2,2026-09-09,11:12,372
5,0,2026-09-09,11:12,382
5,0,2026-09-09,11:12,391
5,2,2026-09-09,11:12,391
5,1,2026-09-09,11:12,381
5,-1,2026-09-09,11:12,367
6,4,2026-09-09,11:12,044
6,0,2026-09-09,11:12,012
6,5,2026-09-09,11:12,305
7,3,2026-09-09,11:12,004
7,2,2026-09-09,11:12,260
7,0,2026-09-09,11:12,259
7,2,2026-09-09,11:12,002
7,0,2026-09-09,11:12,217
8,0,2026-09-09,11:12,368
8,1,2026-09-09,11:12,371
8,-1,2026-09-09,11:12,351
8,4,2026-09-09,11:12,352
8,2,2026-09-09,11:12,320
8,2,2026-09-09,11:12,384
9,2,2026-09-09,11:12,254
9,0,2026-09-09,11:12,251
9,2,2026-09-09,11:12,262
9,3,2026-09-09,11:12,006
9,0,2026-09-09,11:12,253
10,1,2026-09-09,11:12,479
10,-1,2026-09-09,11:12,453
10,4,2026-09-09,11:12,629
10,2,2026-09-09,11:12,477
10,2,2026-09-09,11:12,477
10,1,2026-09-09,11:12,484
10,1,2026-09-09,11:12,497
11,0,2026-09-09,11:12,410
11,1,2026-09-09,11:12,465
11,1,2026-09-09,11:12,025
11,1,2026-09-09,11:12,023
12,1,2026-09-09,11:12,373
12,1,2026-09-09,11:12,349
13,5,2026-09-09,11:12,220
13,0,2026-09-09,11:12,221
14,1,2026-09-09,11:12,026
14,-1,2026-09-09,11:12,406
14,2,2026-09-09,11:12,014
15,1,2026-09-09,11:12,214
15,2,2026-09-09,11:12,039
15,0,2026-09-09,11:12,226
16,6,2026-09-09,11:12,622
16,-1,2026-09-09,11:12,457
16,2,2026-09-09,11:12,486
16,3,2026-09-09,11:12,481
16,1,2026-09-09,11:12,620
16,-1,2026-09-09,11:12,473
17,0,2026-09-09,11:12,386
17,-1,2026-09-09,11:12,311
17,1,2026-09-09,11:12,365
17,3,2026-09-09,11:12,376
18,1,2026-09-09,11:12,038
18,1,2026-09-09,11:12,218
18,-1,2026-09-09,11:12,235
18,0,2026-09-09,11:12,213
18,1,2026-09-09,11:12,033
19,1,2026-09-09,11:12,466
19,5,2026-09-09,11:12,478
19,7,2026-09-09,11:12,471
19,0,2026-09-09,11:12,621
19,3,2026-09-09,11:12,498
19,0,2026-09-09,11:12,458
20,1,2026-09-09,11:12,508
20,0,2026-09-09,11:12,024
20,5,2026-09-09,11:12,413
20,1,2026-09-09,11:12,408
20,1,2026-09-09,11:12,016
21,1,2026-09-09,11:12,485
21,2,2026-09-09,11:12,462
21,-1,2026-09-09,11:12,627
21,1,2026-09-09,11:12,619
21,2,2026-09-09,11:12,467
22,0,2026-09-09,11:12,788
22,0,2026-09-09,11:12,411
23,-1,2026-09-09,11:12,046
23,2,2026-09-09,11:12,009
24,2,2026-09-09,11:12,822
24,1,2026-09-09,11:12,383
24,-1,2026-09-09,11:12,378
24,2,2026-09-09,11:12,369
24,-1,2026-09-09,11:12,363
25,2,2026-09-09,11:12,455
25,0,2026-09-09,11:12,507
25,3,2026-09-09,11:12,507
25,1,2026-09-09,11:12,472
26,3,2026-09-09,11:12,047
26,4,2026-09-09,11:12,387
26,0,2026-09-09,11:12,380
27,-1,2026-09-09,11:12,043
27,2,2026-09-09,11:12,306
27,0,2026-09-09,11:12,010
28,1,2026-09-09,11:12,013
28,0,2026-09-09,11:12,021
29,-1,2026-09-09,11:12,238
29,0,2026-09-09,11:12,031
30,1,2026-09-09,11:12,005
30,2,2026-09-09,11:12,005
50,0,2026-09-09,11:12,027
50,1,2026-09-09,11:12,015
100,0,2026-09-09,11:12,487
100,2,2026-09-09,11:12,482
100,3,2026-09-09,11:12,483
100,0,2026-09-09,11:12,474
101,1,2026-09-09,11:12,204
101,0,2026-09-09,11:12,222
101,-1,2026-09-09,11:12,222
103,4,2026-09-09,11:12,232
103,0,2026-09-09,11:12,216
104,-2,2026-09-09,11:12,309
105,2,2026-09-09,11:12,041
105,0,2026-09-09,11:12,322
105,0,2026-09-09,11:12,322
107,-1,2026-09-09,11:12,316
107,-1,2026-09-09,11:12,008
108,2,2026-09-09,11:13,228
109,-1,2026-09-09,11:13,230
111,1,2026-09-09,11:13,035
112,4,2026-09-09,11:13,233
112,0,2026-09-09,11:13,233
132,0,2026-09-09,11:13,321
142,0,2026-09-09,11:13,930
1,1,2026-09-09,15:06,265
1,1,2026-09-09,15:06,256
1,20,2026-09-09,15:06,209
1,15,2026-09-09,15:06,264
1,5,2026-09-09,15:06,263
1,1,2026-09-09,15:06,136
2,0,2026-09-09,15:06,389
2,1,2026-09-09,15:06,354
2,10,2026-09-09,15:06,355
2,0,2026-09-09,15:06,361
2,0,2026-09-09,15:06,374
3,2,2026-09-09,15:06,362
3,1,2026-09-09,15:06,377
3,0,2026-09-09,15:06,385
3,0,2026-09-09,15:06,360
4,9,2026-09-09,15:06,452
4,0,2026-09-09,15:06,460
4,3,2026-09-09,15:06,464
4,-1,2026-09-09,15:06,476
4,1,2026-09-09,15:06,480
5,1,2026-09-09,15:06,821
5,0,2026-09-09,15:06,820
5,0,2026-09-09,15:06,372
5,1,2026-09-09,15:06,391
5,4,2026-09-09,15:06,381
5,0,2026-09-09,15:06,375
5,0,2026-09-09,15:06,821
6,-1,2026-09-09,15:06,323
6,-1,2026-09-09,15:06,012
6,11,2026-09-09,15:06,305
6,2,2026-09-09,15:06,044
7,-1,2026-09-09,15:06,260
7,0,2026-09-09,15:06,034
7,1,2026-09-09,15:06,002
7,1,2026-09-09,15:06,217
7,0,2026-09-09,15:06,004
8,0,2026-09-09,15:06,368
8,1,2026-09-09,15:06,371
8,6,2026-09-09,15:06,352
8,0,2026-09-09,15:06,320
8,0,2026-09-09,15:06,384
9,3,2026-09-09,15:06,254
9,2,2026-09-09,15:06,251
9,1,2026-09-09,15:06,250
9,-2,2026-09-09,15:06,006
9,9,2026-09-09,15:06,253
10,-1,2026-09-09,15:06,497
10,0,2026-09-09,15:06,629
10,3,2026-09-09,15:06,484
10,3,2026-09-09,15:07,484
10,-1,2026-09-09,15:07,479
11,-2,2026-09-09,15:07,465
11,0,2026-09-09,15:07,017
11,1,2026-09-09,15:07,023
11,0,2026-09-09,15:07,499
11,-1,2026-09-09,15:07,410
12,4,2026-09-09,15:07,045
12,1,2026-09-09,15:07,048
12,0,2026-09-09,15:07,314
12,-1,2026-09-09,15:07,373
13,1,2026-09-09,15:07,201
13,7,2026-09-09,15:07,220
13,-1,2026-09-09,15:07,221
14,2,2026-09-09,15:07,014
14,0,2026-09-09,15:07,026
14,4,2026-09-09,15:07,406
14,4,2026-09-09,15:07,405
14,1,2026-09-09,15:07,014
15,4,2026-09-09,15:07,226
15,2,2026-09-09,15:07,214
15,10,2026-09-09,15:07,039
15,1,2026-09-09,15:07,226
16,-1,2026-09-09,15:07,457
16,0,2026-09-09,15:07,486
16,-1,2026-09-09,15:07,652
16,0,2026-09-09,15:07,469
16,11,2026-09-09,15:07,469
16,3,2026-09-09,15:07,481
16,-1,2026-09-09,15:07,620
16,0,2026-09-09,15:07,473
16,1,2026-09-09,15:07,624
17,-1,2026-09-09,15:07,376
17,3,2026-09-09,15:07,806
17,-1,2026-09-09,15:07,311
17,0,2026-09-09,15:07,365
18,10,2026-09-09,15:07,033
18,1,2026-09-09,15:07,036
18,1,2026-09-09,15:07,218
19,1,2026-09-09,15:07,463
19,0,2026-09-09,15:07,466
19,1,2026-09-09,15:07,471
19,3,2026-09-09,15:07,621
20,2,2026-09-09,15:07,508
20,1,2026-09-09,15:07,024
20,1,2026-09-09,15:07,413
20,0,2026-09-09,15:07,016
20,2,2026-09-09,15:07,030
21,1,2026-09-09,15:07,488
21,0,2026-09-09,15:07,485
21,-1,2026-09-09,15:07,462
21,1,2026-09-09,15:07,492
21,0,2026-09-09,15:07,619
21,0,2026-09-09,15:07,467
21,0,2026-09-09,15:07,488
22,6,2026-09-09,15:07,788
23,1,2026-09-09,15:07,049
23,0,2026-09-09,15:07,009
24,0,2026-09-09,15:07,363
24,0,2026-09-09,15:07,350
24,-1,2026-09-09,15:07,822
24,2,2026-09-09,15:07,383
25,4,2026-09-09,15:07,654
25,3,2026-09-09,15:07,472
25,1,2026-09-09,15:07,019
25,1,2026-09-09,15:07,455
26,0,2026-09-09,15:07,380
26,10,2026-09-09,15:07,370
26,1,2026-09-09,15:07,047
26,1,2026-09-09,15:07,047
26,1,2026-09-09,15:07,387
27,-1,2026-09-09,15:07,310
27,1,2026-09-09,15:07,010
27,-1,2026-09-09,15:07,306
27,1,2026-09-09,15:07,043
28,-1,2026-09-09,15:07,022
28,0,2026-09-09,15:07,013
28,3,2026-09-09,15:07,020
28,0,2026-09-09,15:07,021
29,2,2026-09-09,15:07,031
29,2,2026-09-09,15:07,001
29,3,2026-09-09,15:07,229
29,2,2026-09-09,15:07,224
30,2,2026-09-09,15:07,227
30,0,2026-09-09,15:07,005
50,-1,2026-09-09,15:07,027
50,0,2026-09-09,15:07,015
100,1,2026-09-09,15:07,623
100,-1,2026-09-09,15:07,454
100,3,2026-09-09,15:07,474
100,4,2026-09-09,15:07,487
100,4,2026-09-09,15:07,482
100,0,2026-09-09,15:07,623
101,1,2026-09-09,15:07,222
103,0,2026-09-09,15:07,257
103,0,2026-09-09,15:07,232
103,2,2026-09-09,15:07,216
105,4,2026-09-09,15:07,041
105,3,2026-09-09,15:07,322
107,3,2026-09-09,15:07,316
107,1,2026-09-09,15:07,008
108,3,2026-09-09,15:07,228
109,1,2026-09-09,15:07,230
111,10,2026-09-09,15:07,035
111,0,2026-09-09,15:07,035
112,12,2026-09-09,15:07,233
112,0,2026-09-09,15:07,233
113,1,2026-09-09,15:07,239
122,0,2026-09-09,15:07,312
123,1,2026-09-09,15:07,931
132,1,2026-09-09,15:07,312
1,0,2026-09-09,18:31,136
1,1,2026-09-09,18:31,265
1,-1,2026-09-09,18:31,263
2,2,2026-09-09,18:31,355
2,-1,2026-09-09,18:31,007
2,0,2026-09-09,18:31,389
3,1,2026-09-09,18:31,366
3,1,2026-09-09,18:31,362
3,1,2026-09-09,18:31,377
3,0,2026-09-09,18:31,375
3,-1,2026-09-09,18:31,360
4,1,2026-09-09,18:31,476
4,0,2026-09-09,18:31,480
4,-2,2026-09-09,18:31,464
4,1,2026-09-09,18:31,470
5,1,2026-09-09,18:31,382
5,1,2026-09-09,18:31,391
5,1,2026-09-09,18:31,821
5,-1,2026-09-09,18:31,372
6,2,2026-09-09,18:31,305
7,0,2026-09-09,18:31,260
7,1,2026-09-09,18:31,259
8,-1,2026-09-09,18:31,320
8,2,2026-09-09,18:31,384
8,3,2026-09-09,18:31,371
8,1,2026-09-09,18:31,352
9,1,2026-09-09,18:31,256
9,0,2026-09-09,18:31,250
9,1,2026-09-09,18:31,006
10,0,2026-09-09,18:31,629
10,2,2026-09-09,18:31,479
11,1,2026-09-09,18:31,410
11,-2,2026-09-09,18:31,025
11,0,2026-09-09,18:31,023
12,2,2026-09-09,18:31,048
12,-1,2026-09-09,18:31,373
13,0,2026-09-09,18:31,220
13,0,2026-09-09,18:31,221
13,3,2026-09-09,18:31,221
14,2,2026-09-09,18:31,026
14,-1,2026-09-09,18:31,406
14,0,2026-09-09,18:31,014
14,1,2026-09-09,18:31,026
15,0,2026-09-09,18:31,226
15,2,2026-09-09,18:31,039
16,-1,2026-09-09,18:31,473
16,2,2026-09-09,18:31,622
16,0,2026-09-09,18:31,457
16,2,2026-09-09,18:31,469
16,0,2026-09-09,18:31,620
17,0,2026-09-09,18:31,311
17,0,2026-09-09,18:31,365
17,-1,2026-09-09,18:31,376
18,4,2026-09-09,18:31,218
18,0,2026-09-09,18:31,036
19,2,2026-09-09,18:31,471
19,1,2026-09-09,18:31,458
19,3,2026-09-09,18:31,466
19,1,2026-09-09,18:31,478
20,1,2026-09-09,18:31,508
20,0,2026-09-09,18:31,030
20,0,2026-09-09,18:31,508
21,5,2026-09-09,18:31,627
21,-1,2026-09-09,18:31,467
21,1,2026-09-09,18:31,488
21,2,2026-09-09,18:31,485
21,0,2026-09-09,18:31,627
22,3,2026-09-09,18:31,411
22,1,2026-09-09,18:31,788
23,0,2026-09-09,18:31,009
23,0,2026-09-09,18:31,049
23,1,2026-09-09,18:31,046
24,1,2026-09-09,18:31,383
24,1,2026-09-09,18:31,363
24,0,2026-09-09,18:31,383
25,11,2026-09-09,18:31,482
25,-1,2026-09-09,18:31,019
25,1,2026-09-09,18:31,507
26,3,2026-09-09,18:31,047
26,2,2026-09-09,18:31,381
26,2,2026-09-09,18:31,381
26,-1,2026-09-09,18:31,380
27,0,2026-09-09,18:31,010
27,1,2026-09-09,18:31,043
28,1,2026-09-09,18:31,021
28,0,2026-09-09,18:31,013
29,0,2026-09-09,18:31,229
29,2,2026-09-09,18:31,238
30,0,2026-09-09,18:31,005
30,0,2026-09-09,18:31,005
50,-1,2026-09-09,18:31,015
100,3,2026-09-09,18:31,483
100,1,2026-09-09,18:31,487
100,3,2026-09-09,18:31,623
101,0,2026-09-09,18:31,037
101,1,2026-09-09,18:31,037
103,7,2026-09-09,18:31,216
103,2,2026-09-09,18:31,225
103,0,2026-09-09,18:31,232
104,2,2026-09-09,18:31,313
104,2,2026-09-09,18:31,309
107,-1,2026-09-09,18:31,316
111,2,2026-09-09,18:32,241
112,0,2026-09-09,18:32,233
123,2,2026-09-09,18:32,931
132,0,2026-09-09,18:32,319
1,4,2026-09-10,05:50,138
1,3,2026-09-10,05:50,262
1,2,2026-09-10,05:50,213
1,6,2026-09-10,05:50,250
1,7,2026-09-10,05:50,253
1,5,2026-09-10,05:50,235
2,8,2026-09-10,05:50,354
2,4,2026-09-10,05:50,370
2,2,2026-09-10,05:50,043
2,4,2026-09-10,05:50,822
2,2,2026-09-10,05:50,010
2,7,2026-09-10,05:50,378
3,1,2026-09-10,05:50,355
3,3,2026-09-10,05:50,377
3,9,2026-09-10,05:50,820
3,4,2026-09-10,05:50,373
3,3,2026-09-10,05:50,384
4,4,2026-09-10,05:50,462
4,8,2026-09-10,05:50,476
4,-1,2026-09-10,05:50,652
4,6,2026-09-10,05:50,618
4,4,2026-09-10,05:50,480
4,2,2026-09-10,05:50,460
5,6,2026-09-10,05:50,388
5,3,2026-09-10,05:50,391
5,4,2026-09-10,05:50,358
5,4,2026-09-10,05:50,366
5,1,2026-09-10,05:50,376
5,9,2026-09-10,05:50,366
5,6,2026-09-10,05:50,376
5,8,2026-09-10,05:50,807
5,2,2026-09-10,05:50,368
5,1,2026-09-10,05:50,388
5,0,2026-09-10,05:50,391
6,6,2026-09-10,05:50,325
6,0,2026-09-10,05:50,009
6,6,2026-09-10,05:50,012
6,2,2026-09-10,05:50,316
7,3,2026-09-10,05:50,001
7,3,2026-09-10,05:50,264
7,7,2026-09-10,05:50,033
7,1,2026-09-10,05:50,035
8,2,2026-09-10,05:50,371
8,6,2026-09-10,05:50,383
8,3,2026-09-10,05:50,323
8,9,2026-09-10,05:50,362
8,6,2026-09-10,05:50,351
8,0,2026-09-10,05:50,318
9,3,2026-09-10,05:50,260
9,3,2026-09-10,05:50,265
9,1,2026-09-10,05:50,254
9,8,2026-09-10,05:51,220
9,2,2026-09-10,05:51,261
9,1,2026-09-10,05:51,002
10,5,2026-09-10,05:51,470
10,2,2026-09-10,05:51,623
10,2,2026-09-10,05:51,487
10,2,2026-09-10,05:51,487
10,4,2026-09-10,05:51,473
10,2,2026-09-10,05:51,497
10,0,2026-09-10,05:51,463
11,6,2026-09-10,05:51,478
11,0,2026-09-10,05:51,026
11,4,2026-09-10,05:51,620
11,3,2026-09-10,05:51,019
11,6,2026-09-10,05:51,027
11,2,2026-09-10,05:51,024
12,1,2026-09-10,05:51,382
12,6,2026-09-10,05:51,314
12,4,2026-09-10,05:51,011
12,1,2026-09-10,05:51,381
13,3,2026-09-10,05:51,224
13,6,2026-09-10,05:51,217
13,0,2026-09-10,05:51,206
14,5,2026-09-10,05:51,015
14,4,2026-09-10,05:51,405
14,0,2026-09-10,05:51,411
14,3,2026-09-10,05:51,411
14,1,2026-09-10,05:51,509
14,4,2026-09-10,05:51,015
15,5,2026-09-10,05:51,211
15,15,2026-09-10,05:51,222
15,2,2026-09-10,05:51,038
16,6,2026-09-10,05:51,486
16,7,2026-09-10,05:51,455
16,5,2026-09-10,05:51,467
16,3,2026-09-10,05:51,629
16,-1,2026-09-10,05:51,464
16,5,2026-09-10,05:51,482
16,9,2026-09-10,05:51,468
16,5,2026-09-10,05:51,484
16,1,2026-09-10,05:51,499
17,6,2026-09-10,05:51,806
17,2,2026-09-10,05:51,353
17,0,2026-09-10,05:51,385
17,6,2026-09-10,05:51,041
17,2,2026-09-10,05:51,821
18,5,2026-09-10,05:51,039
18,2,2026-09-10,05:51,241
18,1,2026-09-10,05:51,215
18,4,2026-09-10,05:51,234
19,3,2026-09-10,05:51,465
19,9,2026-09-10,05:51,466
19,3,2026-09-10,05:51,453
19,-1,2026-09-10,05:51,614
19,2,2026-09-10,05:51,498
19,4,2026-09-10,05:51,477
19,1,2026-09-10,05:51,483
20,3,2026-09-10,05:51,020
20,0,2026-09-10,05:51,029
20,7,2026-09-10,05:51,408
20,3,2026-09-10,05:51,028
20,1,2026-09-10,05:51,016
21,4,2026-09-10,05:51,471
21,0,2026-09-10,05:51,469
21,2,2026-09-10,05:51,627
21,0,2026-09-10,05:51,458
21,3,2026-09-10,05:51,458
21,4,2026-09-10,05:51,621
21,5,2026-09-10,05:51,452
21,-1,2026-09-10,05:51,479
21,0,2026-09-10,05:51,471
22,9,2026-09-10,05:51,414
22,1,2026-09-10,05:51,022
23,5,2026-09-10,05:51,320
23,10,2026-09-10,05:51,045
23,6,2026-09-10,05:51,322
24,2,2026-09-10,05:51,386
24,-1,2026-09-10,05:51,361
24,0,2026-09-10,05:51,389
24,1,2026-09-10,05:51,350
24,0,2026-09-10,05:51,349
24,0,2026-09-10,05:51,386
25,7,2026-09-10,05:51,654
25,0,2026-09-10,05:51,510
25,6,2026-09-10,05:51,619
25,0,2026-09-10,05:51,013
26,8,2026-09-10,05:51,372
26,9,2026-09-10,05:51,375
26,6,2026-09-10,05:51,352
26,6,2026-09-10,05:51,352
26,5,2026-09-10,05:51,305
26,0,2026-09-10,05:51,372
27,2,2026-09-10,05:51,042
27,5,2026-09-10,05:51,047
27,1,2026-09-10,05:51,008
28,6,2026-09-10,05:51,507
28,2,2026-09-10,05:51,018
28,10,2026-09-10,05:51,021
28,2,2026-09-10,05:51,023
29,0,2026-09-10,05:51,036
29,2,2026-09-10,05:51,005
29,4,2026-09-10,05:51,040
30,1,2026-09-10,05:51,037
30,2,2026-09-10,05:51,037
50,1,2026-09-10,05:51,025
50,-1,2026-09-10,05:51,512
50,0,2026-09-10,05:51,025
100,8,2026-09-10,05:51,622
100,3,2026-09-10,05:51,454
100,2,2026-09-10,05:51,474
100,3,2026-09-10,05:51,492
100,1,2026-09-10,05:51,485
101,3,2026-09-10,05:51,237
101,1,2026-09-10,05:51,202
102,1,2026-09-10,05:51,311
103,5,2026-09-10,05:51,225
103,2,2026-09-10,05:51,218
104,1,2026-09-10,05:51,321
104,0,2026-09-10,05:51,319
105,6,2026-09-10,05:51,049
105,3,2026-09-10,05:51,315
105,-1,2026-09-10,05:51,324
107,0,2026-09-10,05:51,048
107,5,2026-09-10,05:51,312
108,-1,2026-09-10,05:51,229
109,2,2026-09-10,05:51,230
109,0,2026-09-10,05:51,230
111,-1,2026-09-10,05:51,226
111,1,2026-09-10,05:51,228
112,-1,2026-09-10,05:51,239
122,3,2026-09-10,05:51,313
123,4,2026-09-10,05:51,929
1,0,2026-09-10,10:04,213
1,2,2026-09-10,10:04,250
1,-1,2026-09-10,10:04,253
1,-1,2026-09-10,10:04,262
1,0,2026-09-10,10:04,259
2,-1,2026-09-10,10:04,387
2,1,2026-09-10,10:04,043
2,1,2026-09-10,10:04,378
3,3,2026-09-10,10:04,820
3,1,2026-09-10,10:04,373
3,2,2026-09-10,10:04,384
3,1,2026-09-10,10:04,374
4,2,2026-09-10,10:04,616
4,1,2026-09-10,10:04,462
4,2,2026-09-10,10:04,618
4,2,2026-09-10,10:04,480
5,3,2026-09-10,10:04,391
5,0,2026-09-10,10:04,358
5,1,2026-09-10,10:04,366
5,0,2026-09-10,10:04,376
5,0,2026-09-10,10:04,376
5,-1,2026-09-10,10:04,368
5,-1,2026-09-10,10:04,388
6,2,2026-09-10,10:04,012
6,0,2026-09-10,10:04,325
6,-1,2026-09-10,10:04,009
7,0,2026-09-10,10:04,256
7,-1,2026-09-10,10:04,033
7,3,2026-09-10,10:04,001
7,1,2026-09-10,10:04,264
8,1,2026-09-10,10:04,383
8,2,2026-09-10,10:04,323
8,2,2026-09-10,10:04,390
8,0,2026-09-10,10:04,371
9,3,2026-09-10,10:04,136
9,3,2026-09-10,10:04,220
9,2,2026-09-10,10:04,260
9,2,2026-09-10,10:04,265
10,3,2026-09-10,10:04,497
10,0,2026-09-10,10:04,493
10,3,2026-09-10,10:05,623
11,2,2026-09-10,10:05,478
11,1,2026-09-10,10:05,027
11,7,2026-09-10,10:05,024
11,2,2026-09-10,10:05,026
12,-1,2026-09-10,10:05,381
12,6,2026-09-10,10:05,044
12,1,2026-09-10,10:05,360
13,1,2026-09-10,10:05,224
13,3,2026-09-10,10:05,217
14,2,2026-09-10,10:05,015
14,0,2026-09-10,10:05,509
15,-1,2026-09-10,10:05,211
15,3,2026-09-10,10:05,222
15,1,2026-09-10,10:05,038
15,0,2026-09-10,10:05,211
16,1,2026-09-10,10:05,629
16,3,2026-09-10,10:05,464
16,1,2026-09-10,10:05,488
16,5,2026-09-10,10:05,484
16,2,2026-09-10,10:05,499
16,1,2026-09-10,10:05,486
17,4,2026-09-10,10:05,821
17,0,2026-09-10,10:05,353
17,3,2026-09-10,10:05,357
18,2,2026-09-10,10:05,032
18,1,2026-09-10,10:05,241
18,2,2026-09-10,10:05,227
19,1,2026-09-10,10:05,465
19,5,2026-09-10,10:05,466
19,2,2026-09-10,10:05,463
19,4,2026-09-10,10:05,477
19,1,2026-09-10,10:05,483
20,0,2026-09-10,10:05,408
20,-1,2026-09-10,10:05,789
20,2,2026-09-10,10:05,020
21,0,2026-09-10,10:05,469
21,0,2026-09-10,10:05,627
21,-1,2026-09-10,10:05,458
21,2,2026-09-10,10:05,621
21,2,2026-09-10,10:05,479
21,0,2026-09-10,10:05,469
22,1,2026-09-10,10:05,022
22,-1,2026-09-10,10:05,030
23,2,2026-09-10,10:05,320
23,1,2026-09-10,10:05,322
24,1,2026-09-10,10:05,369
24,1,2026-09-10,10:05,349
24,-1,2026-09-10,10:05,386
25,1,2026-09-10,10:05,013
25,0,2026-09-10,10:05,510
26,9,2026-09-10,10:05,375
26,2,2026-09-10,10:05,352
26,-1,2026-09-10,10:05,305
27,0,2026-09-10,10:05,042
27,1,2026-09-10,10:05,047
28,0,2026-09-10,10:05,018
28,2,2026-09-10,10:05,023
29,1,2026-09-10,10:05,005
29,1,2026-09-10,10:05,040
30,-1,2026-09-10,10:05,006
50,1,2026-09-10,10:05,025
50,0,2026-09-10,10:05,025
100,1,2026-09-10,10:05,492
100,-1,2026-09-10,10:05,451
100,0,2026-09-10,10:05,457
100,-1,2026-09-10,10:05,474
101,2,2026-09-10,10:05,202
102,-2,2026-09-10,10:05,313
103,3,2026-09-10,10:05,218
103,2,2026-09-10,10:05,225
104,0,2026-09-10,10:05,046
105,2,2026-09-10,10:05,049
107,-1,2026-09-10,10:05,048
108,4,2026-09-10,10:05,229
109,0,2026-09-10,10:05,230
109,1,2026-09-10,10:05,230
111,0,2026-09-10,10:05,226
113,-1,2026-09-10,10:05,221
123,-1,2026-09-10,10:05,929
1,10,2026-09-10,14:19,262
1,4,2026-09-10,14:19,250
1,2,2026-09-10,14:19,259
1,2,2026-09-10,14:19,138
1,4,2026-09-10,14:19,213
2,6,2026-09-10,14:19,822
2,4,2026-09-10,14:19,010
2,16,2026-09-10,14:19,387
2,8,2026-09-10,14:19,370
2,1,2026-09-10,14:19,043
3,2,2026-09-10,14:19,373
3,1,2026-09-10,14:19,384
3,0,2026-09-10,14:19,374
3,4,2026-09-10,14:19,377
3,3,2026-09-10,14:19,820
3,1,2026-09-10,14:19,355
4,14,2026-09-10,14:19,480
4,10,2026-09-10,14:19,616
4,4,2026-09-10,14:19,482
4,0,2026-09-10,14:19,476
4,-1,2026-09-10,14:19,475
4,3,2026-09-10,14:19,618
5,3,2026-09-10,14:19,358
5,1,2026-09-10,14:19,366
5,0,2026-09-10,14:19,807
5,8,2026-09-10,14:19,807
5,2,2026-09-10,14:19,368
5,2,2026-09-10,14:19,388
5,0,2026-09-10,14:19,391
5,0,2026-09-10,14:19,358
6,4,2026-09-10,14:19,325
6,1,2026-09-10,14:19,009
6,4,2026-09-10,14:19,316
6,3,2026-09-10,14:19,012
7,2,2026-09-10,14:19,035
7,0,2026-09-10,14:19,001
7,2,2026-09-10,14:19,264
7,2,2026-09-10,14:19,002
7,0,2026-09-10,14:19,256
8,9,2026-09-10,14:19,383
8,5,2026-09-10,14:19,323
8,1,2026-09-10,14:19,362
8,0,2026-09-10,14:19,351
8,4,2026-09-10,14:19,390
8,14,2026-09-10,14:19,371
8,0,2026-09-10,14:19,318
9,7,2026-09-10,14:19,220
9,7,2026-09-10,14:19,261
9,-1,2026-09-10,14:19,260
9,4,2026-09-10,14:19,265
9,1,2026-09-10,14:19,136
9,1,2026-09-10,14:19,254
10,6,2026-09-10,14:19,453
10,6,2026-09-10,14:19,459
10,-1,2026-09-10,14:19,473
10,1,2026-09-10,14:19,493
10,2,2026-09-10,14:19,493
10,1,2026-09-10,14:19,652
10,-1,2026-09-10,14:19,497
11,1,2026-09-10,14:19,024
11,3,2026-09-10,14:19,470
11,1,2026-09-10,14:19,026
11,-1,2026-09-10,14:19,478
11,1,2026-09-10,14:19,019
11,0,2026-09-10,14:19,027
12,3,2026-09-10,14:19,044
12,2,2026-09-10,14:19,314
12,5,2026-09-10,14:19,011
12,1,2026-09-10,14:19,382
12,-1,2026-09-10,14:19,381
13,14,2026-09-10,14:19,217
13,2,2026-09-10,14:19,224
13,1,2026-09-10,14:19,206
13,11,2026-09-10,14:19,217
14,2,2026-09-10,14:19,015
14,2,2026-09-10,14:19,405
14,4,2026-09-10,14:19,411
14,2,2026-09-10,14:19,509
15,2,2026-09-10,14:19,222
15,1,2026-09-10,14:19,038
15,3,2026-09-10,14:19,211
15,0,2026-09-10,14:19,222
16,8,2026-09-10,14:19,464
16,5,2026-09-10,14:19,488
16,2,2026-09-10,14:19,484
16,5,2026-09-10,14:19,455
16,1,2026-09-10,14:19,499
16,0,2026-09-10,14:19,486
16,1,2026-09-10,14:19,487
16,2,2026-09-10,14:19,467
16,4,2026-09-10,14:19,629
17,4,2026-09-10,14:19,041
17,1,2026-09-10,14:19,380
17,11,2026-09-10,14:19,385
17,4,2026-09-10,14:19,357
18,4,2026-09-10,14:19,214
18,2,2026-09-10,14:19,234
18,7,2026-09-10,14:19,032
18,5,2026-09-10,14:19,039
18,4,2026-09-10,14:19,241
19,10,2026-09-10,14:19,452
19,3,2026-09-10,14:19,466
19,0,2026-09-10,14:19,463
19,-2,2026-09-10,14:19,477
19,1,2026-09-10,14:19,483
20,3,2026-09-10,14:19,016
20,2,2026-09-10,14:19,789
20,10,2026-09-10,14:19,020
20,2,2026-09-10,14:19,029
20,-1,2026-09-10,14:19,408
20,0,2026-09-10,14:19,028
21,1,2026-09-10,14:19,627
21,2,2026-09-10,14:19,624
21,1,2026-09-10,14:19,458
21,-1,2026-09-10,14:19,621
21,9,2026-09-10,14:19,479
21,2,2026-09-10,14:19,471
21,0,2026-09-10,14:19,469
21,0,2026-09-10,14:19,627
22,2,2026-09-10,14:19,022
22,4,2026-09-10,14:19,030
23,3,2026-09-10,14:19,320
23,1,2026-09-10,14:19,322
24,2,2026-09-10,14:19,369
24,0,2026-09-10,14:19,389
24,0,2026-09-10,14:19,361
24,2,2026-09-10,14:19,361
24,2,2026-09-10,14:19,349
24,0,2026-09-10,14:19,350
24,-1,2026-09-10,14:19,386
25,1,2026-09-10,14:19,510
25,1,2026-09-10,14:19,619
25,-1,2026-09-10,14:19,013
25,6,2026-09-10,14:19,654
25,1,2026-09-10,14:19,625
26,7,2026-09-10,14:19,305
26,6,2026-09-10,14:19,375
26,6,2026-09-10,14:19,352
26,0,2026-09-10,14:19,367
27,1,2026-09-10,14:20,306
27,2,2026-09-10,14:20,042
27,2,2026-09-10,14:20,008
27,3,2026-09-10,14:20,047
28,4,2026-09-10,14:20,014
28,1,2026-09-10,14:20,018
28,0,2026-09-10,14:20,507
28,8,2026-09-10,14:20,021
28,4,2026-09-10,14:20,023
28,1,2026-09-10,14:20,017
29,7,2026-09-10,14:20,208
29,1,2026-09-10,14:20,036
29,2,2026-09-10,14:20,031
29,1,2026-09-10,14:20,040
30,8,2026-09-10,14:20,006
30,2,2026-09-10,14:20,037
50,2,2026-09-10,14:20,512
50,4,2026-09-10,14:20,025
100,6,2026-09-10,14:20,622
100,3,2026-09-10,14:20,457
100,1,2026-09-10,14:20,474
100,4,2026-09-10,14:20,492
100,2,2026-09-10,14:20,454
100,6,2026-09-10,14:20,451
101,1,2026-09-10,14:20,202
101,1,2026-09-10,14:20,204
102,0,2026-09-10,14:20,310
102,2,2026-09-10,14:20,313
103,8,2026-09-10,14:20,218
103,2,2026-09-10,14:20,233
104,4,2026-09-10,14:20,046
105,-1,2026-09-10,14:20,049
105,0,2026-09-10,14:20,324
107,0,2026-09-10,14:20,312
107,5,2026-09-10,14:20,048
108,5,2026-09-10,14:20,237
109,0,2026-09-10,14:20,230
109,0,2026-09-10,14:20,230
111,4,2026-09-10,14:20,232
111,0,2026-09-10,14:20,232
112,4,2026-09-10,14:20,239
112,0,2026-09-10,14:20,239
123,0,2026-09-10,14:20,929
123,0,2026-09-10,14:20,929
132,1,2026-09-10,14:20,311
142,7,2026-09-10,14:20,930
1,2,2026-09-10,17:44,250
1,1,2026-09-10,17:44,259
1,0,2026-09-10,17:44,253
2,3,2026-09-10,17:44,387
2,0,2026-09-10,17:44,043
2,5,2026-09-10,17:44,378
2,2,2026-09-10,17:44,822
3,0,2026-09-10,17:44,820
3,0,2026-09-10,17:44,373
3,0,2026-09-10,17:44,384
3,0,2026-09-10,17:44,374
3,2,2026-09-10,17:44,377
4,5,2026-09-10,17:44,618
4,2,2026-09-10,17:44,475
4,0,2026-09-10,17:44,616
4,1,2026-09-10,17:44,462
5,3,2026-09-10,17:44,368
5,0,2026-09-10,17:44,391
5,2,2026-09-10,17:44,391
5,0,2026-09-10,17:44,358
5,-1,2026-09-10,17:44,366
6,0,2026-09-10,17:44,325
6,-2,2026-09-10,17:44,009
7,2,2026-09-10,17:44,256
7,0,2026-09-10,17:44,001
7,-1,2026-09-10,17:44,001
7,1,2026-09-10,17:44,264
7,-1,2026-09-10,17:44,002
8,1,2026-09-10,17:44,383
8,-1,2026-09-10,17:44,362
8,0,2026-09-10,17:44,390
9,1,2026-09-10,17:44,220
9,1,2026-09-10,17:44,260
9,1,2026-09-10,17:44,136
10,-1,2026-09-10,17:44,473
10,0,2026-09-10,17:44,493
10,0,2026-09-10,17:44,493
10,-1,2026-09-10,17:44,497
11,2,2026-09-10,17:44,027
11,0,2026-09-10,17:44,024
11,-1,2026-09-10,17:44,478
12,1,2026-09-10,17:44,360
12,4,2026-09-10,17:44,011
12,0,2026-09-10,17:44,381
13,2,2026-09-10,17:44,217
13,-1,2026-09-10,17:44,224
14,3,2026-09-10,17:44,411
14,1,2026-09-10,17:44,015
15,2,2026-09-10,17:44,222
15,0,2026-09-10,17:44,211
16,2,2026-09-10,17:44,629
16,1,2026-09-10,17:44,488
16,0,2026-09-10,17:44,499
16,1,2026-09-10,17:44,486
17,1,2026-09-10,17:44,385
17,0,2026-09-10,17:44,357
17,3,2026-09-10,17:44,380
18,8,2026-09-10,17:44,039
18,4,2026-09-10,17:44,241
18,-1,2026-09-10,17:44,227
18,1,2026-09-10,17:44,214
19,-1,2026-09-10,17:44,477
19,0,2026-09-10,17:44,483
19,0,2026-09-10,17:44,463
19,2,2026-09-10,17:44,498
20,1,2026-09-10,17:44,016
20,-1,2026-09-10,17:44,789
20,1,2026-09-10,17:44,020
20,2,2026-09-10,17:44,408
21,1,2026-09-10,17:44,479
21,1,2026-09-10,17:44,627
21,-1,2026-09-10,17:44,621
22,4,2026-09-10,17:44,414
23,2,2026-09-10,17:44,322
23,2,2026-09-10,17:44,320
24,-1,2026-09-10,17:44,349
24,-1,2026-09-10,17:44,386
24,2,2026-09-10,17:44,369
24,-1,2026-09-10,17:44,389
25,-1,2026-09-10,17:44,013
25,2,2026-09-10,17:44,625
26,0,2026-09-10,17:44,352
26,4,2026-09-10,17:44,305
27,1,2026-09-10,17:44,042
27,-1,2026-09-10,17:44,047
28,3,2026-09-10,17:44,023
28,0,2026-09-10,17:44,017
28,-1,2026-09-10,17:44,018
28,0,2026-09-10,17:44,021
29,-1,2026-09-10,17:44,040
29,1,2026-09-10,17:45,005
30,0,2026-09-10,17:45,006
50,-1,2026-09-10,17:45,025
50,-1,2026-09-10,17:45,512
100,-1,2026-09-10,17:45,492
100,0,2026-09-10,17:45,451
101,4,2026-09-10,17:45,228
103,6,2026-09-10,17:45,004
103,0,2026-09-10,17:45,233
104,2,2026-09-10,17:45,046
104,1,2026-09-10,17:45,321
105,2,2026-09-10,17:45,049
105,0,2026-09-10,17:45,324
105,0,2026-09-10,17:45,324
107,-1,2026-09-10,17:45,048
111,1,2026-09-10,17:45,232
112,0,2026-09-10,17:45,239
112,-1,2026-09-10,17:45,239
132,2,2026-09-10,17:45,310
1,0,2026-09-10,20:02,259
1,0,2026-09-10,20:02,253
1,-1,2026-09-10,20:02,250
2,-1,2026-09-10,20:02,378
3,3,2026-09-10,20:02,384
3,2,2026-09-10,20:02,377
3,-1,2026-09-10,20:02,820
3,0,2026-09-10,20:02,384
4,0,2026-09-10,20:02,475
4,1,2026-09-10,20:02,480
4,0,2026-09-10,20:02,462
5,0,2026-09-10,20:02,366
5,0,2026-09-10,20:02,368
5,2,2026-09-10,20:03,368
5,1,2026-09-10,20:03,391
6,-1,2026-09-10,20:03,325
7,0,2026-09-10,20:03,264
7,1,2026-09-10,20:03,256
7,0,2026-09-10,20:03,001
8,0,2026-09-10,20:03,323
8,-2,2026-09-10,20:03,371
8,1,2026-09-10,20:03,383
9,0,2026-09-10,20:03,261
9,1,2026-09-10,20:03,260
9,0,2026-09-10,20:03,136
9,1,2026-09-10,20:03,220
10,0,2026-09-10,20:03,493
10,0,2026-09-10,20:03,473
10,-1,2026-09-10,20:03,473
10,-1,2026-09-10,20:03,497
11,0,2026-09-10,20:03,026
11,0,2026-09-10,20:03,027
11,-1,2026-09-10,20:03,024
12,2,2026-09-10,20:03,011
12,0,2026-09-10,20:03,360
13,3,2026-09-10,20:03,224
13,0,2026-09-10,20:03,217
14,0,2026-09-10,20:03,015
14,3,2026-09-10,20:03,021
14,-2,2026-09-10,20:03,509
15,0,2026-09-10,20:03,038
16,1,2026-09-10,20:03,484
16,-1,2026-09-10,20:03,486
16,1,2026-09-10,20:03,629
16,-1,2026-09-10,20:03,488
17,0,2026-09-10,20:03,385
17,2,2026-09-10,20:03,041
17,1,2026-09-10,20:03,380
17,-1,2026-09-10,20:03,353
18,4,2026-09-10,20:03,241
18,1,2026-09-10,20:03,214
19,1,2026-09-10,20:03,463
19,-2,2026-09-10,20:03,498
19,-1,2026-09-10,20:03,483
20,0,2026-09-10,20:03,020
20,-1,2026-09-10,20:03,408
20,0,2026-09-10,20:03,789
21,1,2026-09-10,20:03,621
21,0,2026-09-10,20:03,627
21,0,2026-09-10,20:03,621
22,2,2026-09-10,20:03,414
22,0,2026-09-10,20:03,022
23,3,2026-09-10,20:03,322
24,0,2026-09-10,20:03,389
24,0,2026-09-10,20:03,349
24,0,2026-09-10,20:03,349
24,-1,2026-09-10,20:03,369
25,0,2026-09-10,20:03,625
25,-1,2026-09-10,20:03,510
25,0,2026-09-10,20:03,013
26,-1,2026-09-10,20:03,305
26,0,2026-09-10,20:03,352
27,-1,2026-09-10,20:03,047
28,0,2026-09-10,20:03,017
28,0,2026-09-10,20:03,018
29,0,2026-09-10,20:03,208
29,2,2026-09-10,20:03,005
30,1,2026-09-10,20:03,006
100,0,2026-09-10,20:03,451
100,2,2026-09-10,20:03,492
101,2,2026-09-10,20:03,228
101,0,2026-09-10,20:03,228
102,2,2026-09-10,20:03,310
103,0,2026-09-10,20:03,233
105,0,2026-09-10,20:03,324
107,0,2026-09-10,20:03,048
108,2,2026-09-10,20:03,229
111,0,2026-09-10,20:03,232
142,0,2026-09-10,20:03,930
1,1,2026-09-11,04:52,138
1,0,2026-09-11,04:52,238
1,-1,2026-09-11,04:52,265
1,-2,2026-09-11,04:52,260
1,1,2026-09-11,04:52,264
1,-1,2026-09-11,04:52,237
2,5,2026-09-11,04:52,388
2,-1,2026-09-11,04:52,011
2,-1,2026-09-11,04:52,353
2,-1,2026-09-11,04:52,045
3,1,2026-09-11,04:52,391
3,4,2026-09-11,04:52,367
3,1,2026-09-11,04:52,362
3,1,2026-09-11,04:52,366
3,0,2026-09-11,04:52,374
3,1,2026-09-11,04:52,370
4,0,2026-09-11,04:52,473
4,-1,2026-09-11,04:52,460
4,-1,2026-09-11,04:52,464
4,0,2026-09-11,04:52,652
5,-1,2026-09-11,04:52,369
5,0,2026-09-11,04:52,389
5,1,2026-09-11,04:52,383
5,0,2026-09-11,04:52,390
5,1,2026-09-11,04:52,390
5,0,2026-09-11,04:52,381
5,0,2026-09-11,04:52,386
5,-1,2026-09-11,04:52,821
5,0,2026-09-11,04:52,369
6,0,2026-09-11,04:52,007
6,0,2026-09-11,04:52,046
6,3,2026-09-11,04:52,012
6,1,2026-09-11,04:52,042
7,1,2026-09-11,04:52,229
7,1,2026-09-11,04:52,040
7,-1,2026-09-11,04:52,234
7,1,2026-09-11,04:52,256
8,2,2026-09-11,04:52,373
8,0,2026-09-11,04:52,351
8,0,2026-09-11,04:52,371
8,0,2026-09-11,04:52,368
8,0,2026-09-11,04:52,375
8,-1,2026-09-11,04:52,043
9,0,2026-09-11,04:52,035
9,0,2026-09-11,04:52,253
9,-1,2026-09-11,04:52,210
9,-1,2026-09-11,04:52,251
9,0,2026-09-11,04:52,259
9,3,2026-09-11,04:52,136
9,-1,2026-09-11,04:52,257
10,4,2026-09-11,04:52,492
10,1,2026-09-11,04:52,622
10,4,2026-09-11,04:52,459
10,4,2026-09-11,04:52,629
10,4,2026-09-11,04:52,629
10,3,2026-09-11,04:52,498
10,3,2026-09-11,04:52,451
10,0,2026-09-11,04:52,475
11,2,2026-09-11,04:52,030
11,0,2026-09-11,04:52,014
11,1,2026-09-11,04:52,015
11,0,2026-09-11,04:52,486
11,0,2026-09-11,04:52,019
11,-2,2026-09-11,04:52,478
12,4,2026-09-11,04:52,384
12,3,2026-09-11,04:52,314
12,0,2026-09-11,04:52,387
12,1,2026-09-11,04:52,048
12,1,2026-09-11,04:52,822
13,0,2026-09-11,04:52,228
13,1,2026-09-11,04:52,202
13,0,2026-09-11,04:52,230
14,0,2026-09-11,04:52,022
14,1,2026-09-11,04:52,409
14,-1,2026-09-11,04:52,405
15,4,2026-09-11,04:52,036
15,0,2026-09-11,04:52,006
15,0,2026-09-11,04:52,224
16,0,2026-09-11,04:52,484
16,1,2026-09-11,04:52,457
16,1,2026-09-11,04:52,466
16,5,2026-09-11,04:52,619
16,-1,2026-09-11,04:52,458
16,-1,2026-09-11,04:52,624
16,1,2026-09-11,04:52,468
17,4,2026-09-11,04:52,305
17,0,2026-09-11,04:52,820
17,0,2026-09-11,04:52,377
17,1,2026-09-11,04:52,358
18,2,2026-09-11,04:52,213
18,0,2026-09-11,04:52,221
18,1,2026-09-11,04:52,216
18,1,2026-09-11,04:52,034
19,2,2026-09-11,04:52,497
19,0,2026-09-11,04:52,480
19,2,2026-09-11,04:52,470
19,-1,2026-09-11,04:52,476
19,2,2026-09-11,04:52,453
20,0,2026-09-11,04:52,013
20,0,2026-09-11,04:52,016
20,2,2026-09-11,04:52,408
20,2,2026-09-11,04:52,018
20,1,2026-09-11,04:52,406
21,-1,2026-09-11,04:52,462
21,0,2026-09-11,04:52,625
21,1,2026-09-11,04:52,469
21,0,2026-09-11,04:52,494
21,0,2026-09-11,04:52,452
21,2,2026-09-11,04:52,494
21,3,2026-09-11,04:52,452
21,0,2026-09-11,04:52,479
21,-1,2026-09-11,04:52,467
21,0,2026-09-11,04:52,462
22,0,2026-09-11,04:52,509
23,3,2026-09-11,04:52,049
23,4,2026-09-11,04:52,008
23,3,2026-09-11,04:52,041
24,0,2026-09-11,04:52,376
24,0,2026-09-11,04:52,354
24,0,2026-09-11,04:52,354
24,3,2026-09-11,04:52,385
24,1,2026-09-11,04:52,382
25,0,2026-09-11,04:52,487
25,-1,2026-09-11,04:52,482
25,-1,2026-09-11,04:52,654
26,-1,2026-09-11,04:52,355
26,3,2026-09-11,04:52,044
26,3,2026-09-11,04:52,824
26,-1,2026-09-11,04:52,357
27,-1,2026-09-11,04:52,010
27,1,2026-09-11,04:52,322
27,0,2026-09-11,04:52,313
27,-1,2026-09-11,04:52,047
28,1,2026-09-11,04:52,789
28,0,2026-09-11,04:52,024
28,1,2026-09-11,04:52,403
28,0,2026-09-11,04:52,028
29,-2,2026-09-11,04:52,211
29,2,2026-09-11,04:52,208
29,1,2026-09-11,04:52,037
30,1,2026-09-11,04:52,218
30,0,2026-09-11,04:52,241
50,3,2026-09-11,04:52,020
50,2,2026-09-11,04:52,413
100,2,2026-09-11,04:52,616
100,-1,2026-09-11,04:52,474
100,4,2026-09-11,04:52,483
100,1,2026-09-11,04:52,471
101,4,2026-09-11,04:52,217
103,-2,2026-09-11,04:52,205
103,1,2026-09-11,04:52,209
103,2,2026-09-11,04:52,227
104,2,2026-09-11,04:52,311
104,0,2026-09-11,04:52,315
105,1,2026-09-11,04:53,318
105,0,2026-09-11,04:53,319
105,-1,2026-09-11,04:53,324
107,-1,2026-09-11,04:53,009
108,0,2026-09-11,04:53,204
108,1,2026-09-11,04:53,212
109,0,2026-09-11,04:53,001
109,0,2026-09-11,04:53,001
111,0,2026-09-11,04:53,004
111,1,2026-09-11,04:53,004
111,1,2026-09-11,04:53,031
112,-1,2026-09-11,04:53,235
113,0,2026-09-11,04:53,039
123,0,2026-09-11,04:53,929
123,0,2026-09-11,04:53,929
132,2,2026-09-11,04:53,325
132,2,2026-09-11,04:53,321
142,0,2026-09-11,04:53,930
1,2,2026-09-11,09:11,138
1,3,2026-09-11,09:11,265
1,1,2026-09-11,09:11,237
1,4,2026-09-11,09:11,261
2,2,2026-09-11,09:11,349
2,3,2026-09-11,09:11,388
2,3,2026-09-11,09:11,380
2,0,2026-09-11,09:11,353
3,0,2026-09-11,09:11,366
3,0,2026-09-11,09:11,370
3,1,2026-09-11,09:11,367
3,3,2026-09-11,09:11,378
4,0,2026-09-11,09:11,621
4,1,2026-09-11,09:11,473
4,3,2026-09-11,09:11,627
4,1,2026-09-11,09:11,464
5,1,2026-09-11,09:11,383
5,1,2026-09-11,09:11,381
5,2,2026-09-11,09:11,821
5,1,2026-09-11,09:11,369
5,-1,2026-09-11,09:11,389
6,0,2026-09-11,09:11,042
6,0,2026-09-11,09:11,007
6,-1,2026-09-11,09:11,012
7,4,2026-09-11,09:11,234
7,-1,2026-09-11,09:11,256
7,4,2026-09-11,09:11,254
7,2,2026-09-11,09:11,229
8,4,2026-09-11,09:11,371
8,0,2026-09-11,09:11,368
8,7,2026-09-11,09:11,375
8,1,2026-09-11,09:11,043
9,3,2026-09-11,09:12,251
9,2,2026-09-11,09:12,259
9,0,2026-09-11,09:12,257
9,2,2026-09-11,09:12,035
10,4,2026-09-11,09:12,475
10,6,2026-09-11,09:12,492
10,1,2026-09-11,09:12,629
10,-1,2026-09-11,09:12,498
11,0,2026-09-11,09:12,019
11,0,2026-09-11,09:12,014
12,0,2026-09-11,09:12,048
12,-1,2026-09-11,09:12,384
12,1,2026-09-11,09:12,323
12,-1,2026-09-11,09:12,387
13,1,2026-09-11,09:12,228
13,0,2026-09-11,09:12,230
14,0,2026-09-11,09:12,022
14,2,2026-09-11,09:12,409
15,8,2026-09-11,09:12,006
15,1,2026-09-11,09:12,036
16,4,2026-09-11,09:12,619
16,1,2026-09-11,09:12,449
16,0,2026-09-11,09:12,465
16,2,2026-09-11,09:12,468
16,2,2026-09-11,09:12,488
16,0,2026-09-11,09:12,457
17,2,2026-09-11,09:12,360
17,2,2026-09-11,09:12,305
17,0,2026-09-11,09:12,377
17,-1,2026-09-11,09:12,358
18,3,2026-09-11,09:12,002
18,3,2026-09-11,09:12,038
18,1,2026-09-11,09:12,216
19,2,2026-09-11,09:12,480
19,2,2026-09-11,09:12,470
19,-1,2026-09-11,09:12,476
19,4,2026-09-11,09:12,472
20,6,2026-09-11,09:12,408
20,1,2026-09-11,09:12,018
20,2,2026-09-11,09:12,406
20,2,2026-09-11,09:12,029
20,-1,2026-09-11,09:12,016
21,0,2026-09-11,09:12,469
21,3,2026-09-11,09:12,494
21,-1,2026-09-11,09:12,479
21,1,2026-09-11,09:12,467
21,0,2026-09-11,09:12,462
21,1,2026-09-11,09:12,625
21,0,2026-09-11,09:12,469
22,1,2026-09-11,09:12,021
22,0,2026-09-11,09:12,412
23,1,2026-09-11,09:12,049
23,2,2026-09-11,09:12,041
24,3,2026-09-11,09:12,376
24,0,2026-09-11,09:12,385
24,1,2026-09-11,09:12,354
24,0,2026-09-11,09:12,376
25,0,2026-09-11,09:12,025
25,0,2026-09-11,09:12,487
25,3,2026-09-11,09:12,487
25,2,2026-09-11,09:12,512
26,11,2026-09-11,09:12,355
26,3,2026-09-11,09:12,044
26,3,2026-09-11,09:12,044
26,-1,2026-09-11,09:12,357
27,0,2026-09-11,09:12,322
27,0,2026-09-11,09:12,047
28,2,2026-09-11,09:12,024
28,3,2026-09-11,09:12,028
29,-2,2026-09-11,09:12,211
29,0,2026-09-11,09:12,037
30,0,2026-09-11,09:12,241
30,0,2026-09-11,09:12,241
50,0,2026-09-11,09:12,020
100,3,2026-09-11,09:12,471
100,1,2026-09-11,09:12,616
100,1,2026-09-11,09:12,499
100,1,2026-09-11,09:12,483
101,1,2026-09-11,09:12,005
102,2,2026-09-11,09:12,321
103,0,2026-09-11,09:12,209
103,2,2026-09-11,09:12,227
105,0,2026-09-11,09:12,319
105,0,2026-09-11,09:12,319
107,-1,2026-09-11,09:12,009
108,0,2026-09-11,09:12,212
109,-1,2026-09-11,09:12,001
111,3,2026-09-11,09:12,031
112,3,2026-09-11,09:12,235
112,0,2026-09-11,09:12,235
123,0,2026-09-11,09:12,929
123,1,2026-09-11,09:12,929
126,1,2026-09-11,09:12,210
1,11,2026-09-11,13:33,260
1,3,2026-09-11,13:33,237
1,6,2026-09-11,13:33,261
1,1,2026-09-11,13:33,138
1,4,2026-09-11,13:33,250
2,8,2026-09-11,13:33,045
2,1,2026-09-11,13:33,349
2,2,2026-09-11,13:33,361
2,5,2026-09-11,13:33,011
2,2,2026-09-11,13:33,380
3,2,2026-09-11,13:33,378
3,-1,2026-09-11,13:33,374
3,1,2026-09-11,13:33,367
3,1,2026-09-11,13:33,362
3,1,2026-09-11,13:33,366
4,5,2026-09-11,13:33,614
4,9,2026-09-11,13:33,621
4,1,2026-09-11,13:33,473
4,6,2026-09-11,13:33,484
4,5,2026-09-11,13:33,627
4,0,2026-09-11,13:33,460
5,3,2026-09-11,13:33,390
5,3,2026-09-11,13:33,381
5,-1,2026-09-11,13:33,386
5,0,2026-09-11,13:33,821
5,4,2026-09-11,13:34,821
5,-1,2026-09-11,13:34,369
5,1,2026-09-11,13:34,389
5,3,2026-09-11,13:34,383
5,0,2026-09-11,13:34,390
6,8,2026-09-11,13:34,007
6,-1,2026-09-11,13:34,012
6,0,2026-09-11,13:34,042
6,-1,2026-09-11,13:34,046
7,6,2026-09-11,13:34,004
7,3,2026-09-11,13:34,254
7,0,2026-09-11,13:34,229
7,10,2026-09-11,13:34,040
7,8,2026-09-11,13:34,234
8,13,2026-09-11,13:34,371
8,10,2026-09-11,13:34,368
8,2,2026-09-11,13:34,320
8,3,2026-09-11,13:34,375
8,0,2026-09-11,13:34,043
8,4,2026-09-11,13:34,373
8,2,2026-09-11,13:34,351
9,2,2026-09-11,13:34,257
9,2,2026-09-11,13:34,136
9,2,2026-09-11,13:34,253
9,3,2026-09-11,13:34,251
9,-1,2026-09-11,13:34,259
10,6,2026-09-11,13:34,629
10,2,2026-09-11,13:34,652
10,2,2026-09-11,13:34,475
10,4,2026-09-11,13:34,453
10,2,2026-09-11,13:34,459
10,0,2026-09-11,13:34,492
11,2,2026-09-11,13:34,030
11,0,2026-09-11,13:34,014
11,1,2026-09-11,13:34,015
11,-1,2026-09-11,13:34,451
11,0,2026-09-11,13:34,019
12,3,2026-09-11,13:34,822
12,3,2026-09-11,13:34,048
12,0,2026-09-11,13:34,314
12,1,2026-09-11,13:34,384
13,4,2026-09-11,13:34,202
13,0,2026-09-11,13:34,228
13,1,2026-09-11,13:34,230
14,3,2026-09-11,13:34,405
14,1,2026-09-11,13:34,022
14,-1,2026-09-11,13:34,017
14,4,2026-09-11,13:34,409
14,2,2026-09-11,13:34,405
15,8,2026-09-11,13:34,224
15,3,2026-09-11,13:34,006
16,7,2026-09-11,13:34,622
16,1,2026-09-11,13:34,465
16,3,2026-09-11,13:34,468
16,2,2026-09-11,13:34,488
16,4,2026-09-11,13:34,466
16,3,2026-09-11,13:34,458
16,0,2026-09-11,13:34,619
17,5,2026-09-11,13:34,360
17,1,2026-09-11,13:34,806
17,8,2026-09-11,13:34,820
17,3,2026-09-11,13:34,377
17,-1,2026-09-11,13:34,358
18,3,2026-09-11,13:34,225
18,2,2026-09-11,13:34,002
18,4,2026-09-11,13:34,239
18,3,2026-09-11,13:34,213
19,3,2026-09-11,13:34,480
19,7,2026-09-11,13:34,470
19,5,2026-09-11,13:34,493
19,4,2026-09-11,13:34,476
19,1,2026-09-11,13:34,472
19,-1,2026-09-11,13:34,497
20,2,2026-09-11,13:34,406
20,1,2026-09-11,13:34,029
20,-1,2026-09-11,13:34,013
20,8,2026-09-11,13:34,016
20,3,2026-09-11,13:34,410
20,3,2026-09-11,13:34,018
21,3,2026-09-11,13:34,494
21,1,2026-09-11,13:34,479
21,-1,2026-09-11,13:34,467
21,0,2026-09-11,13:34,462
21,2,2026-09-11,13:34,625
21,1,2026-09-11,13:34,481
21,0,2026-09-11,13:34,469
21,0,2026-09-11,13:34,494
22,7,2026-09-11,13:34,021
22,1,2026-09-11,13:34,412
23,0,2026-09-11,13:34,049
23,0,2026-09-11,13:34,008
23,1,2026-09-11,13:34,041
24,4,2026-09-11,13:34,807
24,0,2026-09-11,13:34,382
24,0,2026-09-11,13:34,350
24,1,2026-09-11,13:34,350
24,3,2026-09-11,13:34,354
24,-1,2026-09-11,13:34,376
24,0,2026-09-11,13:34,807
25,0,2026-09-11,13:34,654
25,2,2026-09-11,13:34,482
25,4,2026-09-11,13:34,025
25,3,2026-09-11,13:34,487
25,-1,2026-09-11,13:34,512
26,2,2026-09-11,13:34,355
26,6,2026-09-11,13:34,824
26,6,2026-09-11,13:34,824
26,2,2026-09-11,13:34,044
26,-1,2026-09-11,13:34,352
27,2,2026-09-11,13:34,313
27,-1,2026-09-11,13:34,322
27,0,2026-09-11,13:34,306
27,-1,2026-09-11,13:34,047
28,9,2026-09-11,13:34,024
28,1,2026-09-11,13:34,414
28,7,2026-09-11,13:34,028
28,2,2026-09-11,13:34,403
29,2,2026-09-11,13:34,211
29,2,2026-09-11,13:34,208
29,2,2026-09-11,13:34,037
30,8,2026-09-11,13:34,218
30,-1,2026-09-11,13:34,241
50,1,2026-09-11,13:34,020
100,5,2026-09-11,13:34,499
100,4,2026-09-11,13:34,454
100,2,2026-09-11,13:34,483
100,0,2026-09-11,13:34,471
100,1,2026-09-11,13:34,471
100,2,2026-09-11,13:34,616
100,4,2026-09-11,13:34,474
100,0,2026-09-11,13:34,499
101,0,2026-09-11,13:34,204
101,1,2026-09-11,13:34,204
101,-1,2026-09-11,13:34,005
102,3,2026-09-11,13:34,321
102,-1,2026-09-11,13:34,310
103,7,2026-09-11,13:34,209
103,1,2026-09-11,13:34,220
103,1,2026-09-11,13:34,262
104,1,2026-09-11,13:34,311
104,0,2026-09-11,13:34,315
105,1,2026-09-11,13:34,319
107,3,2026-09-11,13:34,009
107,1,2026-09-11,13:34,318
108,3,2026-09-11,13:34,212
108,2,2026-09-11,13:34,217
109,5,2026-09-11,13:34,001
111,-1,2026-09-11,13:34,238
112,15,2026-09-11,13:34,235
112,8,2026-09-11,13:34,235
113,-1,2026-09-11,13:34,033
122,-1,2026-09-11,13:34,325
123,0,2026-09-11,13:34,929
132,0,2026-09-11,13:34,310
142,-1,2026-09-11,13:34,930
1,-1,2026-09-11,17:09,138
1,5,2026-09-11,17:09,264
1,1,2026-09-11,17:09,261
1,3,2026-09-11,17:09,250
2,6,2026-09-11,17:09,011
2,4,2026-09-11,17:09,380
2,4,2026-09-11,17:09,045
2,0,2026-09-11,17:09,349
3,2,2026-09-11,17:09,370
3,-1,2026-09-11,17:09,378
3,2,2026-09-11,17:09,362
3,-1,2026-09-11,17:09,366
4,4,2026-09-11,17:09,627
4,2,2026-09-11,17:09,464
4,1,2026-09-11,17:09,614
4,0,2026-09-11,17:09,473
5,-1,2026-09-11,17:09,369
5,-1,2026-09-11,17:09,389
5,2,2026-09-11,17:09,383
5,-1,2026-09-11,17:09,381
5,-1,2026-09-11,17:09,821
6,-1,2026-09-11,17:09,042
7,1,2026-09-11,17:09,256
7,3,2026-09-11,17:09,004
7,2,2026-09-11,17:09,040
7,2,2026-09-11,17:09,234
8,2,2026-09-11,17:09,371
8,2,2026-09-11,17:09,368
8,3,2026-09-11,17:09,043
8,-1,2026-09-11,17:09,373
9,1,2026-09-11,17:09,257
9,1,2026-09-11,17:09,035
9,1,2026-09-11,17:09,253
10,4,2026-09-11,17:09,475
10,4,2026-09-11,17:09,475
10,3,2026-09-11,17:09,492
11,-2,2026-09-11,17:09,478
11,1,2026-09-11,17:09,014
11,2,2026-09-11,17:09,015
11,0,2026-09-11,17:09,019
12,2,2026-09-11,17:09,384
12,-1,2026-09-11,17:09,323
13,-1,2026-09-11,17:09,230
14,1,2026-09-11,17:09,409
14,1,2026-09-11,17:09,022
14,0,2026-09-11,17:09,017
15,2,2026-09-11,17:09,224
15,1,2026-09-11,17:09,006
16,3,2026-09-11,17:09,449
16,1,2026-09-11,17:09,465
16,-1,2026-09-11,17:09,468
16,2,2026-09-11,17:09,457
16,1,2026-09-11,17:09,466
16,-1,2026-09-11,17:09,619
17,2,2026-09-11,17:09,377
17,0,2026-09-11,17:09,358
17,6,2026-09-11,17:09,305
18,3,2026-09-11,17:09,038
18,0,2026-09-11,17:09,216
18,1,2026-09-11,17:09,225
18,4,2026-09-11,17:09,002
19,-1,2026-09-11,17:09,497
19,2,2026-09-11,17:09,480
19,1,2026-09-11,17:09,493
20,1,2026-09-11,17:09,029
20,1,2026-09-11,17:09,410
20,2,2026-09-11,17:09,018
21,1,2026-09-11,17:09,625
21,-1,2026-09-11,17:09,494
21,3,2026-09-11,17:09,479
21,0,2026-09-11,17:09,467
22,2,2026-09-11,17:09,412
23,2,2026-09-11,17:09,041
24,0,2026-09-11,17:09,354
24,-1,2026-09-11,17:09,376
24,0,2026-09-11,17:09,385
25,-1,2026-09-11,17:09,025
25,0,2026-09-11,17:09,512
26,-1,2026-09-11,17:09,044
26,1,2026-09-11,17:09,352
26,1,2026-09-11,17:09,355
27,-1,2026-09-11,17:09,047
27,-1,2026-09-11,17:09,322
28,4,2026-09-11,17:09,789
28,2,2026-09-11,17:09,024
28,3,2026-09-11,17:09,414
28,0,2026-09-11,17:09,028
29,3,2026-09-11,17:09,226
30,5,2026-09-11,17:09,241
30,2,2026-09-11,17:09,241
50,0,2026-09-11,17:09,020
50,1,2026-09-11,17:09,413
100,3,2026-09-11,17:09,483
100,1,2026-09-11,17:09,499
101,2,2026-09-11,17:10,210
102,0,2026-09-11,17:10,325
103,-3,2026-09-11,17:10,220
104,-1,2026-09-11,17:10,311
105,0,2026-09-11,17:10,324
105,-1,2026-09-11,17:10,319
107,6,2026-09-11,17:10,009
108,0,2026-09-11,17:10,212
109,4,2026-09-11,17:10,001
109,6,2026-09-11,17:10,001
111,-1,2026-09-11,17:10,238
123,0,2026-09-11,17:10,929
1,0,2026-09-11,19:39,261
1,-1,2026-09-11,19:39,250
1,2,2026-09-11,19:39,138
2,4,2026-09-11,19:40,011
2,-1,2026-09-11,19:40,349
3,-1,2026-09-11,19:40,362
3,0,2026-09-11,19:40,370
3,0,2026-09-11,19:40,378
4,0,2026-09-11,19:40,621
4,-1,2026-09-11,19:40,614
4,0,2026-09-11,19:40,473
4,0,2026-09-11,19:40,618
4,-1,2026-09-11,19:40,627
5,-1,2026-09-11,19:40,353
5,0,2026-09-11,19:40,389
5,1,2026-09-11,19:40,389
5,1,2026-09-11,19:40,381
6,-1,2026-09-11,19:40,012
7,1,2026-09-11,19:40,234
7,4,2026-09-11,19:40,256
7,-1,2026-09-11,19:40,254
8,1,2026-09-11,19:40,375
8,-1,2026-09-11,19:40,043
8,2,2026-09-11,19:40,368
9,4,2026-09-11,19:40,253
9,3,2026-09-11,19:40,251
9,0,2026-09-11,19:40,257
10,-1,2026-09-11,19:40,629
10,0,2026-09-11,19:40,498
10,0,2026-09-11,19:40,498
10,-1,2026-09-11,19:40,492
11,-1,2026-09-11,19:40,015
11,0,2026-09-11,19:40,014
12,-1,2026-09-11,19:40,323
12,0,2026-09-11,19:40,048
13,1,2026-09-11,19:40,228
13,0,2026-09-11,19:40,230
14,-1,2026-09-11,19:40,017
14,0,2026-09-11,19:40,022
15,0,2026-09-11,19:40,006
15,0,2026-09-11,19:40,224
16,-2,2026-09-11,19:40,457
16,-1,2026-09-11,19:40,466
16,4,2026-09-11,19:40,449
16,0,2026-09-11,19:40,468
17,1,2026-09-11,19:40,377
17,1,2026-09-11,19:40,358
17,-1,2026-09-11,19:40,305
17,0,2026-09-11,19:40,820
18,1,2026-09-11,19:40,216
18,0,2026-09-11,19:40,225
18,0,2026-09-11,19:40,002
18,-2,2026-09-11,19:40,239
19,0,2026-09-11,19:40,470
19,-1,2026-09-11,19:40,472
19,1,2026-09-11,19:40,497
20,0,2026-09-11,19:40,018
20,0,2026-09-11,19:40,029
20,-1,2026-09-11,19:40,410
21,2,2026-09-11,19:40,625
21,1,2026-09-11,19:40,467
21,0,2026-09-11,19:40,625
22,1,2026-09-11,19:40,021
22,0,2026-09-11,19:40,412
23,0,2026-09-11,19:40,049
23,1,2026-09-11,19:40,008
24,0,2026-09-11,19:40,376
25,1,2026-09-11,19:40,482
25,0,2026-09-11,19:40,025
25,1,2026-09-11,19:40,512
26,0,2026-09-11,19:40,044
26,-1,2026-09-11,19:40,355
27,0,2026-09-11,19:40,322
28,-1,2026-09-11,19:40,024
28,0,2026-09-11,19:40,414
28,-1,2026-09-11,19:40,028
29,3,2026-09-11,19:40,211
29,1,2026-09-11,19:40,037
30,0,2026-09-11,19:40,241
100,1,2026-09-11,19:40,499
100,0,2026-09-11,19:40,616
101,0,2026-09-11,19:40,210
101,0,2026-09-11,19:40,210
102,-1,2026-09-11,19:40,325
103,5,2026-09-11,19:40,209
103,-1,2026-09-11,19:40,220
104,0,2026-09-11,19:40,311
105,1,2026-09-11,19:40,319
107,1,2026-09-11,19:40,009
108,0,2026-09-11,19:40,212
111,2,2026-09-11,19:40,238
112,2,2026-09-11,19:40,235
7,0,2026-09-11,21:54,254
21,1,2026-09-11,21:54,494
103,0,2026-09-12,01:34,006
1,1,2026-09-12,06:26,216
1,3,2026-09-12,06:26,230
1,-1,2026-09-12,06:26,005
2,1,2026-09-12,06:26,007
2,2,2026-09-12,06:26,391
2,3,2026-09-12,06:26,008
2,2,2026-09-12,06:26,048
3,0,2026-09-12,06:26,325
3,1,2026-09-12,06:26,382
3,-1,2026-09-12,06:26,366
4,2,2026-09-12,06:26,497
4,1,2026-09-12,06:26,466
5,3,2026-09-12,06:26,390
5,-1,2026-09-12,06:26,360
5,0,2026-09-12,06:26,395
5,1,2026-09-12,06:26,385
5,0,2026-09-12,06:26,390
6,0,2026-09-12,06:26,319
6,-2,2026-09-12,06:26,045
6,-1,2026-09-12,06:26,047
7,0,2026-09-12,06:26,037
7,2,2026-09-12,06:26,036
7,2,2026-09-12,06:26,235
7,1,2026-09-12,06:26,038
8,-1,2026-09-12,06:26,312
8,0,2026-09-12,06:26,367
8,-1,2026-09-12,06:26,041
8,-1,2026-09-12,06:26,380
9,1,2026-09-12,06:26,138
9,0,2026-09-12,06:26,256
9,0,2026-09-12,06:26,001
9,1,2026-09-12,06:26,004
9,1,2026-09-12,06:26,253
10,1,2026-09-12,06:26,473
10,0,2026-09-12,06:26,622
10,0,2026-09-12,06:26,622
10,0,2026-09-12,06:26,484
11,0,2026-09-12,06:26,025
11,2,2026-09-12,06:26,402
12,1,2026-09-12,06:26,049
12,2,2026-09-12,06:26,012
12,0,2026-09-12,06:26,044
13,-1,2026-09-12,06:26,221
14,2,2026-09-12,06:26,029
14,0,2026-09-12,06:26,410
14,-3,2026-09-12,06:26,788
14,1,2026-09-12,06:26,029
15,1,2026-09-12,06:26,224
15,1,2026-09-12,06:26,225
16,0,2026-09-12,06:26,449
16,3,2026-09-12,06:26,494
16,3,2026-09-12,06:26,493
16,1,2026-09-12,06:26,476
17,-1,2026-09-12,06:26,386
17,0,2026-09-12,06:26,324
18,1,2026-09-12,06:26,033
18,2,2026-09-12,06:26,228
19,3,2026-09-12,06:26,629
19,0,2026-09-12,06:26,461
20,1,2026-09-12,06:26,023
20,1,2026-09-12,06:26,017
21,2,2026-09-12,06:26,492
21,0,2026-09-12,06:26,465
21,4,2026-09-12,06:26,465
21,0,2026-09-12,06:26,487
22,3,2026-09-12,06:26,406
22,1,2026-09-12,06:26,789
24,2,2026-09-12,06:26,383
24,-1,2026-09-12,06:26,388
24,0,2026-09-12,06:26,350
24,-1,2026-09-12,06:26,822
25,0,2026-09-12,06:26,024
25,1,2026-09-12,06:26,413
25,0,2026-09-12,06:26,021
26,1,2026-09-12,06:26,322
26,0,2026-09-12,06:26,314
26,0,2026-09-12,06:26,314
26,-1,2026-09-12,06:26,323
27,2,2026-09-12,06:26,318
27,2,2026-09-12,06:26,306
28,2,2026-09-12,06:26,020
28,1,2026-09-12,06:26,028
28,4,2026-09-12,06:26,014
29,3,2026-09-12,06:26,002
29,1,2026-09-12,06:26,206
30,0,2026-09-12,06:26,237
30,0,2026-09-12,06:26,237
50,1,2026-09-12,06:26,013
50,0,2026-09-12,06:26,013
100,0,2026-09-12,06:26,412
100,0,2026-09-12,06:26,625
100,0,2026-09-12,06:26,511
101,-1,2026-09-12,06:26,239
102,0,2026-09-12,06:26,926
103,4,2026-09-12,06:26,205
103,0,2026-09-12,06:26,034
104,0,2026-09-12,06:26,010
105,1,2026-09-12,06:26,311
107,0,2026-09-12,06:26,929
108,3,2026-09-12,06:26,227
109,0,2026-09-12,06:26,234
109,1,2026-09-12,06:26,234
112,0,2026-09-12,06:26,217
1,0,2026-09-12,11:03,229
1,8,2026-09-12,11:03,216
1,1,2026-09-12,11:03,212
1,-1,2026-09-12,11:03,005
2,5,2026-09-12,11:03,007
2,5,2026-09-12,11:03,820
2,4,2026-09-12,11:03,048
3,3,2026-09-12,11:03,382
3,2,2026-09-12,11:03,366
3,0,2026-09-12,11:03,325
4,6,2026-09-12,11:03,497
4,4,2026-09-12,11:03,488
4,4,2026-09-12,11:03,480
4,-1,2026-09-12,11:03,464
5,1,2026-09-12,11:03,395
5,0,2026-09-12,11:03,353
5,-1,2026-09-12,11:03,385
5,2,2026-09-12,11:03,390
5,-1,2026-09-12,11:03,360
5,0,2026-09-12,11:03,395
6,3,2026-09-12,11:03,047
6,-1,2026-09-12,11:03,045
7,3,2026-09-12,11:03,038
7,0,2026-09-12,11:03,037
7,2,2026-09-12,11:03,037
7,1,2026-09-12,11:03,036
7,-1,2026-09-12,11:03,235
8,2,2026-09-12,11:03,041
8,0,2026-09-12,11:03,380
8,-2,2026-09-12,11:03,312
8,-1,2026-09-12,11:03,367
9,1,2026-09-12,11:03,004
9,2,2026-09-12,11:03,253
9,4,2026-09-12,11:03,256
9,1,2026-09-12,11:03,001
9,-1,2026-09-12,11:03,262
10,1,2026-09-12,11:03,473
10,0,2026-09-12,11:03,619
10,0,2026-09-12,11:03,619
10,-1,2026-09-12,11:03,484
11,0,2026-09-12,11:03,402
11,0,2026-09-12,11:03,019
12,3,2026-09-12,11:03,321
12,0,2026-09-12,11:03,049
12,0,2026-09-12,11:03,012
13,2,2026-09-12,11:03,031
13,0,2026-09-12,11:03,221
14,0,2026-09-12,11:03,410
14,4,2026-09-12,11:03,029
15,0,2026-09-12,11:03,032
16,2,2026-09-12,11:03,494
16,2,2026-09-12,11:03,478
16,1,2026-09-12,11:03,493
16,1,2026-09-12,11:03,476
16,0,2026-09-12,11:03,621
16,2,2026-09-12,11:03,449
17,0,2026-09-12,11:03,359
17,1,2026-09-12,11:03,324
17,1,2026-09-12,11:03,042
18,1,2026-09-12,11:03,033
18,1,2026-09-12,11:03,238
18,3,2026-09-12,11:03,211
19,5,2026-09-12,11:03,414
19,2,2026-09-12,11:03,461
19,-1,2026-09-12,11:03,022
19,1,2026-09-12,11:03,629
20,2,2026-09-12,11:03,015
20,0,2026-09-12,11:03,023
20,4,2026-09-12,11:03,023
20,1,2026-09-12,11:03,409
20,0,2026-09-12,11:03,017
21,2,2026-09-12,11:03,465
21,-1,2026-09-12,11:03,487
21,1,2026-09-12,11:03,492
21,0,2026-09-12,11:03,463
21,0,2026-09-12,11:03,465
22,3,2026-09-12,11:03,789
22,5,2026-09-12,11:03,406
23,1,2026-09-12,11:03,930
23,4,2026-09-12,11:03,043
24,3,2026-09-12,11:03,388
24,0,2026-09-12,11:03,350
24,0,2026-09-12,11:03,822
24,9,2026-09-12,11:03,822
25,6,2026-09-12,11:03,024
25,0,2026-09-12,11:03,413
25,2,2026-09-12,11:03,413
25,-1,2026-09-12,11:03,021
26,0,2026-09-12,11:03,322
26,0,2026-09-12,11:03,314
26,3,2026-09-12,11:03,011
27,0,2026-09-12,11:03,318
27,0,2026-09-12,11:03,306
28,1,2026-09-12,11:03,016
28,10,2026-09-12,11:03,014
28,1,2026-09-12,11:03,020
29,-1,2026-09-12,11:03,002
29,2,2026-09-12,11:03,035
30,-1,2026-09-12,11:03,237
50,1,2026-09-12,11:03,013
100,6,2026-09-12,11:03,412
100,-1,2026-09-12,11:03,625
100,0,2026-09-12,11:03,511
100,1,2026-09-12,11:03,511
101,0,2026-09-12,11:03,239
102,0,2026-09-12,11:03,926
103,7,2026-09-12,11:03,034
103,4,2026-09-12,11:03,205
107,1,2026-09-12,11:03,009
107,0,2026-09-12,11:03,929
108,1,2026-09-12,11:03,227
109,0,2026-09-12,11:03,234
112,4,2026-09-12,11:03,217
113,-1,2026-09-12,11:03,213
123,1,2026-09-12,11:03,927
1,-1,2026-09-12,14:00,229
1,2,2026-09-12,14:00,216
1,0,2026-09-12,14:00,212
2,1,2026-09-12,14:00,008
2,0,2026-09-12,14:00,007
3,0,2026-09-12,14:00,046
3,2,2026-09-12,14:00,382
3,1,2026-09-12,14:00,366
3,1,2026-09-12,14:00,325
4,-1,2026-09-12,14:01,466
4,0,2026-09-12,14:01,480
4,2,2026-09-12,14:01,497
5,-1,2026-09-12,14:01,353
5,1,2026-09-12,14:01,385
5,1,2026-09-12,14:01,391
5,0,2026-09-12,14:01,395
5,0,2026-09-12,14:01,353
6,2,2026-09-12,14:01,045
6,0,2026-09-12,14:01,319
7,2,2026-09-12,14:01,235
7,5,2026-09-12,14:01,037
7,-1,2026-09-12,14:01,036
8,1,2026-09-12,14:01,367
8,1,2026-09-12,14:01,041
8,1,2026-09-12,14:01,380
9,3,2026-09-12,14:01,001
9,1,2026-09-12,14:01,262
9,2,2026-09-12,14:01,253
9,0,2026-09-12,14:01,138
9,-1,2026-09-12,14:01,256
10,0,2026-09-12,14:01,482
10,0,2026-09-12,14:01,473
10,0,2026-09-12,14:01,473
10,1,2026-09-12,14:01,619
11,0,2026-09-12,14:01,019
11,1,2026-09-12,14:01,018
11,2,2026-09-12,14:01,402
11,1,2026-09-12,14:01,025
12,0,2026-09-12,14:01,044
12,6,2026-09-12,14:01,321
12,1,2026-09-12,14:01,049
13,0,2026-09-12,14:01,031
13,-2,2026-09-12,14:01,221
14,0,2026-09-12,14:01,410
14,-1,2026-09-12,14:01,788
14,0,2026-09-12,14:01,029
14,0,2026-09-12,14:01,410
15,0,2026-09-12,14:01,224
16,-1,2026-09-12,14:01,476
16,-1,2026-09-12,14:01,621
16,1,2026-09-12,14:01,449
16,0,2026-09-12,14:01,494
16,0,2026-09-12,14:01,478
16,1,2026-09-12,14:01,493
17,-1,2026-09-12,14:01,324
17,1,2026-09-12,14:01,386
18,0,2026-09-12,14:01,238
18,0,2026-09-12,14:01,211
18,2,2026-09-12,14:01,228
18,2,2026-09-12,14:01,033
19,1,2026-09-12,14:01,629
19,2,2026-09-12,14:01,414
19,2,2026-09-12,14:01,461
20,0,2026-09-12,14:01,017
20,-1,2026-09-12,14:01,015
20,2,2026-09-12,14:01,023
20,-1,2026-09-12,14:01,409
21,0,2026-09-12,14:01,487
21,0,2026-09-12,14:01,479
21,-1,2026-09-12,14:01,463
21,0,2026-09-12,14:01,465
21,0,2026-09-12,14:01,487
22,3,2026-09-12,14:01,406
24,-1,2026-09-12,14:01,350
24,-1,2026-09-12,14:01,822
24,-1,2026-09-12,14:01,383
24,-1,2026-09-12,14:01,388
25,3,2026-09-12,14:01,024
25,1,2026-09-12,14:01,413
25,-1,2026-09-12,14:01,021
26,0,2026-09-12,14:01,314
26,0,2026-09-12,14:01,011
26,0,2026-09-12,14:01,011
26,2,2026-09-12,14:01,322
27,0,2026-09-12,14:01,318
27,0,2026-09-12,14:01,306
28,-1,2026-09-12,14:01,020
28,3,2026-09-12,14:01,016
29,0,2026-09-12,14:01,206
29,2,2026-09-12,14:01,002
30,0,2026-09-12,14:01,237
30,1,2026-09-12,14:01,237
50,0,2026-09-12,14:01,013
100,-2,2026-09-12,14:01,625
100,-1,2026-09-12,14:01,511
100,0,2026-09-12,14:01,412
101,-1,2026-09-12,14:01,218
102,3,2026-09-12,14:01,926
103,3,2026-09-12,14:01,039
103,0,2026-09-12,14:01,034
105,0,2026-09-12,14:01,311
107,0,2026-09-12,14:01,009
107,0,2026-09-12,14:01,929
108,0,2026-09-12,14:01,227
111,2,2026-09-12,14:01,222
112,0,2026-09-12,14:01,217
113,0,2026-09-12,14:01,213
123,0,2026-09-12,14:01,927
1,4,2026-09-12,16:55,040
1,-1,2026-09-12,16:55,005
2,2,2026-09-12,16:55,048
2,2,2026-09-12,16:55,820
3,1,2026-09-12,16:55,325
3,1,2026-09-12,16:55,382
4,0,2026-09-12,16:55,497
4,1,2026-09-12,16:55,466
5,1,2026-09-12,16:55,385
5,1,2026-09-12,16:55,390
5,-1,2026-09-12,16:55,391
5,0,2026-09-12,16:55,395
5,0,2026-09-12,16:55,385
6,2,2026-09-12,16:55,045
7,4,2026-09-12,16:55,037
7,0,2026-09-12,16:55,036
7,2,2026-09-12,16:55,235
7,0,2026-09-12,16:55,038
8,1,2026-09-12,16:55,380
8,2,2026-09-12,16:56,041
9,4,2026-09-12,16:56,253
9,1,2026-09-12,16:56,256
9,1,2026-09-12,16:56,001
9,3,2026-09-12,16:56,262
9,3,2026-09-12,16:56,004
9,0,2026-09-12,16:56,253
10,3,2026-09-12,16:56,482
10,-1,2026-09-12,16:56,484
11,-1,2026-09-12,16:56,025
11,3,2026-09-12,16:56,018
12,5,2026-09-12,16:56,012
12,4,2026-09-12,16:56,044
12,-1,2026-09-12,16:56,049
13,0,2026-09-12,16:56,221
14,-1,2026-09-12,16:56,410
14,0,2026-09-12,16:56,029
15,0,2026-09-12,16:56,224
15,0,2026-09-12,16:56,225
16,4,2026-09-12,16:56,478
16,1,2026-09-12,16:56,493
16,0,2026-09-12,16:56,476
16,3,2026-09-12,16:56,621
17,-1,2026-09-12,16:56,324
18,0,2026-09-12,16:56,228
18,6,2026-09-12,16:56,033
19,1,2026-09-12,16:56,461
19,0,2026-09-12,16:56,022
19,1,2026-09-12,16:56,629
19,-1,2026-09-12,16:56,414
20,1,2026-09-12,16:56,409
20,1,2026-09-12,16:56,015
20,-1,2026-09-12,16:56,023
21,0,2026-09-12,16:56,479
21,2,2026-09-12,16:56,465
21,-1,2026-09-12,16:56,487
23,2,2026-09-12,16:56,043
24,-1,2026-09-12,16:56,822
24,0,2026-09-12,16:56,388
25,2,2026-09-12,16:56,024
25,3,2026-09-12,16:56,413
26,-1,2026-09-12,16:56,011
26,3,2026-09-12,16:56,322
27,0,2026-09-12,16:56,318
27,2,2026-09-12,16:56,306
28,2,2026-09-12,16:56,028
28,2,2026-09-12,16:56,020
29,-2,2026-09-12,16:56,035
29,-1,2026-09-12,16:56,206
30,-1,2026-09-12,16:56,237
50,0,2026-09-12,16:56,013
50,0,2026-09-12,16:56,013
100,2,2026-09-12,16:56,412
100,0,2026-09-12,16:56,625
100,0,2026-09-12,16:56,412
101,1,2026-09-12,16:56,218
102,1,2026-09-12,16:56,926
103,0,2026-09-12,16:56,034
103,-1,2026-09-12,16:56,039
105,1,2026-09-12,16:56,311
107,-1,2026-09-12,16:56,009
107,-1,2026-09-12,16:56,929
108,-1,2026-09-12,16:56,227
1,1,2026-09-12,18:53,216
2,6,2026-09-12,18:53,008
2,1,2026-09-12,18:53,820
3,1,2026-09-12,18:54,382
3,-1,2026-09-12,18:54,325
4,3,2026-09-12,18:54,497
4,-1,2026-09-12,18:54,488
4,1,2026-09-12,18:54,466
4,2,2026-09-12,18:54,464
5,0,2026-09-12,18:54,395
5,0,2026-09-12,18:54,390
5,6,2026-09-12,18:54,390
5,0,2026-09-12,18:54,391
6,-1,2026-09-12,18:54,045
7,1,2026-09-12,18:54,036
7,2,2026-09-12,18:54,037
8,1,2026-09-12,18:54,312
8,2,2026-09-12,18:54,041
9,1,2026-09-12,18:54,256
9,2,2026-09-12,18:54,001
9,0,2026-09-12,18:54,262
9,1,2026-09-12,18:54,004
10,1,2026-09-12,18:54,484
10,0,2026-09-12,18:54,482
11,2,2026-09-12,18:54,025
11,4,2026-09-12,18:54,018
12,3,2026-09-12,18:54,049
12,2,2026-09-12,18:54,012
14,1,2026-09-12,18:54,788
14,-1,2026-09-12,18:54,029
14,1,2026-09-12,18:54,410
14,0,2026-09-12,18:54,788
15,0,2026-09-12,18:54,224
15,1,2026-09-12,18:54,225
15,0,2026-09-12,18:54,224
16,1,2026-09-12,18:54,493
16,-1,2026-09-12,18:54,476
16,-1,2026-09-12,18:54,494
17,0,2026-09-12,18:54,042
17,3,2026-09-12,18:54,359
17,-1,2026-09-12,18:54,324
18,-2,2026-09-12,18:54,211
18,0,2026-09-12,18:54,228
18,-1,2026-09-12,18:54,033
19,0,2026-09-12,18:54,461
19,0,2026-09-12,18:54,022
19,2,2026-09-12,18:54,414
20,2,2026-09-12,18:54,409
20,1,2026-09-12,18:54,017
20,0,2026-09-12,18:54,015
21,3,2026-09-12,18:54,487
21,0,2026-09-12,18:54,479
21,1,2026-09-12,18:54,479
23,0,2026-09-12,18:54,930
24,3,2026-09-12,18:54,383
24,-1,2026-09-12,18:54,388
24,0,2026-09-12,18:54,350
24,1,2026-09-12,18:54,350
24,0,2026-09-12,18:54,383
25,0,2026-09-12,18:54,413
25,0,2026-09-12,18:54,021
26,2,2026-09-12,18:54,322
27,-1,2026-09-12,18:54,318
28,0,2026-09-12,18:54,028
28,0,2026-09-12,18:54,020
29,1,2026-09-12,18:54,206
30,-1,2026-09-12,18:54,237
100,1,2026-09-12,18:54,412
100,-1,2026-09-12,18:54,625
101,-1,2026-09-12,18:54,218
102,-1,2026-09-12,18:54,926
103,3,2026-09-12,18:54,034
103,0,2026-09-12,18:54,039
105,1,2026-09-12,18:54,311
107,-1,2026-09-12,18:54,929
1,0,2026-09-12,21:05,229
4,3,2026-09-12,21:05,488
5,1,2026-09-12,21:05,390
6,1,2026-09-12,21:05,045
7,0,2026-09-12,21:05,235
7,0,2026-09-12,21:05,036
10,1,2026-09-12,21:05,482
14,1,2026-09-12,21:05,029
16,0,2026-09-12,21:05,493
18,1,2026-09-12,21:05,228
19,-1,2026-09-12,21:05,461
20,0,2026-09-12,21:05,409
20,0,2026-09-12,21:05,409
21,1,2026-09-12,21:05,492
21,0,2026-09-12,21:05,487
21,-1,2026-09-12,21:05,479
24,0,2026-09-12,21:05,350
24,0,2026-09-12,21:05,383
27,-1,2026-09-12,21:05,318
27,0,2026-09-12,21:05,318
100,0,2026-09-12,21:05,412
102,-1,2026-09-12,21:05,926
103,4,2026-09-12,21:05,034
105,4,2026-09-12,21:05,311
1,-1,2026-09-13,05:21,040
1,0,2026-09-13,05:21,241
1,1,2026-09-13,05:21,209
2,1,2026-09-13,05:21,008
3,0,2026-09-13,05:21,382
3,2,2026-09-13,05:21,043
3,1,2026-09-13,05:21,047
4,0,2026-09-13,05:21,494
4,1,2026-09-13,05:21,629
5,1,2026-09-13,05:21,385
5,2,2026-09-13,05:21,374
5,0,2026-09-13,05:21,380
6,-1,2026-09-13,05:21,042
6,1,2026-09-13,05:21,010
7,0,2026-09-13,05:21,219
7,-1,2026-09-13,05:21,208
7,0,2026-09-13,05:21,206
8,-1,2026-09-13,05:21,041
8,-1,2026-09-13,05:21,325
9,1,2026-09-13,05:21,235
9,2,2026-09-13,05:21,032
9,0,2026-09-13,05:21,002
9,-1,2026-09-13,05:21,262
10,0,2026-09-13,05:21,479
10,0,2026-09-13,05:21,625
11,0,2026-09-13,05:21,028
11,-1,2026-09-13,05:21,017
12,3,2026-09-13,05:21,049
13,0,2026-09-13,05:21,227
14,-1,2026-09-13,05:21,024
14,0,2026-09-13,05:21,022
15,0,2026-09-13,05:21,035
15,0,2026-09-13,05:21,035
16,2,2026-09-13,05:21,498
16,1,2026-09-13,05:21,488
17,-1,2026-09-13,05:21,311
17,0,2026-09-13,05:21,324
18,-1,2026-09-13,05:21,225
18,2,2026-09-13,05:22,004
19,1,2026-09-13,05:22,015
19,1,2026-09-13,05:22,414
20,2,2026-09-13,05:22,030
20,1,2026-09-13,05:22,021
20,-1,2026-09-13,05:22,023
21,0,2026-09-13,05:22,465
21,0,2026-09-13,05:22,478
21,3,2026-09-13,05:22,478
22,0,2026-09-13,05:22,025
24,-1,2026-09-13,05:22,822
24,5,2026-09-13,05:22,389
24,-1,2026-09-13,05:22,368
25,1,2026-09-13,05:22,014
25,1,2026-09-13,05:22,019
26,-1,2026-09-13,05:22,044
26,0,2026-09-13,05:22,323
26,-1,2026-09-13,05:22,323
27,0,2026-09-13,05:22,046
27,0,2026-09-13,05:22,046
28,0,2026-09-13,05:22,013
28,-2,2026-09-13,05:22,789
29,0,2026-09-13,05:22,037
29,0,2026-09-13,05:22,034
30,2,2026-09-13,05:22,036
50,-1,2026-09-13,05:22,018
100,0,2026-09-13,05:22,499
100,0,2026-09-13,05:22,029
101,0,2026-09-13,05:22,006
102,0,2026-09-13,05:22,930
104,0,2026-09-13,05:22,929
105,1,2026-09-13,05:22,927
107,0,2026-09-13,05:22,048
109,-1,2026-09-13,05:22,039
109,0,2026-09-13,05:22,039
111,3,2026-09-13,05:22,001
1,-1,2026-09-13,10:23,040
1,0,2026-09-13,10:23,209
1,5,2026-09-13,10:23,209
1,1,2026-09-13,10:23,239
2,0,2026-09-13,10:23,008
2,2,2026-09-13,10:23,319
3,-1,2026-09-13,10:23,382
3,3,2026-09-13,10:23,043
3,1,2026-09-13,10:23,047
4,3,2026-09-13,10:23,629
5,1,2026-09-13,10:23,380
5,0,2026-09-13,10:23,387
5,-1,2026-09-13,10:23,374
6,-1,2026-09-13,10:23,042
6,2,2026-09-13,10:23,010
7,0,2026-09-13,10:23,219
7,3,2026-09-13,10:23,206
8,1,2026-09-13,10:23,041
8,1,2026-09-13,10:23,325
8,-1,2026-09-13,10:23,383
9,-1,2026-09-13,10:23,262
9,2,2026-09-13,10:23,235
9,0,2026-09-13,10:23,002
10,0,2026-09-13,10:23,625
10,3,2026-09-13,10:23,449
10,3,2026-09-13,10:23,449
10,-1,2026-09-13,10:23,479
11,-1,2026-09-13,10:23,028
11,2,2026-09-13,10:23,017
12,0,2026-09-13,10:23,011
12,-1,2026-09-13,10:23,012
13,0,2026-09-13,10:23,227
14,0,2026-09-13,10:23,024
14,-1,2026-09-13,10:23,022
15,3,2026-09-13,10:23,035
16,2,2026-09-13,10:23,493
16,1,2026-09-13,10:23,498
16,3,2026-09-13,10:23,486
16,-1,2026-09-13,10:23,488
17,-1,2026-09-13,10:23,311
18,1,2026-09-13,10:23,004
18,2,2026-09-13,10:23,005
19,2,2026-09-13,10:23,020
19,0,2026-09-13,10:23,015
20,1,2026-09-13,10:23,030
20,2,2026-09-13,10:23,021
20,-1,2026-09-13,10:23,023
21,3,2026-09-13,10:23,467
21,1,2026-09-13,10:23,480
21,0,2026-09-13,10:23,465
21,2,2026-09-13,10:23,465
21,1,2026-09-13,10:23,478
21,0,2026-09-13,10:23,467
22,0,2026-09-13,10:23,025
23,0,2026-09-13,10:23,045
24,2,2026-09-13,10:23,389
24,2,2026-09-13,10:23,386
24,-1,2026-09-13,10:23,822
24,1,2026-09-13,10:23,384
24,0,2026-09-13,10:23,389
25,0,2026-09-13,10:23,019
25,4,2026-09-13,10:23,014
26,6,2026-09-13,10:23,044
26,1,2026-09-13,10:23,323
27,-1,2026-09-13,10:23,931
28,-1,2026-09-13,10:23,789
28,-1,2026-09-13,10:23,016
28,2,2026-09-13,10:23,013
29,1,2026-09-13,10:23,034
29,3,2026-09-13,10:23,037
30,-1,2026-09-13,10:23,036
50,-1,2026-09-13,10:23,018
100,2,2026-09-13,10:23,497
100,1,2026-09-13,10:23,029
100,0,2026-09-13,10:23,499
102,1,2026-09-13,10:23,930
103,1,2026-09-13,10:23,234
103,0,2026-09-13,10:23,232
105,0,2026-09-13,10:23,927
105,2,2026-09-13,10:23,927
107,3,2026-09-13,10:23,048
108,2,2026-09-13,10:24,229
113,-1,2026-09-13,10:24,038
123,0,2026-09-13,10:24,926
1,2,2026-09-13,14:29,241
1,5,2026-09-13,14:29,239
1,1,2026-09-13,14:29,209
2,2,2026-09-13,14:29,007
2,-1,2026-09-13,14:29,009
3,-1,2026-09-13,14:29,043
3,0,2026-09-13,14:29,047
3,0,2026-09-13,14:29,382
4,2,2026-09-13,14:29,629
4,0,2026-09-13,14:29,470
4,0,2026-09-13,14:29,494
5,0,2026-09-13,14:29,380
5,-1,2026-09-13,14:29,385
5,1,2026-09-13,14:29,387
5,1,2026-09-13,14:29,374
5,0,2026-09-13,14:29,380
6,0,2026-09-13,14:29,010
6,2,2026-09-13,14:29,042
7,1,2026-09-13,14:29,206
7,-1,2026-09-13,14:29,219
8,1,2026-09-13,14:29,325
8,0,2026-09-13,14:29,383
8,-1,2026-09-13,14:29,041
9,-1,2026-09-13,14:29,235
9,-1,2026-09-13,14:29,032
9,1,2026-09-13,14:29,262
10,0,2026-09-13,14:29,625
10,1,2026-09-13,14:29,449
10,1,2026-09-13,14:29,449
11,1,2026-09-13,14:29,017
11,2,2026-09-13,14:29,028
12,-1,2026-09-13,14:29,012
12,0,2026-09-13,14:29,011
13,-1,2026-09-13,14:29,227
13,0,2026-09-13,14:29,227
14,2,2026-09-13,14:29,024
14,1,2026-09-13,14:29,024
15,0,2026-09-13,14:29,035
16,1,2026-09-13,14:29,486
16,0,2026-09-13,14:29,488
16,0,2026-09-13,14:29,493
16,-1,2026-09-13,14:29,498
17,2,2026-09-13,14:29,312
17,-1,2026-09-13,14:29,311
18,1,2026-09-13,14:29,225
18,0,2026-09-13,14:29,004
19,-1,2026-09-13,14:29,026
19,0,2026-09-13,14:29,015
20,2,2026-09-13,14:29,021
20,2,2026-09-13,14:29,023
20,0,2026-09-13,14:29,030
21,-1,2026-09-13,14:29,480
21,0,2026-09-13,14:29,478
21,-1,2026-09-13,14:29,467
23,1,2026-09-13,14:29,045
24,0,2026-09-13,14:29,389
24,0,2026-09-13,14:29,386
24,0,2026-09-13,14:29,384
24,0,2026-09-13,14:29,389
25,1,2026-09-13,14:29,019
25,1,2026-09-13,14:29,014
26,1,2026-09-13,14:29,044
26,2,2026-09-13,14:29,323
27,0,2026-09-13,14:29,931
28,-1,2026-09-13,14:29,016
28,0,2026-09-13,14:29,013
29,0,2026-09-13,14:29,034
30,-1,2026-09-13,14:29,036
50,0,2026-09-13,14:29,018
50,0,2026-09-13,14:29,018
100,1,2026-09-13,14:29,499
100,4,2026-09-13,14:29,497
100,1,2026-09-13,14:29,029
101,0,2026-09-13,14:29,039
102,-1,2026-09-13,14:29,930
103,-1,2026-09-13,14:29,234
103,0,2026-09-13,14:29,232
104,1,2026-09-13,14:29,929
105,0,2026-09-13,14:30,927
105,-1,2026-09-13,14:30,927
107,2,2026-09-13,14:30,048
108,1,2026-09-13,14:30,229
111,1,2026-09-13,14:30,001
112,1,2026-09-13,14:30,238
1,4,2026-09-13,17:33,040
1,-1,2026-09-13,17:33,241
1,0,2026-09-13,17:33,239
2,3,2026-09-13,17:33,008
2,0,2026-09-13,17:33,007
3,1,2026-09-13,17:33,043
3,0,2026-09-13,17:33,047
4,3,2026-09-13,17:33,494
4,2,2026-09-13,17:33,470
5,0,2026-09-13,17:33,374
5,1,2026-09-13,17:33,380
6,-1,2026-09-13,17:33,010
7,-1,2026-09-13,17:33,206
7,2,2026-09-13,17:33,219
8,3,2026-09-13,17:33,041
8,-1,2026-09-13,17:33,325
8,2,2026-09-13,17:33,383
9,2,2026-09-13,17:33,262
9,-1,2026-09-13,17:33,002
10,4,2026-09-13,17:33,449
10,2,2026-09-13,17:33,479
11,2,2026-09-13,17:33,028
11,2,2026-09-13,17:33,017
12,1,2026-09-13,17:33,049
13,0,2026-09-13,17:33,227
14,-1,2026-09-13,17:33,022
14,1,2026-09-13,17:33,024
15,5,2026-09-13,17:33,031
16,3,2026-09-13,17:33,498
16,-1,2026-09-13,17:33,488
16,3,2026-09-13,17:33,493
17,1,2026-09-13,17:33,324
17,1,2026-09-13,17:33,312
18,2,2026-09-13,17:33,004
19,3,2026-09-13,17:33,414
19,2,2026-09-13,17:33,015
20,2,2026-09-13,17:33,021
20,0,2026-09-13,17:33,030
21,2,2026-09-13,17:33,465
21,1,2026-09-13,17:33,618
21,2,2026-09-13,17:33,467
21,0,2026-09-13,17:33,465
23,3,2026-09-13,17:33,045
24,2,2026-09-13,17:33,386
24,-1,2026-09-13,17:33,822
24,0,2026-09-13,17:33,389
25,2,2026-09-13,17:33,019
25,2,2026-09-13,17:33,014
26,1,2026-09-13,17:33,323
26,-1,2026-09-13,17:33,044
27,0,2026-09-13,17:33,046
28,2,2026-09-13,17:33,013
28,1,2026-09-13,17:33,016
29,0,2026-09-13,17:33,034
29,-1,2026-09-13,17:33,037
30,1,2026-09-13,17:33,036
30,2,2026-09-13,17:33,036
100,1,2026-09-13,17:34,499
100,3,2026-09-13,17:34,497
101,1,2026-09-13,17:34,039
102,5,2026-09-13,17:34,930
103,-1,2026-09-13,17:34,234
105,2,2026-09-13,17:34,927
107,-1,2026-09-13,17:34,048
112,1,2026-09-13,17:34,238
112,0,2026-09-13,17:34,238
1,1,2026-09-13,19:42,239
1,1,2026-09-13,19:42,040
2,0,2026-09-13,19:42,008
2,0,2026-09-13,19:42,007
3,0,2026-09-13,19:42,047
3,0,2026-09-13,19:42,043
4,1,2026-09-13,19:42,629
4,0,2026-09-13,19:42,470
5,1,2026-09-13,19:42,385
5,0,2026-09-13,19:42,374
5,0,2026-09-13,19:42,374
5,-1,2026-09-13,19:42,380
6,0,2026-09-13,19:42,010
7,-1,2026-09-13,19:42,219
8,0,2026-09-13,19:42,325
8,2,2026-09-13,19:42,041
9,1,2026-09-13,19:42,235
9,0,2026-09-13,19:42,002
9,-1,2026-09-13,19:42,262
10,0,2026-09-13,19:42,479
10,2,2026-09-13,19:42,449
10,2,2026-09-13,19:42,449
11,4,2026-09-13,19:42,017
11,-2,2026-09-13,19:42,028
12,1,2026-09-13,19:42,049
12,1,2026-09-13,19:42,012
13,0,2026-09-13,19:42,227
14,2,2026-09-13,19:42,024
14,4,2026-09-13,19:42,022
15,4,2026-09-13,19:42,031
16,2,2026-09-13,19:42,488
16,2,2026-09-13,19:42,493
16,-1,2026-09-13,19:42,498
17,0,2026-09-13,19:42,311
17,1,2026-09-13,19:42,312
17,1,2026-09-13,19:42,324
18,0,2026-09-13,19:42,004
18,1,2026-09-13,19:42,225
19,0,2026-09-13,19:42,026
19,0,2026-09-13,19:42,015
19,1,2026-09-13,19:42,414
20,1,2026-09-13,19:42,023
20,-1,2026-09-13,19:42,030
20,0,2026-09-13,19:42,021
21,0,2026-09-13,19:42,467
21,0,2026-09-13,19:42,618
21,0,2026-09-13,19:42,618
21,0,2026-09-13,19:42,467
24,-1,2026-09-13,19:42,386
24,-1,2026-09-13,19:42,389
25,0,2026-09-13,19:42,014
25,1,2026-09-13,19:43,019
26,0,2026-09-13,19:43,044
26,1,2026-09-13,19:43,323
27,0,2026-09-13,19:43,046
28,2,2026-09-13,19:43,013
28,0,2026-09-13,19:43,016
29,0,2026-09-13,19:43,034
29,1,2026-09-13,19:43,037
100,3,2026-09-13,19:43,497
100,0,2026-09-13,19:43,499
101,0,2026-09-13,19:43,039
103,0,2026-09-13,19:43,234
103,2,2026-09-13,19:43,232
7,0,2026-09-13,21:43,206
7,1,2026-09-14,01:32,036
1,3,2026-09-14,06:56,253
1,1,2026-09-14,06:56,260
1,0,2026-09-14,06:56,251
1,4,2026-09-14,06:56,227
2,5,2026-09-14,06:56,367
2,0,2026-09-14,06:56,319
2,0,2026-09-14,06:56,806
2,0,2026-09-14,06:56,378
3,5,2026-09-14,06:56,361
3,-1,2026-09-14,06:56,353
3,4,2026-09-14,06:56,377
3,1,2026-09-14,06:56,366
4,6,2026-09-14,06:56,475
4,0,2026-09-14,06:56,461
4,3,2026-09-14,06:56,625
4,4,2026-09-14,06:56,480
5,2,2026-09-14,06:56,382
5,0,2026-09-14,06:56,391
5,-4,2026-09-14,06:56,384
5,3,2026-09-14,06:56,387
5,0,2026-09-14,06:56,824
5,-1,2026-09-14,06:56,355
6,3,2026-09-14,06:56,321
6,2,2026-09-14,06:56,041
6,3,2026-09-14,06:56,011
7,1,2026-09-14,06:56,036
7,4,2026-09-14,06:56,002
7,4,2026-09-14,06:56,257
7,1,2026-09-14,06:56,256
8,2,2026-09-14,06:56,385
8,2,2026-09-14,06:56,357
8,1,2026-09-14,06:56,362
8,-1,2026-09-14,06:56,007
9,0,2026-09-14,06:56,254
9,5,2026-09-14,06:56,213
9,1,2026-09-14,06:56,264
9,2,2026-09-14,06:56,261
9,0,2026-09-14,06:56,138
10,0,2026-09-14,06:56,628
10,5,2026-09-14,06:56,467
10,5,2026-09-14,06:56,467
10,6,2026-09-14,06:56,482
10,0,2026-09-14,06:56,477
11,0,2026-09-14,06:56,026
11,1,2026-09-14,06:56,618
12,0,2026-09-14,06:56,373
12,2,2026-09-14,06:56,350
12,2,2026-09-14,06:56,380
13,2,2026-09-14,06:56,202
13,7,2026-09-14,06:56,034
13,0,2026-09-14,06:56,032
14,2,2026-09-14,06:56,013
14,0,2026-09-14,06:56,015
14,1,2026-09-14,06:56,017
14,1,2026-09-14,06:56,013
15,8,2026-09-14,06:56,209
15,-1,2026-09-14,06:56,035
16,1,2026-09-14,06:56,614
16,4,2026-09-14,06:56,494
16,2,2026-09-14,06:56,620
16,2,2026-09-14,06:56,458
16,0,2026-09-14,06:56,627
16,2,2026-09-14,06:56,616
17,6,2026-09-14,06:56,375
17,1,2026-09-14,06:56,049
17,1,2026-09-14,06:56,381
18,2,2026-09-14,06:56,208
18,1,2026-09-14,06:56,037
18,2,2026-09-14,06:56,228
19,3,2026-09-14,06:56,487
19,1,2026-09-14,06:56,464
19,1,2026-09-14,06:56,497
19,-1,2026-09-14,06:56,621
19,1,2026-09-14,06:56,486
20,-1,2026-09-14,06:56,403
20,-1,2026-09-14,06:56,018
20,-1,2026-09-14,06:56,028
20,0,2026-09-14,06:56,512
20,2,2026-09-14,06:56,406
20,1,2026-09-14,06:56,023
21,4,2026-09-14,06:56,466
21,2,2026-09-14,06:56,471
21,-1,2026-09-14,06:56,479
21,-1,2026-09-14,06:56,472
21,3,2026-09-14,06:56,493
21,1,2026-09-14,06:56,449
21,0,2026-09-14,06:56,466
22,2,2026-09-14,06:56,021
22,0,2026-09-14,06:56,029
23,-1,2026-09-14,06:56,047
23,6,2026-09-14,06:56,009
24,2,2026-09-14,06:56,372
24,-1,2026-09-14,06:56,386
24,-1,2026-09-14,06:56,352
24,3,2026-09-14,06:56,370
24,0,2026-09-14,06:56,372
25,4,2026-09-14,06:56,024
25,1,2026-09-14,06:56,474
25,1,2026-09-14,06:56,020
26,0,2026-09-14,06:57,354
26,2,2026-09-14,06:57,821
26,2,2026-09-14,06:57,369
27,0,2026-09-14,06:57,045
27,-2,2026-09-14,06:57,318
27,0,2026-09-14,06:57,010
28,3,2026-09-14,06:57,788
28,-1,2026-09-14,06:57,022
28,0,2026-09-14,06:57,405
28,1,2026-09-14,06:57,789
29,4,2026-09-14,06:57,235
29,0,2026-09-14,06:57,236
29,2,2026-09-14,06:57,219
29,3,2026-09-14,06:57,040
30,2,2026-09-14,06:57,039
50,0,2026-09-14,06:57,030
50,0,2026-09-14,06:57,014
100,1,2026-09-14,06:57,498
100,4,2026-09-14,06:57,499
100,-1,2026-09-14,06:57,457
100,2,2026-09-14,06:57,470
101,-1,2026-09-14,06:57,031
102,-1,2026-09-14,06:57,315
103,2,2026-09-14,06:57,222
104,-1,2026-09-14,06:57,313
104,15,2026-09-14,06:57,312
105,0,2026-09-14,06:57,042
105,0,2026-09-14,06:57,314
105,1,2026-09-14,06:57,314
107,0,2026-09-14,06:57,043
107,0,2026-09-14,06:57,048
108,-3,2026-09-14,06:57,225
109,2,2026-09-14,06:57,233
111,1,2026-09-14,06:57,241
112,-1,2026-09-14,06:57,239
142,1,2026-09-14,06:57,926
1,5,2026-09-14,13:35,259
1,2,2026-09-14,13:35,227
1,-1,2026-09-14,13:35,263
1,4,2026-09-14,13:35,250
1,4,2026-09-14,13:35,260
1,2,2026-09-14,13:35,253
2,6,2026-09-14,13:35,044
2,-1,2026-09-14,13:35,395
2,1,2026-09-14,13:35,806
2,2,2026-09-14,13:35,319
2,1,2026-09-14,13:35,371
3,5,2026-09-14,13:35,377
3,2,2026-09-14,13:35,368
3,1,2026-09-14,13:35,807
3,2,2026-09-14,13:35,361
3,2,2026-09-14,13:35,353
4,6,2026-09-14,13:35,469
4,9,2026-09-14,13:35,475
4,2,2026-09-14,13:35,461
4,20,2026-09-14,13:35,016
4,6,2026-09-14,13:35,484
4,2,2026-09-14,13:35,625
4,1,2026-09-14,13:35,626
5,2,2026-09-14,13:35,824
5,0,2026-09-14,13:35,355
5,0,2026-09-14,13:35,382
5,0,2026-09-14,13:35,391
5,0,2026-09-14,13:35,384
5,5,2026-09-14,13:35,391
5,-1,2026-09-14,13:35,384
5,3,2026-09-14,13:35,383
5,2,2026-09-14,13:35,387
5,0,2026-09-14,13:35,824
6,4,2026-09-14,13:36,312
6,0,2026-09-14,13:36,041
6,3,2026-09-14,13:36,011
6,-1,2026-09-14,13:36,304
7,6,2026-09-14,13:36,221
7,3,2026-09-14,13:36,256
7,3,2026-09-14,13:36,036
7,3,2026-09-14,13:36,006
7,2,2026-09-14,13:36,257
8,-2,2026-09-14,13:36,349
8,2,2026-09-14,13:36,323
8,0,2026-09-14,13:36,362
8,5,2026-09-14,13:36,007
8,1,2026-09-14,13:36,389
8,0,2026-09-14,13:36,385
9,2,2026-09-14,13:36,138
9,2,2026-09-14,13:36,266
9,3,2026-09-14,13:36,254
9,2,2026-09-14,13:36,136
9,-1,2026-09-14,13:36,264
10,2,2026-09-14,13:36,463
10,2,2026-09-14,13:36,654
10,-1,2026-09-14,13:36,467
10,1,2026-09-14,13:36,453
10,2,2026-09-14,13:36,453
10,1,2026-09-14,13:36,460
10,0,2026-09-14,13:36,468
11,1,2026-09-14,13:36,508
11,0,2026-09-14,13:36,410
11,-2,2026-09-14,13:36,622
11,1,2026-09-14,13:36,019
12,3,2026-09-14,13:36,350
12,-1,2026-09-14,13:36,322
12,2,2026-09-14,13:36,325
12,0,2026-09-14,13:36,380
13,3,2026-09-14,13:36,202
13,-3,2026-09-14,13:36,032
13,3,2026-09-14,13:36,034
14,2,2026-09-14,13:36,017
14,-1,2026-09-14,13:36,013
14,2,2026-09-14,13:36,015
14,1,2026-09-14,13:36,025
15,4,2026-09-14,13:36,209
16,2,2026-09-14,13:36,459
16,3,2026-09-14,13:36,458
16,2,2026-09-14,13:36,627
16,3,2026-09-14,13:36,616
16,0,2026-09-14,13:36,494
16,1,2026-09-14,13:36,456
16,2,2026-09-14,13:36,620
16,1,2026-09-14,13:36,492
17,3,2026-09-14,13:36,375
17,-1,2026-09-14,13:36,351
17,4,2026-09-14,13:36,381
17,0,2026-09-14,13:36,376
18,3,2026-09-14,13:36,206
18,4,2026-09-14,13:36,208
18,0,2026-09-14,13:36,038
19,4,2026-09-14,13:36,464
19,-1,2026-09-14,13:36,497
19,5,2026-09-14,13:36,488
19,2,2026-09-14,13:36,621
19,0,2026-09-14,13:36,486
19,1,2026-09-14,13:36,487
20,2,2026-09-14,13:36,406
20,3,2026-09-14,13:36,023
20,0,2026-09-14,13:36,403
20,6,2026-09-14,13:36,028
20,1,2026-09-14,13:36,512
21,5,2026-09-14,13:36,449
21,1,2026-09-14,13:36,466
21,1,2026-09-14,13:36,471
21,-1,2026-09-14,13:36,479
21,0,2026-09-14,13:36,472
21,3,2026-09-14,13:36,472
21,0,2026-09-14,13:36,476
21,1,2026-09-14,13:36,493
21,0,2026-09-14,13:36,449
22,7,2026-09-14,13:36,414
22,2,2026-09-14,13:36,021
23,3,2026-09-14,13:36,047
23,1,2026-09-14,13:36,046
23,1,2026-09-14,13:36,009
24,2,2026-09-14,13:36,372
24,-1,2026-09-14,13:36,386
24,0,2026-09-14,13:36,358
24,3,2026-09-14,13:36,358
24,3,2026-09-14,13:36,388
24,-1,2026-09-14,13:36,370
24,-1,2026-09-14,13:36,820
25,5,2026-09-14,13:36,452
25,1,2026-09-14,13:36,474
25,0,2026-09-14,13:36,020
25,3,2026-09-14,13:36,020
25,3,2026-09-14,13:36,465
25,-2,2026-09-14,13:36,024
26,6,2026-09-14,13:36,369
26,0,2026-09-14,13:36,354
26,4,2026-09-14,13:36,324
26,-1,2026-09-14,13:36,821
27,0,2026-09-14,13:36,316
27,0,2026-09-14,13:36,010
27,0,2026-09-14,13:36,318
27,1,2026-09-14,13:36,045
28,3,2026-09-14,13:36,022
28,0,2026-09-14,13:36,412
28,5,2026-09-14,13:36,789
28,4,2026-09-14,13:36,405
29,-1,2026-09-14,13:36,236
29,4,2026-09-14,13:36,219
29,1,2026-09-14,13:36,040
30,9,2026-09-14,13:36,216
30,3,2026-09-14,13:36,039
50,0,2026-09-14,13:36,030
50,0,2026-09-14,13:36,014
100,10,2026-09-14,13:36,629
100,2,2026-09-14,13:36,499
100,-1,2026-09-14,13:36,451
100,-1,2026-09-14,13:36,457
100,3,2026-09-14,13:36,470
100,0,2026-09-14,13:36,498
101,0,2026-09-14,13:36,205
101,1,2026-09-14,13:36,205
101,-1,2026-09-14,13:36,031
102,1,2026-09-14,13:36,315
103,7,2026-09-14,13:36,001
103,0,2026-09-14,13:36,218
103,2,2026-09-14,13:36,262
104,5,2026-09-14,13:36,313
104,0,2026-09-14,13:36,309
105,6,2026-09-14,13:36,042
105,8,2026-09-14,13:36,042
105,2,2026-09-14,13:36,314
107,6,2026-09-14,13:36,048
107,3,2026-09-14,13:36,043
108,-1,2026-09-14,13:36,225
109,-1,2026-09-14,13:36,233
111,-1,2026-09-14,13:36,230
111,-1,2026-09-14,13:36,241
112,18,2026-09-14,13:36,239
112,11,2026-09-14,13:36,239
113,2,2026-09-14,13:36,033
122,2,2026-09-14,13:36,310
123,2,2026-09-14,13:36,930
132,0,2026-09-14,13:36,315
142,0,2026-09-14,13:36,926
1,1,2026-09-14,18:50,253
1,2,2026-09-14,18:50,250
1,-1,2026-09-14,18:50,260
2,0,2026-09-14,18:50,349
2,1,2026-09-14,18:50,371
2,1,2026-09-14,18:50,044
3,2,2026-09-14,18:50,377
3,0,2026-09-14,18:50,807
3,2,2026-09-14,18:50,374
3,0,2026-09-14,18:50,361
4,1,2026-09-14,18:50,619
4,0,2026-09-14,18:50,625
4,2,2026-09-14,18:50,475
4,1,2026-09-14,18:50,469
5,2,2026-09-14,18:50,383
5,1,2026-09-14,18:50,391
5,-1,2026-09-14,18:50,384
6,-1,2026-09-14,18:50,041
7,0,2026-09-14,18:50,257
7,-1,2026-09-14,18:50,256
7,1,2026-09-14,18:51,006
8,1,2026-09-14,18:51,389
8,1,2026-09-14,18:51,359
8,3,2026-09-14,18:51,362
9,1,2026-09-14,18:51,136
9,1,2026-09-14,18:51,138
9,1,2026-09-14,18:51,254
10,0,2026-09-14,18:51,468
10,1,2026-09-14,18:51,463
11,0,2026-09-14,18:51,410
11,3,2026-09-14,18:51,026
11,-1,2026-09-14,18:51,019
12,2,2026-09-14,18:51,322
12,2,2026-09-14,18:51,380
12,-1,2026-09-14,18:51,008
13,0,2026-09-14,18:51,034
14,0,2026-09-14,18:51,015
14,1,2026-09-14,18:51,013
15,2,2026-09-14,18:51,209
15,1,2026-09-14,18:51,229
16,5,2026-09-14,18:51,620
16,-1,2026-09-14,18:51,492
16,1,2026-09-14,18:51,614
16,-1,2026-09-14,18:51,494
17,1,2026-09-14,18:51,822
17,-2,2026-09-14,18:51,376
17,1,2026-09-14,18:51,375
18,3,2026-09-14,18:51,208
18,2,2026-09-14,18:51,037
18,-1,2026-09-14,18:51,228
18,0,2026-09-14,18:51,206
19,0,2026-09-14,18:51,487
19,2,2026-09-14,18:51,497
20,0,2026-09-14,18:51,023
20,2,2026-09-14,18:51,028
20,0,2026-09-14,18:51,512
21,1,2026-09-14,18:51,449
21,0,2026-09-14,18:51,471
21,3,2026-09-14,18:51,471
21,1,2026-09-14,18:51,472
21,0,2026-09-14,18:51,449
22,2,2026-09-14,18:51,021
23,1,2026-09-14,18:51,046
23,-1,2026-09-14,18:51,009
23,2,2026-09-14,18:51,047
24,0,2026-09-14,18:51,370
24,1,2026-09-14,18:51,366
25,0,2026-09-14,18:51,020
25,0,2026-09-14,18:51,024
25,2,2026-09-14,18:51,024
26,1,2026-09-14,18:51,821
26,2,2026-09-14,18:51,369
27,1,2026-09-14,18:51,010
28,0,2026-09-14,18:51,789
28,1,2026-09-14,18:51,022
28,0,2026-09-14,18:51,412
29,3,2026-09-14,18:51,040
29,0,2026-09-14,18:51,236
29,0,2026-09-14,18:51,237
30,1,2026-09-14,18:51,039
50,0,2026-09-14,18:51,014
100,0,2026-09-14,18:51,499
100,-1,2026-09-14,18:51,457
100,-1,2026-09-14,18:51,498
100,0,2026-09-14,18:51,499
101,0,2026-09-14,18:51,224
102,-1,2026-09-14,18:51,310
103,2,2026-09-14,18:51,218
103,3,2026-09-14,18:51,001
104,5,2026-09-14,18:51,309
105,1,2026-09-14,18:51,042
107,4,2026-09-14,18:51,048
108,0,2026-09-14,18:51,225
112,1,2026-09-14,18:51,239
142,0,2026-09-14,18:51,926
1,5,2026-09-15,05:14,036
1,1,2026-09-15,05:14,250
1,0,2026-09-15,05:14,256
1,2,2026-09-15,05:14,136
1,1,2026-09-15,05:14,217
1,1,2026-09-15,05:14,253
2,3,2026-09-15,05:14,042
2,0,2026-09-15,05:14,381
2,1,2026-09-15,05:14,806
2,0,2026-09-15,05:14,010
2,1,2026-09-15,05:14,354
3,0,2026-09-15,05:14,369
3,1,2026-09-15,05:14,371
3,1,2026-09-15,05:14,822
3,2,2026-09-15,05:14,820
4,1,2026-09-15,05:14,469
4,-2,2026-09-15,05:14,463
4,0,2026-09-15,05:14,654
4,1,2026-09-15,05:14,458
5,0,2026-09-15,05:14,387
5,3,2026-09-15,05:14,373
5,1,2026-09-15,05:14,380
5,0,2026-09-15,05:14,370
5,0,2026-09-15,05:14,370
5,1,2026-09-15,05:14,385
5,0,2026-09-15,05:14,349
5,0,2026-09-15,05:14,387
6,-1,2026-09-15,05:14,318
6,-1,2026-09-15,05:14,043
6,5,2026-09-15,05:14,305
6,-1,2026-09-15,05:14,012
7,0,2026-09-15,05:14,005
7,1,2026-09-15,05:14,238
7,6,2026-09-15,05:14,264
7,2,2026-09-15,05:14,138
7,-1,2026-09-15,05:14,033
8,1,2026-09-15,05:14,359
8,0,2026-09-15,05:14,323
8,0,2026-09-15,05:14,390
8,1,2026-09-15,05:14,378
8,-1,2026-09-15,05:14,311
8,3,2026-09-15,05:14,365
9,-2,2026-09-15,05:14,263
9,0,2026-09-15,05:14,234
9,1,2026-09-15,05:14,259
9,3,2026-09-15,05:14,257
9,1,2026-09-15,05:14,251
9,1,2026-09-15,05:14,002
10,4,2026-09-15,05:15,479
10,0,2026-09-15,05:15,626
10,3,2026-09-15,05:15,462
10,3,2026-09-15,05:15,462
10,1,2026-09-15,05:15,629
10,0,2026-09-15,05:15,459
11,-1,2026-09-15,05:15,029
11,1,2026-09-15,05:15,023
11,2,2026-09-15,05:15,465
11,0,2026-09-15,05:15,413
11,0,2026-09-15,05:15,625
11,1,2026-09-15,05:15,512
12,2,2026-09-15,05:15,368
12,-1,2026-09-15,05:15,350
12,1,2026-09-15,05:15,360
12,-1,2026-09-15,05:15,316
13,-1,2026-09-15,05:15,004
13,0,2026-09-15,05:15,202
13,-1,2026-09-15,05:15,225
13,0,2026-09-15,05:15,004
14,-1,2026-09-15,05:15,410
14,-1,2026-09-15,05:15,028
14,0,2026-09-15,05:15,022
14,0,2026-09-15,05:15,406
15,0,2026-09-15,05:15,230
15,1,2026-09-15,05:15,208
16,5,2026-09-15,05:15,624
16,1,2026-09-15,05:15,616
16,0,2026-09-15,05:15,627
16,-1,2026-09-15,05:15,456
16,-1,2026-09-15,05:15,499
16,1,2026-09-15,05:15,486
16,1,2026-09-15,05:15,619
16,2,2026-09-15,05:15,620
17,2,2026-09-15,05:15,366
17,-1,2026-09-15,05:15,351
17,3,2026-09-15,05:15,389
17,0,2026-09-15,05:15,357
18,0,2026-09-15,05:15,212
18,3,2026-09-15,05:15,241
18,2,2026-09-15,05:15,224
18,5,2026-09-15,05:15,235
19,4,2026-09-15,05:15,470
19,1,2026-09-15,05:15,468
19,2,2026-09-15,05:15,618
19,2,2026-09-15,05:15,453
19,1,2026-09-15,05:15,475
19,0,2026-09-15,05:15,451
20,2,2026-09-15,05:15,016
20,0,2026-09-15,05:15,013
20,3,2026-09-15,05:15,507
20,0,2026-09-15,05:15,412
20,1,2026-09-15,05:15,788
21,2,2026-09-15,05:15,487
21,-1,2026-09-15,05:15,494
21,1,2026-09-15,05:15,454
21,-1,2026-09-15,05:15,472
21,0,2026-09-15,05:15,467
21,-1,2026-09-15,05:15,467
21,2,2026-09-15,05:15,476
21,1,2026-09-15,05:15,492
21,0,2026-09-15,05:15,487
22,5,2026-09-15,05:15,025
22,3,2026-09-15,05:15,021
23,1,2026-09-15,05:15,044
23,0,2026-09-15,05:15,321
24,1,2026-09-15,05:15,352
24,0,2026-09-15,05:15,383
24,-1,2026-09-15,05:15,391
24,0,2026-09-15,05:15,367
24,0,2026-09-15,05:15,367
24,2,2026-09-15,05:15,377
25,2,2026-09-15,05:15,030
25,1,2026-09-15,05:15,461
25,-1,2026-09-15,05:15,452
25,0,2026-09-15,05:15,508
26,2,2026-09-15,05:15,306
26,-1,2026-09-15,05:15,376
26,3,2026-09-15,05:15,355
26,-1,2026-09-15,05:15,395
27,2,2026-09-15,05:15,048
27,1,2026-09-15,05:15,315
27,0,2026-09-15,05:15,325
27,0,2026-09-15,05:15,009
28,0,2026-09-15,05:15,014
28,-1,2026-09-15,05:15,402
28,0,2026-09-15,05:15,020
28,1,2026-09-15,05:15,408
29,1,2026-09-15,05:15,211
29,1,2026-09-15,05:15,206
29,-1,2026-09-15,05:15,239
30,0,2026-09-15,05:15,232
30,1,2026-09-15,05:15,232
100,1,2026-09-15,05:15,449
100,3,2026-09-15,05:15,484
100,0,2026-09-15,05:15,497
100,0,2026-09-15,05:15,455
100,1,2026-09-15,05:15,480
100,-1,2026-09-15,05:15,471
101,1,2026-09-15,05:15,204
101,1,2026-09-15,05:15,227
102,0,2026-09-15,05:15,313
103,2,2026-09-15,05:15,209
103,1,2026-09-15,05:15,237
103,-2,2026-09-15,05:15,260
104,1,2026-09-15,05:15,304
104,0,2026-09-15,05:15,312
105,1,2026-09-15,05:15,310
105,3,2026-09-15,05:15,319
105,-1,2026-09-15,05:15,314
107,2,2026-09-15,05:15,041
107,1,2026-09-15,05:15,008
108,0,2026-09-15,05:15,228
109,1,2026-09-15,05:15,035
111,-1,2026-09-15,05:15,037
111,2,2026-09-15,05:15,031
112,2,2026-09-15,05:15,032
112,0,2026-09-15,05:15,032
113,2,2026-09-15,05:15,038
123,2,2026-09-15,05:15,930
132,0,2026-09-15,05:15,320
142,3,2026-09-15,05:15,931
1,2,2026-09-15,10:06,217
1,2,2026-09-15,10:06,253
1,1,2026-09-15,10:06,254
1,3,2026-09-15,10:06,136
1,0,2026-09-15,10:06,250
2,1,2026-09-15,10:06,381
2,1,2026-09-15,10:06,010
2,1,2026-09-15,10:06,354
3,2,2026-09-15,10:06,820
3,1,2026-09-15,10:06,821
3,1,2026-09-15,10:06,371
3,-1,2026-09-15,10:06,822
4,1,2026-09-15,10:06,463
4,4,2026-09-15,10:06,622
4,0,2026-09-15,10:06,488
4,3,2026-09-15,10:06,498
5,0,2026-09-15,10:06,385
5,1,2026-09-15,10:06,349
5,0,2026-09-15,10:06,387
5,3,2026-09-15,10:06,387
5,2,2026-09-15,10:06,380
5,0,2026-09-15,10:06,382
5,-1,2026-09-15,10:06,370
6,2,2026-09-15,10:06,012
6,-1,2026-09-15,10:06,043
6,4,2026-09-15,10:06,305
7,4,2026-09-15,10:06,261
7,2,2026-09-15,10:06,033
7,0,2026-09-15,10:06,238
7,2,2026-09-15,10:06,264
8,3,2026-09-15,10:06,378
8,2,2026-09-15,10:06,311
8,0,2026-09-15,10:06,353
8,2,2026-09-15,10:06,390
9,0,2026-09-15,10:06,251
9,3,2026-09-15,10:06,002
9,3,2026-09-15,10:06,259
9,1,2026-09-15,10:06,262
10,5,2026-09-15,10:06,479
10,3,2026-09-15,10:06,626
10,2,2026-09-15,10:06,629
10,2,2026-09-15,10:06,629
10,0,2026-09-15,10:06,460
11,1,2026-09-15,10:06,029
11,2,2026-09-15,10:06,413
12,0,2026-09-15,10:06,368
12,-1,2026-09-15,10:06,046
12,0,2026-09-15,10:06,360
13,0,2026-09-15,10:06,225
13,2,2026-09-15,10:06,004
14,3,2026-09-15,10:06,028
14,0,2026-09-15,10:06,410
15,3,2026-09-15,10:06,208
15,2,2026-09-15,10:06,230
15,0,2026-09-15,10:06,222
16,1,2026-09-15,10:06,486
16,6,2026-09-15,10:06,619
16,0,2026-09-15,10:06,457
16,1,2026-09-15,10:06,616
16,1,2026-09-15,10:06,627
17,0,2026-09-15,10:06,366
17,1,2026-09-15,10:06,384
17,-1,2026-09-15,10:06,357
17,1,2026-09-15,10:06,047
18,0,2026-09-15,10:06,241
18,0,2026-09-15,10:06,224
18,3,2026-09-15,10:06,235
19,5,2026-09-15,10:06,618
19,5,2026-09-15,10:06,493
19,0,2026-09-15,10:06,473
19,3,2026-09-15,10:06,451
19,2,2026-09-15,10:06,470
19,0,2026-09-15,10:06,468
20,2,2026-09-15,10:06,788
20,1,2026-09-15,10:06,013
20,2,2026-09-15,10:06,507
21,1,2026-09-15,10:06,476
21,3,2026-09-15,10:06,492
21,2,2026-09-15,10:06,494
21,2,2026-09-15,10:06,472
21,0,2026-09-15,10:06,467
21,0,2026-09-15,10:06,476
22,1,2026-09-15,10:06,026
22,1,2026-09-15,10:06,025
23,1,2026-09-15,10:06,044
24,2,2026-09-15,10:06,383
24,2,2026-09-15,10:06,391
24,0,2026-09-15,10:06,367
25,1,2026-09-15,10:06,030
25,-1,2026-09-15,10:06,461
25,2,2026-09-15,10:06,508
26,1,2026-09-15,10:06,355
26,-1,2026-09-15,10:06,395
27,1,2026-09-15,10:06,325
27,1,2026-09-15,10:06,048
28,1,2026-09-15,10:06,020
28,1,2026-09-15,10:06,014
29,0,2026-09-15,10:06,206
29,2,2026-09-15,10:07,229
30,0,2026-09-15,10:07,232
50,-2,2026-09-15,10:07,018
50,-1,2026-09-15,10:07,015
50,0,2026-09-15,10:07,018
100,0,2026-09-15,10:07,449
100,-1,2026-09-15,10:07,484
100,1,2026-09-15,10:07,480
100,-1,2026-09-15,10:07,471
101,2,2026-09-15,10:07,204
102,2,2026-09-15,10:07,049
103,4,2026-09-15,10:07,237
103,2,2026-09-15,10:07,209
104,2,2026-09-15,10:07,045
105,2,2026-09-15,10:07,319
105,-1,2026-09-15,10:07,310
107,-1,2026-09-15,10:07,041
107,-1,2026-09-15,10:07,008
108,0,2026-09-15,10:07,228
109,0,2026-09-15,10:07,035
109,0,2026-09-15,10:07,035
111,1,2026-09-15,10:07,031
113,-1,2026-09-15,10:07,038
123,-1,2026-09-15,10:07,930
132,0,2026-09-15,10:07,049
142,1,2026-09-15,10:07,931
1,2,2026-09-15,14:56,254
1,1,2026-09-15,14:56,256
1,13,2026-09-15,14:56,217
1,6,2026-09-15,14:56,136
1,2,2026-09-15,14:56,253
2,2,2026-09-15,14:56,042
2,3,2026-09-15,14:56,381
2,0,2026-09-15,14:56,361
2,13,2026-09-15,14:56,010
2,11,2026-09-15,14:56,354
2,2,2026-09-15,14:56,806
3,0,2026-09-15,14:56,371
3,1,2026-09-15,14:56,822
3,-1,2026-09-15,14:56,820
3,-1,2026-09-15,14:56,374
3,3,2026-09-15,14:56,821
3,2,2026-09-15,14:56,369
4,11,2026-09-15,14:56,622
4,1,2026-09-15,14:56,652
4,1,2026-09-15,14:56,464
4,0,2026-09-15,14:56,488
4,-1,2026-09-15,14:56,498
5,4,2026-09-15,14:56,380
5,0,2026-09-15,14:56,382
5,0,2026-09-15,14:56,385
5,-2,2026-09-15,14:56,349
5,-1,2026-09-15,14:56,375
6,0,2026-09-15,14:56,318
6,-1,2026-09-15,14:56,012
6,6,2026-09-15,14:56,043
7,2,2026-09-15,14:56,264
7,-1,2026-09-15,14:56,214
7,3,2026-09-15,14:56,261
7,3,2026-09-15,14:56,033
7,2,2026-09-15,14:56,005
8,1,2026-09-15,14:56,386
8,2,2026-09-15,14:56,353
8,1,2026-09-15,14:56,362
8,0,2026-09-15,14:56,378
8,1,2026-09-15,14:56,311
9,0,2026-09-15,14:56,259
9,0,2026-09-15,14:56,262
9,-1,2026-09-15,14:56,251
9,2,2026-09-15,14:56,002
9,-1,2026-09-15,14:56,263
10,2,2026-09-15,14:56,626
10,0,2026-09-15,14:56,654
10,0,2026-09-15,14:56,479
10,1,2026-09-15,14:56,479
10,3,2026-09-15,14:56,629
11,3,2026-09-15,14:56,413
11,2,2026-09-15,14:56,625
11,1,2026-09-15,14:56,512
11,-3,2026-09-15,14:56,029
11,0,2026-09-15,14:56,023
11,1,2026-09-15,14:56,462
12,1,2026-09-15,14:56,324
12,3,2026-09-15,14:56,046
12,0,2026-09-15,14:56,314
13,1,2026-09-15,14:56,202
13,0,2026-09-15,14:56,004
13,1,2026-09-15,14:56,225
14,9,2026-09-15,14:56,022
14,1,2026-09-15,14:56,406
14,-1,2026-09-15,14:56,410
14,3,2026-09-15,14:56,028
14,8,2026-09-15,14:56,022
15,6,2026-09-15,14:56,230
15,1,2026-09-15,14:56,222
15,5,2026-09-15,14:56,208
16,-1,2026-09-15,14:56,616
16,2,2026-09-15,14:56,627
16,2,2026-09-15,14:56,459
16,1,2026-09-15,14:56,499
16,3,2026-09-15,14:56,486
16,4,2026-09-15,14:56,619
16,1,2026-09-15,14:56,457
16,0,2026-09-15,14:56,624
17,0,2026-09-15,14:56,384
17,0,2026-09-15,14:56,389
17,1,2026-09-15,14:56,351
17,-1,2026-09-15,14:56,047
18,4,2026-09-15,14:56,034
18,1,2026-09-15,14:56,241
18,-1,2026-09-15,14:56,006
18,3,2026-09-15,14:56,224
18,0,2026-09-15,14:56,235
19,1,2026-09-15,14:56,473
19,-2,2026-09-15,14:56,451
19,2,2026-09-15,14:56,470
19,0,2026-09-15,14:56,466
20,3,2026-09-15,14:56,507
20,1,2026-09-15,14:56,412
20,3,2026-09-15,14:56,403
20,1,2026-09-15,14:56,016
21,3,2026-09-15,14:56,494
21,2,2026-09-15,14:56,472
21,1,2026-09-15,14:56,467
21,-1,2026-09-15,14:56,476
21,3,2026-09-15,14:56,492
21,2,2026-09-15,14:56,465
21,0,2026-09-15,14:56,487
21,0,2026-09-15,14:56,494
22,1,2026-09-15,14:56,021
23,0,2026-09-15,14:56,322
24,2,2026-09-15,14:57,377
24,1,2026-09-15,14:57,395
24,-1,2026-09-15,14:57,358
24,-1,2026-09-15,14:57,370
24,0,2026-09-15,14:57,383
24,-1,2026-09-15,14:57,372
24,2,2026-09-15,14:57,367
25,1,2026-09-15,14:57,030
25,1,2026-09-15,14:57,452
25,8,2026-09-15,14:57,461
25,13,2026-09-15,14:57,461
25,3,2026-09-15,14:57,508
26,6,2026-09-15,14:57,352
26,0,2026-09-15,14:57,376
26,1,2026-09-15,14:57,306
27,0,2026-09-15,14:57,315
27,-1,2026-09-15,14:57,048
27,-1,2026-09-15,14:57,011
28,-1,2026-09-15,14:57,405
28,1,2026-09-15,14:57,017
28,3,2026-09-15,14:57,402
28,5,2026-09-15,14:57,024
29,-1,2026-09-15,14:57,206
29,2,2026-09-15,14:57,239
29,4,2026-09-15,14:57,229
29,-2,2026-09-15,14:57,211
30,0,2026-09-15,14:57,216
30,-1,2026-09-15,14:57,232
50,-1,2026-09-15,14:57,018
50,1,2026-09-15,14:57,015
100,3,2026-09-15,14:57,449
100,3,2026-09-15,14:57,455
100,2,2026-09-15,14:57,497
100,1,2026-09-15,14:57,480
100,-1,2026-09-15,14:57,471
101,-1,2026-09-15,14:57,204
103,-2,2026-09-15,14:57,260
103,0,2026-09-15,14:57,237
104,5,2026-09-15,14:57,304
105,4,2026-09-15,14:57,310
105,6,2026-09-15,14:57,310
105,-1,2026-09-15,14:57,319
107,-1,2026-09-15,14:57,008
107,1,2026-09-15,14:57,041
108,1,2026-09-15,14:57,228
109,0,2026-09-15,14:57,035
109,1,2026-09-15,14:57,035
111,3,2026-09-15,14:57,031
111,2,2026-09-15,14:57,037
113,2,2026-09-15,14:57,038
132,0,2026-09-15,14:57,313
1,1,2026-09-15,18:41,254
1,0,2026-09-15,18:41,253
2,2,2026-09-15,18:41,354
2,-1,2026-09-15,18:41,381
3,0,2026-09-15,18:41,371
3,2,2026-09-15,18:41,822
3,0,2026-09-15,18:41,820
3,0,2026-09-15,18:41,821
3,0,2026-09-15,18:41,369
4,2,2026-09-15,18:41,477
4,1,2026-09-15,18:41,464
4,1,2026-09-15,18:41,488
4,0,2026-09-15,18:41,458
5,-1,2026-09-15,18:41,349
5,0,2026-09-15,18:41,380
5,3,2026-09-15,18:41,380
5,1,2026-09-15,18:41,373
7,1,2026-09-15,18:41,264
7,3,2026-09-15,18:41,261
7,-1,2026-09-15,18:41,238
8,0,2026-09-15,18:41,365
8,0,2026-09-15,18:41,362
8,2,2026-09-15,18:41,362
8,0,2026-09-15,18:41,378
9,3,2026-09-15,18:41,259
9,1,2026-09-15,18:41,251
9,2,2026-09-15,18:41,002
9,0,2026-09-15,18:41,263
10,0,2026-09-15,18:41,628
10,-1,2026-09-15,18:41,628
10,0,2026-09-15,18:41,479
11,1,2026-09-15,18:41,413
11,1,2026-09-15,18:41,029
11,1,2026-09-15,18:41,023
12,2,2026-09-15,18:41,360
13,2,2026-09-15,18:41,225
13,0,2026-09-15,18:41,004
14,1,2026-09-15,18:41,028
14,0,2026-09-15,18:41,406
14,0,2026-09-15,18:41,410
15,0,2026-09-15,18:41,230
15,0,2026-09-15,18:41,222
15,3,2026-09-15,18:41,208
15,0,2026-09-15,18:41,230
16,0,2026-09-15,18:41,616
16,1,2026-09-15,18:41,627
16,2,2026-09-15,18:41,486
16,-1,2026-09-15,18:41,457
17,0,2026-09-15,18:41,047
17,1,2026-09-15,18:41,366
17,2,2026-09-15,18:41,389
18,1,2026-09-15,18:41,235
18,3,2026-09-15,18:41,212
18,2,2026-09-15,18:41,006
18,0,2026-09-15,18:41,224
19,1,2026-09-15,18:41,473
19,-1,2026-09-15,18:41,451
19,0,2026-09-15,18:41,470
19,3,2026-09-15,18:41,468
20,0,2026-09-15,18:41,788
20,0,2026-09-15,18:41,013
20,0,2026-09-15,18:41,507
21,3,2026-09-15,18:41,492
21,2,2026-09-15,18:41,494
21,0,2026-09-15,18:41,467
21,2,2026-09-15,18:41,467
21,0,2026-09-15,18:41,492
22,1,2026-09-15,18:41,021
23,0,2026-09-15,18:41,007
24,2,2026-09-15,18:41,383
24,0,2026-09-15,18:41,372
24,0,2026-09-15,18:41,395
24,1,2026-09-15,18:41,395
24,0,2026-09-15,18:41,383
25,1,2026-09-15,18:41,508
25,-1,2026-09-15,18:41,030
26,3,2026-09-15,18:41,306
26,0,2026-09-15,18:41,355
26,-2,2026-09-15,18:41,352
27,0,2026-09-15,18:41,048
28,-1,2026-09-15,18:41,020
28,1,2026-09-15,18:41,014
29,-1,2026-09-15,18:41,206
29,0,2026-09-15,18:41,229
30,1,2026-09-15,18:41,232
30,2,2026-09-15,18:41,232
50,-1,2026-09-15,18:41,015
100,0,2026-09-15,18:41,484
100,-1,2026-09-15,18:41,480
100,2,2026-09-15,18:41,449
101,0,2026-09-15,18:41,036
101,0,2026-09-15,18:41,036
102,-1,2026-09-15,18:41,320
103,3,2026-09-15,18:41,039
103,2,2026-09-15,18:41,209
104,3,2026-09-15,18:41,304
105,-1,2026-09-15,18:41,310
108,1,2026-09-15,18:41,228
112,0,2026-09-15,18:41,032
123,1,2026-09-15,18:41,930
2,0,2026-09-15,21:45,354
7,1,2026-09-15,21:45,261
17,0,2026-09-15,21:45,047
21,1,2026-09-15,21:45,494
24,0,2026-09-15,21:45,395
27,0,2026-09-15,21:45,048
7,1,2026-09-16,01:42,235
9,-1,2026-09-16,01:42,259
103,2,2026-09-16,01:43,005
1,2,2026-09-16,06:46,254
1,0,2026-09-16,06:46,263
1,-1,2026-09-16,06:46,266
1,2,2026-09-16,06:46,264
1,2,2026-09-16,06:46,253
1,-1,2026-09-16,06:46,227
2,4,2026-09-16,06:46,359
2,0,2026-09-16,06:46,382
2,2,2026-09-16,06:46,806
3,0,2026-09-16,06:46,376
3,0,2026-09-16,06:46,383
3,1,2026-09-16,06:46,362
3,0,2026-09-16,06:46,388
4,4,2026-09-16,06:46,462
4,0,2026-09-16,06:46,458
4,4,2026-09-16,06:46,470
4,1,2026-09-16,06:46,621
4,2,2026-09-16,06:46,477
5,5,2026-09-16,06:46,355
5,1,2026-09-16,06:46,386
5,0,2026-09-16,06:46,353
5,0,2026-09-16,06:46,391
5,1,2026-09-16,06:46,820
5,-1,2026-09-16,06:46,369
6,2,2026-09-16,06:46,043
6,7,2026-09-16,06:46,041
6,4,2026-09-16,06:46,305
7,2,2026-09-16,06:46,238
7,0,2026-09-16,06:46,239
7,3,2026-09-16,06:46,216
7,1,2026-09-16,06:46,136
7,-1,2026-09-16,06:46,262
8,2,2026-09-16,06:46,389
8,-1,2026-09-16,06:46,366
8,4,2026-09-16,06:46,363
8,0,2026-09-16,06:46,390
8,1,2026-09-16,06:46,012
9,1,2026-09-16,06:46,039
9,4,2026-09-16,06:46,267
9,2,2026-09-16,06:46,038
9,2,2026-09-16,06:46,259
9,0,2026-09-16,06:46,138
9,0,2026-09-16,06:46,257
10,0,2026-09-16,06:46,468
10,1,2026-09-16,06:46,461
10,1,2026-09-16,06:46,461
10,0,2026-09-16,06:46,626
11,-1,2026-09-16,06:46,789
11,1,2026-09-16,06:46,408
11,2,2026-09-16,06:46,509
11,0,2026-09-16,06:46,625
12,3,2026-09-16,06:46,316
12,-1,2026-09-16,06:46,387
12,0,2026-09-16,06:46,350
12,0,2026-09-16,06:46,380
13,-1,2026-09-16,06:46,202
13,0,2026-09-16,06:46,040
13,3,2026-09-16,06:46,040
13,-1,2026-09-16,06:46,212
14,3,2026-09-16,06:46,022
14,6,2026-09-16,06:46,413
14,1,2026-09-16,06:46,025
15,3,2026-09-16,06:46,234
15,1,2026-09-16,06:46,208
15,1,2026-09-16,06:46,002
16,0,2026-09-16,06:46,624
16,1,2026-09-16,06:46,619
16,0,2026-09-16,06:46,497
16,1,2026-09-16,06:46,456
16,1,2026-09-16,06:46,449
16,4,2026-09-16,06:46,492
16,0,2026-09-16,06:46,467
17,3,2026-09-16,06:46,370
17,0,2026-09-16,06:46,048
17,1,2026-09-16,06:46,395
17,3,2026-09-16,06:46,377
18,0,2026-09-16,06:46,228
18,5,2026-09-16,06:46,224
18,2,2026-09-16,06:46,211
19,-1,2026-09-16,06:46,480
19,2,2026-09-16,06:46,475
19,4,2026-09-16,06:46,498
20,-1,2026-09-16,06:46,403
20,2,2026-09-16,06:46,026
20,7,2026-09-16,06:46,029
20,0,2026-09-16,06:46,016
20,1,2026-09-16,06:46,024
21,1,2026-09-16,06:46,471
21,1,2026-09-16,06:46,627
21,2,2026-09-16,06:46,472
21,2,2026-09-16,06:46,464
21,-1,2026-09-16,06:46,473
22,3,2026-09-16,06:46,028
23,2,2026-09-16,06:46,047
23,4,2026-09-16,06:46,008
23,1,2026-09-16,06:46,049
24,2,2026-09-16,06:46,361
24,-1,2026-09-16,06:46,360
24,-2,2026-09-16,06:46,381
24,0,2026-09-16,06:46,352
25,5,2026-09-16,06:46,474
25,1,2026-09-16,06:46,017
25,3,2026-09-16,06:46,452
25,3,2026-09-16,06:46,030
26,0,2026-09-16,06:47,375
26,2,2026-09-16,06:47,357
26,2,2026-09-16,06:47,357
26,0,2026-09-16,06:47,371
27,0,2026-09-16,06:47,315
27,3,2026-09-16,06:47,311
28,3,2026-09-16,06:47,018
28,2,2026-09-16,06:47,021
28,1,2026-09-16,06:47,507
28,1,2026-09-16,06:47,411
29,0,2026-09-16,06:47,225
29,2,2026-09-16,06:47,033
29,-1,2026-09-16,06:47,222
30,2,2026-09-16,06:47,209
30,3,2026-09-16,06:47,209
50,-1,2026-09-16,06:47,412
50,-1,2026-09-16,06:47,015
100,1,2026-09-16,06:47,629
100,2,2026-09-16,06:47,493
100,1,2026-09-16,06:47,457
100,0,2026-09-16,06:47,628
101,1,2026-09-16,06:47,031
102,0,2026-09-16,06:47,313
102,0,2026-09-16,06:47,313
103,1,2026-09-16,06:47,261
103,4,2026-09-16,06:47,226
104,0,2026-09-16,06:47,319
104,3,2026-09-16,06:47,011
105,-2,2026-09-16,06:47,325
105,-1,2026-09-16,06:47,314
107,1,2026-09-16,06:47,306
108,3,2026-09-16,06:47,223
109,-1,2026-09-16,06:47,006
111,1,2026-09-16,06:47,213
112,0,2026-09-16,06:47,035
112,0,2026-09-16,06:47,035
113,0,2026-09-16,06:47,241
122,1,2026-09-16,06:47,046
1,1,2026-09-16,12:09,256
1,1,2026-09-16,12:09,253
1,0,2026-09-16,12:09,266
1,0,2026-09-16,12:09,263
1,1,2026-09-16,12:09,264
2,0,2026-09-16,12:09,382
2,2,2026-09-16,12:09,321
2,0,2026-09-16,12:09,322
2,1,2026-09-16,12:09,359
3,1,2026-09-16,12:09,807
3,2,2026-09-16,12:09,376
3,0,2026-09-16,12:09,374
3,0,2026-09-16,12:09,388
4,1,2026-09-16,12:09,470
4,-1,2026-09-16,12:09,486
4,1,2026-09-16,12:09,621
4,3,2026-09-16,12:09,462
4,1,2026-09-16,12:09,458
5,5,2026-09-16,12:09,820
5,0,2026-09-16,12:09,369
5,-1,2026-09-16,12:09,355
5,-4,2026-09-16,12:09,386
5,0,2026-09-16,12:09,353
5,2,2026-09-16,12:09,353
5,3,2026-09-16,12:09,378
5,1,2026-09-16,12:09,391
5,0,2026-09-16,12:09,820
6,3,2026-09-16,12:10,041
6,5,2026-09-16,12:10,305
6,2,2026-09-16,12:10,043
7,1,2026-09-16,12:10,238
7,0,2026-09-16,12:10,239
7,3,2026-09-16,12:10,136
7,1,2026-09-16,12:10,038
8,2,2026-09-16,12:10,821
8,1,2026-09-16,12:10,012
8,2,2026-09-16,12:10,373
8,-3,2026-09-16,12:10,389
8,3,2026-09-16,12:10,366
8,2,2026-09-16,12:10,363
9,1,2026-09-16,12:10,039
9,0,2026-09-16,12:10,267
9,1,2026-09-16,12:10,260
9,1,2026-09-16,12:10,257
10,2,2026-09-16,12:10,461
10,3,2026-09-16,12:10,453
10,0,2026-09-16,12:10,460
10,-2,2026-09-16,12:10,460
10,2,2026-09-16,12:10,487
10,0,2026-09-16,12:10,468
11,0,2026-09-16,12:10,789
11,1,2026-09-16,12:10,408
11,-1,2026-09-16,12:10,013
11,3,2026-09-16,12:10,451
11,3,2026-09-16,12:10,509
11,-1,2026-09-16,12:10,625
12,1,2026-09-16,12:10,350
12,-1,2026-09-16,12:10,042
12,1,2026-09-16,12:10,316
12,1,2026-09-16,12:10,380
12,1,2026-09-16,12:10,009
13,1,2026-09-16,12:10,202
13,-1,2026-09-16,12:10,212
13,0,2026-09-16,12:10,040
14,4,2026-09-16,12:10,413
14,1,2026-09-16,12:10,025
14,4,2026-09-16,12:10,512
14,3,2026-09-16,12:10,413
15,4,2026-09-16,12:10,234
15,3,2026-09-16,12:10,002
16,3,2026-09-16,12:10,492
16,3,2026-09-16,12:10,467
16,2,2026-09-16,12:10,624
16,1,2026-09-16,12:10,619
16,1,2026-09-16,12:10,497
16,0,2026-09-16,12:10,620
16,0,2026-09-16,12:10,459
17,-1,2026-09-16,12:10,365
17,0,2026-09-16,12:10,377
17,1,2026-09-16,12:10,370
18,3,2026-09-16,12:10,037
18,2,2026-09-16,12:10,221
18,-1,2026-09-16,12:10,211
18,-1,2026-09-16,12:10,036
19,1,2026-09-16,12:10,479
19,3,2026-09-16,12:10,498
19,1,2026-09-16,12:10,480
19,3,2026-09-16,12:10,475
19,1,2026-09-16,12:10,465
20,0,2026-09-16,12:10,403
20,0,2026-09-16,12:10,026
20,1,2026-09-16,12:10,016
20,1,2026-09-16,12:10,024
21,5,2026-09-16,12:10,464
21,0,2026-09-16,12:10,473
21,1,2026-09-16,12:10,471
21,-1,2026-09-16,12:10,627
21,0,2026-09-16,12:10,494
21,3,2026-09-16,12:10,494
21,1,2026-09-16,12:10,472
21,1,2026-09-16,12:10,454
21,0,2026-09-16,12:10,464
22,0,2026-09-16,12:10,023
23,2,2026-09-16,12:10,049
23,0,2026-09-16,12:10,047
24,1,2026-09-16,12:10,361
24,0,2026-09-16,12:10,358
24,0,2026-09-16,12:10,360
24,1,2026-09-16,12:10,381
24,0,2026-09-16,12:10,352
25,3,2026-09-16,12:10,452
25,0,2026-09-16,12:10,488
25,0,2026-09-16,12:10,030
25,2,2026-09-16,12:10,474
25,-2,2026-09-16,12:10,017
26,3,2026-09-16,12:10,371
26,1,2026-09-16,12:10,375
26,1,2026-09-16,12:10,324
26,-1,2026-09-16,12:10,357
27,-1,2026-09-16,12:10,323
27,1,2026-09-16,12:10,010
27,0,2026-09-16,12:10,311
27,0,2026-09-16,12:10,315
28,4,2026-09-16,12:10,020
28,2,2026-09-16,12:10,409
28,3,2026-09-16,12:10,021
29,2,2026-09-16,12:10,001
29,3,2026-09-16,12:10,230
29,0,2026-09-16,12:10,225
29,4,2026-09-16,12:10,033
30,-1,2026-09-16,12:10,004
30,3,2026-09-16,12:10,209
30,5,2026-09-16,12:10,209
50,-1,2026-09-16,12:10,412
50,-1,2026-09-16,12:10,015
100,2,2026-09-16,12:10,493
100,3,2026-09-16,12:10,469
100,1,2026-09-16,12:10,622
100,-2,2026-09-16,12:10,628
100,0,2026-09-16,12:10,629
101,1,2026-09-16,12:10,205
101,-1,2026-09-16,12:10,031
103,3,2026-09-16,12:10,005
103,2,2026-09-16,12:10,034
103,0,2026-09-16,12:10,261
103,3,2026-09-16,12:10,226
104,2,2026-09-16,12:10,319
104,1,2026-09-16,12:10,318
105,0,2026-09-16,12:10,325
105,-1,2026-09-16,12:10,314
107,-1,2026-09-16,12:10,007
108,3,2026-09-16,12:10,204
108,2,2026-09-16,12:10,223
111,0,2026-09-16,12:10,217
111,0,2026-09-16,12:10,217
112,3,2026-09-16,12:10,035
123,3,2026-09-16,12:10,045
123,0,2026-09-16,12:10,045
142,-1,2026-09-16,12:10,931
1,-1,2026-09-16,16:50,263
1,0,2026-09-16,16:50,253
1,2,2026-09-16,16:50,256
2,1,2026-09-16,16:50,382
2,0,2026-09-16,16:50,321
2,0,2026-09-16,16:50,322
3,0,2026-09-16,16:50,374
3,1,2026-09-16,16:50,388
3,3,2026-09-16,16:50,376
3,1,2026-09-16,16:50,383
4,7,2026-09-16,16:50,470
4,1,2026-09-16,16:50,621
4,1,2026-09-16,16:50,458
4,2,2026-09-16,16:50,462
5,3,2026-09-16,16:50,353
5,0,2026-09-16,16:50,391
5,3,2026-09-16,16:50,820
6,4,2026-09-16,16:50,305
6,2,2026-09-16,16:50,041
7,3,2026-09-16,16:50,216
7,1,2026-09-16,16:50,136
7,-1,2026-09-16,16:50,038
7,1,2026-09-16,16:50,262
7,0,2026-09-16,16:50,239
8,0,2026-09-16,16:50,373
8,4,2026-09-16,16:50,366
8,-2,2026-09-16,16:50,821
8,2,2026-09-16,16:50,012
9,0,2026-09-16,16:50,260
9,-1,2026-09-16,16:50,257
9,4,2026-09-16,16:50,254
9,2,2026-09-16,16:50,039
10,1,2026-09-16,16:50,616
10,2,2026-09-16,16:50,461
10,-1,2026-09-16,16:50,487
11,-1,2026-09-16,16:50,509
11,0,2026-09-16,16:50,625
11,1,2026-09-16,16:50,408
12,0,2026-09-16,16:50,387
12,4,2026-09-16,16:50,042
12,2,2026-09-16,16:50,380
13,0,2026-09-16,16:50,212
13,1,2026-09-16,16:50,040
14,3,2026-09-16,16:50,022
14,1,2026-09-16,16:50,025
15,0,2026-09-16,16:50,208
15,1,2026-09-16,16:50,002
15,3,2026-09-16,16:50,234
15,0,2026-09-16,16:50,208
16,-1,2026-09-16,16:50,497
16,2,2026-09-16,16:50,620
16,-1,2026-09-16,16:50,499
16,3,2026-09-16,16:50,467
16,2,2026-09-16,16:50,624
16,-1,2026-09-16,16:50,619
17,0,2026-09-16,16:50,365
17,1,2026-09-16,16:50,377
17,0,2026-09-16,16:50,370
18,4,2026-09-16,16:50,037
18,0,2026-09-16,16:50,224
18,4,2026-09-16,16:50,211
18,1,2026-09-16,16:50,036
19,1,2026-09-16,16:50,456
19,1,2026-09-16,16:50,480
19,0,2026-09-16,16:50,465
19,1,2026-09-16,16:50,466
20,1,2026-09-16,16:50,016
20,-1,2026-09-16,16:50,019
20,2,2026-09-16,16:50,026
20,-1,2026-09-16,16:50,029
21,3,2026-09-16,16:50,627
21,-1,2026-09-16,16:50,472
21,4,2026-09-16,16:50,473
21,0,2026-09-16,16:50,471
22,0,2026-09-16,16:50,414
23,2,2026-09-16,16:50,008
23,-1,2026-09-16,16:50,049
23,1,2026-09-16,16:50,047
24,1,2026-09-16,16:50,360
24,-1,2026-09-16,16:50,381
24,3,2026-09-16,16:50,352
24,-1,2026-09-16,16:50,361
25,0,2026-09-16,16:50,488
25,1,2026-09-16,16:50,474
25,-1,2026-09-16,16:50,017
26,2,2026-09-16,16:50,324
26,1,2026-09-16,16:50,357
27,1,2026-09-16,16:50,010
27,0,2026-09-16,16:50,315
28,5,2026-09-16,16:50,409
28,-1,2026-09-16,16:50,018
28,0,2026-09-16,16:50,021
28,2,2026-09-16,16:50,507
29,-1,2026-09-16,16:50,230
29,2,2026-09-16,16:50,033
29,-1,2026-09-16,16:50,001
30,1,2026-09-16,16:50,209
50,-1,2026-09-16,16:50,015
50,-1,2026-09-16,16:50,412
100,1,2026-09-16,16:50,469
100,1,2026-09-16,16:50,476
100,0,2026-09-16,16:50,629
101,1,2026-09-16,16:50,214
102,-1,2026-09-16,16:50,310
103,3,2026-09-16,16:50,034
103,2,2026-09-16,16:50,226
104,1,2026-09-16,16:50,011
104,-3,2026-09-16,16:50,319
105,3,2026-09-16,16:50,325
105,0,2026-09-16,16:50,314
107,3,2026-09-16,16:50,306
109,0,2026-09-16,16:50,006
109,0,2026-09-16,16:50,006
112,3,2026-09-16,16:50,035
113,0,2026-09-16,16:50,241
123,0,2026-09-16,16:50,045
123,-1,2026-09-16,16:50,045
142,2,2026-09-16,16:50,931
1,2,2026-09-16,19:45,266
1,2,2026-09-16,19:45,263
2,1,2026-09-16,19:45,321
2,4,2026-09-16,19:45,359
3,0,2026-09-16,19:45,383
3,0,2026-09-16,19:45,388
3,2,2026-09-16,19:45,388
3,0,2026-09-16,19:45,372
4,0,2026-09-16,19:45,458
4,2,2026-09-16,19:45,462
4,1,2026-09-16,19:46,470
4,2,2026-09-16,19:46,621
5,2,2026-09-16,19:46,353
5,0,2026-09-16,19:46,391
5,-2,2026-09-16,19:46,355
5,0,2026-09-16,19:46,353
6,1,2026-09-16,19:46,041
7,2,2026-09-16,19:46,216
7,1,2026-09-16,19:46,136
7,-1,2026-09-16,19:46,262
8,1,2026-09-16,19:46,821
8,1,2026-09-16,19:46,012
8,0,2026-09-16,19:46,363
9,2,2026-09-16,19:46,267
9,0,2026-09-16,19:46,260
9,1,2026-09-16,19:46,257
9,-1,2026-09-16,19:46,039
10,0,2026-09-16,19:46,616
10,1,2026-09-16,19:46,468
10,0,2026-09-16,19:46,487
11,1,2026-09-16,19:46,408
11,-1,2026-09-16,19:46,509
11,4,2026-09-16,19:46,789
12,1,2026-09-16,19:46,009
12,3,2026-09-16,19:46,042
12,0,2026-09-16,19:46,380
13,0,2026-09-16,19:46,212
13,1,2026-09-16,19:46,040
14,3,2026-09-16,19:46,022
14,0,2026-09-16,19:46,025
15,2,2026-09-16,19:46,208
15,3,2026-09-16,19:46,002
16,0,2026-09-16,19:46,624
16,1,2026-09-16,19:46,619
16,1,2026-09-16,19:46,620
16,1,2026-09-16,19:46,492
17,-2,2026-09-16,19:46,822
17,0,2026-09-16,19:46,048
17,-1,2026-09-16,19:46,365
18,0,2026-09-16,19:46,211
18,0,2026-09-16,19:46,036
18,0,2026-09-16,19:46,228
18,0,2026-09-16,19:46,037
19,1,2026-09-16,19:46,465
19,1,2026-09-16,19:46,480
20,0,2026-09-16,19:46,016
20,0,2026-09-16,19:46,019
20,0,2026-09-16,19:46,029
21,0,2026-09-16,19:46,472
21,-1,2026-09-16,19:46,473
21,0,2026-09-16,19:46,627
21,0,2026-09-16,19:46,472
22,0,2026-09-16,19:46,028
23,1,2026-09-16,19:46,047
23,1,2026-09-16,19:46,008
24,1,2026-09-16,19:46,352
24,-1,2026-09-16,19:46,361
25,1,2026-09-16,19:46,488
25,0,2026-09-16,19:46,030
25,-1,2026-09-16,19:46,017
26,3,2026-09-16,19:46,324
26,2,2026-09-16,19:46,371
27,1,2026-09-16,19:46,010
28,1,2026-09-16,19:46,507
28,0,2026-09-16,19:46,409
29,-1,2026-09-16,19:46,033
29,0,2026-09-16,19:46,230
30,0,2026-09-16,19:46,209
100,0,2026-09-16,19:46,629
100,0,2026-09-16,19:46,469
100,-1,2026-09-16,19:46,476
100,0,2026-09-16,19:46,629
101,-1,2026-09-16,19:46,214
102,2,2026-09-16,19:46,310
103,1,2026-09-16,19:46,226
103,1,2026-09-16,19:46,034
104,0,2026-09-16,19:46,319
107,2,2026-09-16,19:46,306
108,0,2026-09-16,19:46,223
111,2,2026-09-16,19:46,217
111,0,2026-09-16,19:46,217
112,2,2026-09-16,19:46,035
1,2,2026-09-17,05:23,251
1,2,2026-09-17,05:23,260
1,1,2026-09-17,05:23,261
1,3,2026-09-17,05:23,216
1,1,2026-09-17,05:23,253
1,-1,2026-09-17,05:23,259
2,1,2026-09-17,05:23,380
2,0,2026-09-17,05:23,366
2,-1,2026-09-17,05:23,010
2,2,2026-09-17,05:23,349
2,2,2026-09-17,05:23,360
3,-2,2026-09-17,05:23,381
3,2,2026-09-17,05:23,350
3,0,2026-09-17,05:23,370
3,4,2026-09-17,05:23,395
3,1,2026-09-17,05:23,372
3,-1,2026-09-17,05:23,352
4,3,2026-09-17,05:23,479
4,1,2026-09-17,05:23,620
4,3,2026-09-17,05:23,469
4,2,2026-09-17,05:23,476
5,0,2026-09-17,05:23,367
5,1,2026-09-17,05:23,365
5,0,2026-09-17,05:23,375
5,0,2026-09-17,05:23,387
5,2,2026-09-17,05:23,351
5,2,2026-09-17,05:23,375
5,0,2026-09-17,05:23,387
5,2,2026-09-17,05:23,368
5,-1,2026-09-17,05:23,376
5,0,2026-09-17,05:23,367
6,1,2026-09-17,05:23,320
6,0,2026-09-17,05:23,045
6,3,2026-09-17,05:23,047
6,2,2026-09-17,05:23,011
7,0,2026-09-17,05:23,038
7,1,2026-09-17,05:23,006
7,3,2026-09-17,05:23,266
7,2,2026-09-17,05:23,264
7,5,2026-09-17,05:23,239
8,2,2026-09-17,05:23,325
8,1,2026-09-17,05:23,373
8,-1,2026-09-17,05:23,359
8,4,2026-09-17,05:23,821
8,1,2026-09-17,05:23,046
8,0,2026-09-17,05:23,369
8,0,2026-09-17,05:23,386
9,0,2026-09-17,05:23,005
9,2,2026-09-17,05:23,138
9,-1,2026-09-17,05:23,267
9,3,2026-09-17,05:23,256
9,2,2026-09-17,05:23,223
9,-1,2026-09-17,05:23,263
10,9,2026-09-17,05:23,616
10,2,2026-09-17,05:23,628
10,1,2026-09-17,05:23,624
10,2,2026-09-17,05:23,622
10,2,2026-09-17,05:23,622
10,1,2026-09-17,05:23,459
10,2,2026-09-17,05:23,470
11,0,2026-09-17,05:23,015
11,0,2026-09-17,05:23,623
11,0,2026-09-17,05:23,025
11,-1,2026-09-17,05:23,477
11,1,2026-09-17,05:23,022
11,-1,2026-09-17,05:23,789
12,1,2026-09-17,05:23,374
12,0,2026-09-17,05:23,383
12,2,2026-09-17,05:23,371
12,0,2026-09-17,05:23,314
13,0,2026-09-17,05:23,202
13,-1,2026-09-17,05:23,225
13,-1,2026-09-17,05:23,039
14,1,2026-09-17,05:23,410
14,1,2026-09-17,05:23,019
14,-3,2026-09-17,05:23,018
14,-1,2026-09-17,05:23,030
15,1,2026-09-17,05:23,211
15,2,2026-09-17,05:23,238
16,-2,2026-09-17,05:23,467
16,4,2026-09-17,05:23,619
16,3,2026-09-17,05:23,621
16,3,2026-09-17,05:23,499
16,1,2026-09-17,05:23,475
16,2,2026-09-17,05:23,471
16,2,2026-09-17,05:23,497
16,0,2026-09-17,05:23,480
17,-1,2026-09-17,05:23,377
17,1,2026-09-17,05:23,389
17,4,2026-09-17,05:23,354
17,0,2026-09-17,05:23,357
18,4,2026-09-17,05:23,224
18,1,2026-09-17,05:23,237
18,0,2026-09-17,05:23,212
19,-1,2026-09-17,05:23,457
19,3,2026-09-17,05:23,451
19,0,2026-09-17,05:23,486
19,3,2026-09-17,05:23,492
19,1,2026-09-17,05:23,474
20,1,2026-09-17,05:23,016
20,0,2026-09-17,05:23,510
20,-1,2026-09-17,05:23,023
20,1,2026-09-17,05:23,029
20,0,2026-09-17,05:23,024
21,2,2026-09-17,05:23,472
21,0,2026-09-17,05:23,454
21,0,2026-09-17,05:23,465
21,0,2026-09-17,05:23,466
21,0,2026-09-17,05:23,473
21,2,2026-09-17,05:23,466
21,-2,2026-09-17,05:23,473
21,2,2026-09-17,05:23,494
21,-1,2026-09-17,05:23,484
21,0,2026-09-17,05:23,472
22,0,2026-09-17,05:23,508
22,1,2026-09-17,05:23,026
23,0,2026-09-17,05:23,048
24,0,2026-09-17,05:23,822
24,1,2026-09-17,05:23,384
24,-1,2026-09-17,05:23,382
24,1,2026-09-17,05:23,807
24,-1,2026-09-17,05:23,353
24,-1,2026-09-17,05:23,358
25,2,2026-09-17,05:23,413
25,1,2026-09-17,05:23,462
25,-1,2026-09-17,05:23,452
25,-1,2026-09-17,05:23,411
26,1,2026-09-17,05:23,044
26,0,2026-09-17,05:23,385
26,1,2026-09-17,05:23,391
26,1,2026-09-17,05:23,391
26,2,2026-09-17,05:23,363
27,1,2026-09-17,05:23,324
27,1,2026-09-17,05:23,323
27,0,2026-09-17,05:23,319
28,4,2026-09-17,05:23,507
28,-1,2026-09-17,05:23,020
28,-1,2026-09-17,05:23,405
28,1,2026-09-17,05:23,014
28,2,2026-09-17,05:23,408
29,1,2026-09-17,05:23,226
29,1,2026-09-17,05:23,227
29,0,2026-09-17,05:23,206
30,2,2026-09-17,05:23,228
30,-1,2026-09-17,05:23,034
50,0,2026-09-17,05:23,028
50,1,2026-09-17,05:23,021
100,7,2026-09-17,05:23,458
100,5,2026-09-17,05:23,488
100,1,2026-09-17,05:23,487
100,1,2026-09-17,05:23,461
100,1,2026-09-17,05:23,468
100,1,2026-09-17,05:23,627
101,5,2026-09-17,05:23,204
101,0,2026-09-17,05:23,035
102,1,2026-09-17,05:23,315
103,3,2026-09-17,05:23,001
103,2,2026-09-17,05:23,037
103,0,2026-09-17,05:23,257
104,2,2026-09-17,05:23,305
104,4,2026-09-17,05:23,318
105,0,2026-09-17,05:23,316
105,4,2026-09-17,05:23,049
105,-1,2026-09-17,05:23,309
107,2,2026-09-17,05:23,311
107,0,2026-09-17,05:23,008
107,0,2026-09-17,05:23,311
108,2,2026-09-17,05:23,214
109,0,2026-09-17,05:23,218
109,1,2026-09-17,05:23,218
111,1,2026-09-17,05:23,221
111,4,2026-09-17,05:23,235
112,1,2026-09-17,05:23,031
113,1,2026-09-17,05:23,232
123,0,2026-09-17,05:23,931
123,2,2026-09-17,05:23,931
132,-1,2026-09-17,05:23,926
142,0,2026-09-17,05:23,043
1,0,2026-09-17,10:08,216
1,2,2026-09-17,10:08,253
1,1,2026-09-17,10:08,261
1,0,2026-09-17,10:08,259
1,1,2026-09-17,10:08,251
2,1,2026-09-17,10:08,380
2,2,2026-09-17,10:08,010
2,-1,2026-09-17,10:08,349
3,2,2026-09-17,10:08,372
3,2,2026-09-17,10:08,352
3,2,2026-09-17,10:08,350
3,-1,2026-09-17,10:08,395
4,3,2026-09-17,10:08,479
4,5,2026-09-17,10:08,620
4,2,2026-09-17,10:08,476
4,0,2026-09-17,10:08,464
5,1,2026-09-17,10:08,387
5,0,2026-09-17,10:08,368
5,0,2026-09-17,10:08,376
5,3,2026-09-17,10:08,376
5,0,2026-09-17,10:08,351
5,0,2026-09-17,10:08,806
6,4,2026-09-17,10:08,011
6,3,2026-09-17,10:08,045
6,3,2026-09-17,10:08,047
7,3,2026-09-17,10:08,264
7,2,2026-09-17,10:08,239
7,2,2026-09-17,10:08,006
7,2,2026-09-17,10:08,266
8,-1,2026-09-17,10:08,821
8,1,2026-09-17,10:08,046
8,-1,2026-09-17,10:08,359
8,2,2026-09-17,10:08,373
9,4,2026-09-17,10:08,256
9,0,2026-09-17,10:08,223
9,3,2026-09-17,10:08,138
9,1,2026-09-17,10:08,267
9,-1,2026-09-17,10:08,262
10,1,2026-09-17,10:08,628
10,1,2026-09-17,10:08,622
10,1,2026-09-17,10:08,622
10,0,2026-09-17,10:08,460
11,0,2026-09-17,10:08,789
11,2,2026-09-17,10:08,025
12,2,2026-09-17,10:08,374
12,0,2026-09-17,10:08,304
12,0,2026-09-17,10:08,371
13,2,2026-09-17,10:08,225
13,1,2026-09-17,10:08,039
14,0,2026-09-17,10:08,019
14,1,2026-09-17,10:08,410
15,2,2026-09-17,10:08,238
15,0,2026-09-17,10:08,220
16,8,2026-09-17,10:08,471
16,2,2026-09-17,10:08,480
16,1,2026-09-17,10:08,619
16,1,2026-09-17,10:08,621
16,-1,2026-09-17,10:08,618
17,1,2026-09-17,10:08,377
17,1,2026-09-17,10:08,361
17,-1,2026-09-17,10:08,357
17,0,2026-09-17,10:08,042
18,2,2026-09-17,10:08,229
18,5,2026-09-17,10:08,219
18,0,2026-09-17,10:08,212
19,2,2026-09-17,10:08,486
19,2,2026-09-17,10:08,492
19,3,2026-09-17,10:08,474
19,2,2026-09-17,10:08,498
20,8,2026-09-17,10:08,029
20,2,2026-09-17,10:08,512
20,3,2026-09-17,10:08,510
20,1,2026-09-17,10:08,023
21,1,2026-09-17,10:08,473
21,0,2026-09-17,10:08,494
21,-1,2026-09-17,10:08,484
21,1,2026-09-17,10:08,465
21,1,2026-09-17,10:08,466
21,0,2026-09-17,10:08,473
22,4,2026-09-17,10:08,414
22,0,2026-09-17,10:08,508
23,-1,2026-09-17,10:08,048
23,1,2026-09-17,10:08,012
24,2,2026-09-17,10:08,822
24,-1,2026-09-17,10:08,353
24,3,2026-09-17,10:08,384
24,0,2026-09-17,10:08,382
24,0,2026-09-17,10:08,822
25,1,2026-09-17,10:08,413
25,-1,2026-09-17,10:08,462
25,1,2026-09-17,10:08,402
25,-1,2026-09-17,10:08,456
26,3,2026-09-17,10:08,391
26,2,2026-09-17,10:08,363
26,-1,2026-09-17,10:08,044
27,0,2026-09-17,10:08,310
27,1,2026-09-17,10:08,319
28,1,2026-09-17,10:08,022
28,0,2026-09-17,10:08,507
29,0,2026-09-17,10:08,036
29,2,2026-09-17,10:09,222
30,1,2026-09-17,10:09,228
50,-1,2026-09-17,10:09,028
50,-1,2026-09-17,10:09,021
50,0,2026-09-17,10:09,028
100,6,2026-09-17,10:09,458
100,1,2026-09-17,10:09,488
100,0,2026-09-17,10:09,468
100,0,2026-09-17,10:09,627
101,2,2026-09-17,10:09,204
103,4,2026-09-17,10:09,037
103,4,2026-09-17,10:09,001
104,1,2026-09-17,10:09,009
105,1,2026-09-17,10:09,049
107,-1,2026-09-17,10:09,311
107,-1,2026-09-17,10:09,008
108,2,2026-09-17,10:09,214
109,0,2026-09-17,10:09,218
109,1,2026-09-17,10:09,218
111,3,2026-09-17,10:09,235
113,-1,2026-09-17,10:09,232
123,-1,2026-09-17,10:09,931
142,0,2026-09-17,10:09,043
1,2,2026-09-17,14:57,259
1,0,2026-09-17,14:57,260
1,1,2026-09-17,14:57,261
1,2,2026-09-17,14:57,253
2,5,2026-09-17,14:57,380
2,1,2026-09-17,14:57,388
2,0,2026-09-17,14:57,349
2,3,2026-09-17,14:57,366
2,0,2026-09-17,14:57,360
3,-3,2026-09-17,14:57,350
3,0,2026-09-17,14:57,395
3,-1,2026-09-17,14:57,372
3,-2,2026-09-17,14:57,803
3,2,2026-09-17,14:57,352
3,2,2026-09-17,14:57,381
4,0,2026-09-17,14:57,620
4,-1,2026-09-17,14:57,625
4,1,2026-09-17,14:57,629
4,0,2026-09-17,14:57,476
4,1,2026-09-17,14:57,464
5,5,2026-09-17,14:57,367
5,8,2026-09-17,14:57,351
5,0,2026-09-17,14:57,806
5,2,2026-09-17,14:57,387
5,-1,2026-09-17,14:57,368
5,1,2026-09-17,14:57,376
5,0,2026-09-17,14:57,367
6,1,2026-09-17,14:57,320
6,-1,2026-09-17,14:57,011
6,1,2026-09-17,14:57,045
7,2,2026-09-17,14:57,266
7,0,2026-09-17,14:57,264
7,3,2026-09-17,14:57,239
7,0,2026-09-17,14:57,038
8,0,2026-09-17,14:57,386
8,0,2026-09-17,14:57,359
8,2,2026-09-17,14:57,373
8,4,2026-09-17,14:57,821
8,1,2026-09-17,14:57,046
9,2,2026-09-17,14:57,138
9,2,2026-09-17,14:57,267
9,-1,2026-09-17,14:57,256
9,2,2026-09-17,14:57,223
9,-1,2026-09-17,14:57,263
10,1,2026-09-17,14:57,654
10,-1,2026-09-17,14:57,616
10,11,2026-09-17,14:57,622
11,6,2026-09-17,14:57,025
11,-1,2026-09-17,14:57,477
11,0,2026-09-17,14:57,014
11,0,2026-09-17,14:57,789
11,0,2026-09-17,14:57,015
11,0,2026-09-17,14:57,624
12,2,2026-09-17,14:57,322
12,1,2026-09-17,14:57,304
12,0,2026-09-17,14:57,314
13,-1,2026-09-17,14:57,202
13,-1,2026-09-17,14:57,039
13,3,2026-09-17,14:57,225
14,1,2026-09-17,14:57,030
14,3,2026-09-17,14:57,019
14,1,2026-09-17,14:57,017
15,-1,2026-09-17,14:57,211
15,1,2026-09-17,14:57,220
15,1,2026-09-17,14:57,238
15,0,2026-09-17,14:57,211
16,-1,2026-09-17,14:57,619
16,4,2026-09-17,14:57,621
16,2,2026-09-17,14:57,459
16,0,2026-09-17,14:57,618
16,5,2026-09-17,14:57,454
16,2,2026-09-17,14:57,471
16,1,2026-09-17,14:57,480
16,-1,2026-09-17,14:57,467
17,1,2026-09-17,14:57,361
17,1,2026-09-17,14:57,365
17,0,2026-09-17,14:57,389
17,0,2026-09-17,14:57,042
18,0,2026-09-17,14:57,033
18,2,2026-09-17,14:57,229
18,2,2026-09-17,14:57,237
18,3,2026-09-17,14:57,219
18,1,2026-09-17,14:57,212
19,4,2026-09-17,14:57,492
19,0,2026-09-17,14:57,474
19,-1,2026-09-17,14:57,498
19,-2,2026-09-17,14:57,451
20,0,2026-09-17,14:57,023
20,2,2026-09-17,14:57,029
20,-1,2026-09-17,14:57,512
20,3,2026-09-17,14:57,024
20,1,2026-09-17,14:57,016
21,-1,2026-09-17,14:57,465
21,0,2026-09-17,14:57,461
21,1,2026-09-17,14:57,494
21,-1,2026-09-17,14:57,623
21,0,2026-09-17,14:57,484
21,-1,2026-09-17,14:57,472
22,2,2026-09-17,14:57,026
23,-1,2026-09-17,14:57,041
24,1,2026-09-17,14:57,807
24,1,2026-09-17,14:57,384
24,-1,2026-09-17,14:57,358
24,0,2026-09-17,14:57,382
24,-2,2026-09-17,14:58,382
24,0,2026-09-17,14:58,822
24,-1,2026-09-17,14:58,353
25,3,2026-09-17,14:58,452
25,-1,2026-09-17,14:58,462
25,4,2026-09-17,14:58,402
25,-1,2026-09-17,14:58,456
26,1,2026-09-17,14:58,363
26,1,2026-09-17,14:58,385
26,11,2026-09-17,14:58,044
26,-1,2026-09-17,14:58,391
27,1,2026-09-17,14:58,305
27,-1,2026-09-17,14:58,319
27,0,2026-09-17,14:58,323
27,-1,2026-09-17,14:58,310
28,0,2026-09-17,14:58,405
28,0,2026-09-17,14:58,409
28,3,2026-09-17,14:58,020
28,2,2026-09-17,14:58,408
28,1,2026-09-17,14:58,022
29,0,2026-09-17,14:58,036
29,0,2026-09-17,14:58,206
29,-1,2026-09-17,14:58,222
29,1,2026-09-17,14:58,226
30,-1,2026-09-17,14:58,034
30,-1,2026-09-17,14:58,228
50,-1,2026-09-17,14:58,028
50,0,2026-09-17,14:58,021
100,3,2026-09-17,14:58,458
100,1,2026-09-17,14:58,485
100,0,2026-09-17,14:58,487
100,-1,2026-09-17,14:58,468
100,-1,2026-09-17,14:58,627
103,4,2026-09-17,14:58,257
103,0,2026-09-17,14:58,037
104,0,2026-09-17,14:58,321
105,0,2026-09-17,14:58,316
105,-1,2026-09-17,14:58,049
107,1,2026-09-17,14:58,008
107,1,2026-09-17,14:58,311
108,4,2026-09-17,14:58,214
109,0,2026-09-17,14:58,218
109,-1,2026-09-17,14:58,218
111,5,2026-09-17,14:58,235
111,3,2026-09-17,14:58,221
112,3,2026-09-17,14:58,031
113,0,2026-09-17,14:58,232
123,2,2026-09-17,14:58,931
123,5,2026-09-17,14:58,931
132,-1,2026-09-17,14:58,315
1,0,2026-09-17,18:49,259
1,2,2026-09-17,18:49,253
1,-1,2026-09-17,18:49,257
2,6,2026-09-17,18:49,349
2,4,2026-09-17,18:49,380
2,0,2026-09-17,18:49,010
3,1,2026-09-17,18:49,395
3,1,2026-09-17,18:49,372
3,3,2026-09-17,18:49,352
3,0,2026-09-17,18:49,381
4,4,2026-09-17,18:49,479
4,1,2026-09-17,18:49,620
4,2,2026-09-17,18:49,476
4,1,2026-09-17,18:49,469
5,0,2026-09-17,18:49,368
5,-1,2026-09-17,18:49,351
5,0,2026-09-17,18:49,375
5,-1,2026-09-17,18:49,387
7,2,2026-09-17,18:49,266
7,0,2026-09-17,18:49,264
7,2,2026-09-17,18:49,264
7,1,2026-09-17,18:49,006
8,5,2026-09-17,18:49,369
8,2,2026-09-17,18:49,373
8,1,2026-09-17,18:49,821
9,0,2026-09-17,18:49,138
9,0,2026-09-17,18:49,256
9,1,2026-09-17,18:49,263
10,2,2026-09-17,18:49,470
10,2,2026-09-17,18:49,470
11,1,2026-09-17,18:49,789
11,1,2026-09-17,18:49,015
11,-1,2026-09-17,18:49,025
12,1,2026-09-17,18:49,304
12,2,2026-09-17,18:49,371
12,0,2026-09-17,18:49,322
13,0,2026-09-17,18:49,225
13,-1,2026-09-17,18:49,039
14,0,2026-09-17,18:49,019
14,1,2026-09-17,18:49,410
15,3,2026-09-17,18:49,220
15,-1,2026-09-17,18:49,211
16,1,2026-09-17,18:49,619
16,0,2026-09-17,18:49,621
16,0,2026-09-17,18:49,454
16,1,2026-09-17,18:49,454
16,1,2026-09-17,18:49,480
16,-1,2026-09-17,18:49,467
17,1,2026-09-17,18:49,377
17,0,2026-09-17,18:49,365
17,0,2026-09-17,18:49,357
18,1,2026-09-17,18:49,212
18,1,2026-09-17,18:49,040
18,-2,2026-09-17,18:49,237
18,1,2026-09-17,18:49,219
19,-1,2026-09-17,18:49,474
19,1,2026-09-17,18:49,457
20,0,2026-09-17,18:49,512
20,1,2026-09-17,18:49,510
20,3,2026-09-17,18:49,023
21,1,2026-09-17,18:49,472
21,0,2026-09-17,18:49,461
21,3,2026-09-17,18:49,461
21,1,2026-09-17,18:49,494
21,0,2026-09-17,18:49,472
22,-1,2026-09-17,18:49,026
23,1,2026-09-17,18:49,048
23,0,2026-09-17,18:49,041
23,0,2026-09-17,18:49,012
24,2,2026-09-17,18:49,353
24,-1,2026-09-17,18:49,384
24,1,2026-09-17,18:49,822
25,2,2026-09-17,18:49,402
25,0,2026-09-17,18:49,413
25,0,2026-09-17,18:49,413
26,5,2026-09-17,18:49,386
26,0,2026-09-17,18:49,363
27,0,2026-09-17,18:49,319
28,1,2026-09-17,18:49,022
28,2,2026-09-17,18:49,507
28,0,2026-09-17,18:49,020
29,2,2026-09-17,18:49,036
29,0,2026-09-17,18:49,222
29,0,2026-09-17,18:49,226
30,2,2026-09-17,18:49,228
50,0,2026-09-17,18:49,021
100,0,2026-09-17,18:49,488
100,-1,2026-09-17,18:49,468
100,0,2026-09-17,18:49,458
100,0,2026-09-17,18:49,488
101,3,2026-09-17,18:49,002
102,-1,2026-09-17,18:49,309
103,2,2026-09-17,18:49,004
103,1,2026-09-17,18:49,001
105,2,2026-09-17,18:49,316
107,3,2026-09-17,18:49,008
108,1,2026-09-17,18:49,224
112,0,2026-09-17,18:49,031
2,0,2026-09-17,21:48,349
7,2,2026-09-17,21:48,264
21,0,2026-09-17,21:48,472
24,0,2026-09-17,21:48,384
7,0,2026-09-18,01:33,035
1,4,2026-09-18,06:33,263
1,1,2026-09-18,06:33,264
1,1,2026-09-18,06:33,262
1,3,2026-09-18,06:33,259
1,2,2026-09-18,06:33,251
2,7,2026-09-18,06:33,048
2,1,2026-09-18,06:33,821
2,1,2026-09-18,06:33,380
2,2,2026-09-18,06:33,359
2,2,2026-09-18,06:33,350
2,0,2026-09-18,06:33,351
3,1,2026-09-18,06:33,369
3,0,2026-09-18,06:33,384
3,-1,2026-09-18,06:33,385
3,4,2026-09-18,06:33,382
3,-1,2026-09-18,06:33,806
3,1,2026-09-18,06:33,368
4,4,2026-09-18,06:33,654
4,3,2026-09-18,06:33,470
4,2,2026-09-18,06:33,492
4,2,2026-09-18,06:33,456
4,4,2026-09-18,06:33,471
4,3,2026-09-18,06:33,624
5,2,2026-09-18,06:33,354
5,2,2026-09-18,06:33,388
5,1,2026-09-18,06:33,360
5,-1,2026-09-18,06:33,361
5,1,2026-09-18,06:33,353
5,1,2026-09-18,06:33,357
5,-1,2026-09-18,06:33,820
6,4,2026-09-18,06:33,049
6,1,2026-09-18,06:33,043
6,-1,2026-09-18,06:33,011
7,1,2026-09-18,06:33,035
7,-1,2026-09-18,06:33,209
7,2,2026-09-18,06:33,037
7,2,2026-09-18,06:33,253
8,2,2026-09-18,06:33,381
8,2,2026-09-18,06:33,389
8,-1,2026-09-18,06:33,822
8,2,2026-09-18,06:33,045
8,0,2026-09-18,06:33,355
9,3,2026-09-18,06:33,266
9,3,2026-09-18,06:33,229
9,2,2026-09-18,06:33,257
9,7,2026-09-18,06:33,260
9,1,2026-09-18,06:33,261
9,-1,2026-09-18,06:33,138
10,3,2026-09-18,06:33,485
10,-1,2026-09-18,06:33,476
10,0,2026-09-18,06:33,468
10,0,2026-09-18,06:33,468
10,0,2026-09-18,06:33,480
10,0,2026-09-18,06:33,623
11,2,2026-09-18,06:33,507
11,1,2026-09-18,06:33,408
11,8,2026-09-18,06:33,484
11,3,2026-09-18,06:33,025
11,0,2026-09-18,06:33,626
12,3,2026-09-18,06:33,314
12,1,2026-09-18,06:33,325
12,0,2026-09-18,06:33,364
12,-1,2026-09-18,06:33,386
13,1,2026-09-18,06:33,206
13,-1,2026-09-18,06:33,202
13,2,2026-09-18,06:33,001
14,2,2026-09-18,06:33,026
14,0,2026-09-18,06:33,024
14,3,2026-09-18,06:33,414
15,6,2026-09-18,06:33,237
15,4,2026-09-18,06:33,235
16,7,2026-09-18,06:34,457
16,6,2026-09-18,06:34,472
16,3,2026-09-18,06:34,498
16,0,2026-09-18,06:34,451
16,5,2026-09-18,06:34,494
16,2,2026-09-18,06:34,486
16,2,2026-09-18,06:34,462
16,1,2026-09-18,06:34,473
17,0,2026-09-18,06:34,374
17,3,2026-09-18,06:34,352
17,-1,2026-09-18,06:34,377
17,1,2026-09-18,06:34,373
18,1,2026-09-18,06:34,040
18,3,2026-09-18,06:34,038
18,2,2026-09-18,06:34,212
19,0,2026-09-18,06:34,496
19,0,2026-09-18,06:34,469
19,0,2026-09-18,06:34,619
19,5,2026-09-18,06:34,465
19,0,2026-09-18,06:34,616
19,-1,2026-09-18,06:34,628
20,1,2026-09-18,06:34,023
20,1,2026-09-18,06:34,403
20,-1,2026-09-18,06:34,409
20,3,2026-09-18,06:34,019
20,-1,2026-09-18,06:34,402
21,3,2026-09-18,06:34,466
21,0,2026-09-18,06:34,454
21,1,2026-09-18,06:34,461
21,0,2026-09-18,06:34,621
21,3,2026-09-18,06:34,477
21,3,2026-09-18,06:34,479
21,-1,2026-09-18,06:34,618
21,0,2026-09-18,06:34,466
22,11,2026-09-18,06:34,021
22,1,2026-09-18,06:34,028
23,1,2026-09-18,06:34,012
24,0,2026-09-18,06:34,358
24,1,2026-09-18,06:34,376
24,0,2026-09-18,06:34,387
24,1,2026-09-18,06:34,387
24,1,2026-09-18,06:34,372
24,-1,2026-09-18,06:34,349
25,2,2026-09-18,06:34,487
25,0,2026-09-18,06:34,018
25,8,2026-09-18,06:34,493
25,2,2026-09-18,06:34,452
25,-1,2026-09-18,06:34,510
26,11,2026-09-18,06:34,395
26,-1,2026-09-18,06:34,047
26,2,2026-09-18,06:34,367
26,3,2026-09-18,06:34,363
26,0,2026-09-18,06:34,395
27,3,2026-09-18,06:34,315
27,0,2026-09-18,06:34,009
27,3,2026-09-18,06:34,009
27,0,2026-09-18,06:34,322
28,4,2026-09-18,06:34,014
28,0,2026-09-18,06:34,789
28,1,2026-09-18,06:34,788
28,1,2026-09-18,06:34,405
29,-1,2026-09-18,06:34,222
29,-1,2026-09-18,06:34,039
29,2,2026-09-18,06:34,227
29,2,2026-09-18,06:34,239
30,7,2026-09-18,06:34,005
30,0,2026-09-18,06:34,031
30,1,2026-09-18,06:34,031
50,-1,2026-09-18,06:34,020
100,-1,2026-09-18,06:34,474
100,2,2026-09-18,06:34,627
100,0,2026-09-18,06:34,488
100,1,2026-09-18,06:34,458
100,2,2026-09-18,06:34,620
101,1,2026-09-18,06:34,228
101,-2,2026-09-18,06:34,204
102,-1,2026-09-18,06:34,305
103,5,2026-09-18,06:34,136
103,1,2026-09-18,06:34,002
104,1,2026-09-18,06:34,318
104,3,2026-09-18,06:34,323
104,-2,2026-09-18,06:34,010
105,0,2026-09-18,06:34,312
105,0,2026-09-18,06:34,304
105,0,2026-09-18,06:34,008
107,-1,2026-09-18,06:34,310
107,1,2026-09-18,06:34,042
108,0,2026-09-18,06:34,219
109,2,2026-09-18,06:34,033
109,4,2026-09-18,06:34,033
111,-1,2026-09-18,06:34,217
112,0,2026-09-18,06:34,034
112,0,2026-09-18,06:34,034
113,0,2026-09-18,06:34,232
122,0,2026-09-18,06:34,311
123,1,2026-09-18,06:34,930
142,1,2026-09-18,06:34,931
1,6,2026-09-18,11:43,216
1,0,2026-09-18,11:43,263
1,1,2026-09-18,11:43,251
1,0,2026-09-18,11:43,262
1,-1,2026-09-18,11:43,264
2,0,2026-09-18,11:43,821
2,1,2026-09-18,11:43,380
2,8,2026-09-18,11:43,365
2,3,2026-09-18,11:43,359
2,2,2026-09-18,11:43,351
3,4,2026-09-18,11:43,368
3,4,2026-09-18,11:43,369
3,0,2026-09-18,11:43,806
3,3,2026-09-18,11:43,385
3,2,2026-09-18,11:43,382
4,9,2026-09-18,11:43,492
4,6,2026-09-18,11:43,625
4,3,2026-09-18,11:43,471
4,-1,2026-09-18,11:43,652
4,6,2026-09-18,11:43,491
4,2,2026-09-18,11:43,470
5,4,2026-09-18,11:43,353
5,1,2026-09-18,11:43,357
5,2,2026-09-18,11:43,820
5,0,2026-09-18,11:43,354
5,3,2026-09-18,11:43,388
5,1,2026-09-18,11:43,360
5,4,2026-09-18,11:43,354
5,0,2026-09-18,11:43,361
5,0,2026-09-18,11:43,353
6,7,2026-09-18,11:43,049
6,-1,2026-09-18,11:43,043
6,2,2026-09-18,11:43,011
7,4,2026-09-18,11:43,256
7,6,2026-09-18,11:43,006
7,0,2026-09-18,11:43,035
7,5,2026-09-18,11:43,209
7,1,2026-09-18,11:43,004
8,0,2026-09-18,11:43,355
8,2,2026-09-18,11:43,381
8,0,2026-09-18,11:43,389
8,0,2026-09-18,11:43,822
9,-1,2026-09-18,11:43,138
9,4,2026-09-18,11:43,266
9,1,2026-09-18,11:43,229
9,3,2026-09-18,11:43,257
9,3,2026-09-18,11:43,260
10,0,2026-09-18,11:43,468
10,0,2026-09-18,11:43,654
10,4,2026-09-18,11:43,480
10,4,2026-09-18,11:43,480
10,3,2026-09-18,11:43,453
10,-1,2026-09-18,11:43,460
11,1,2026-09-18,11:43,626
11,1,2026-09-18,11:43,015
11,1,2026-09-18,11:43,022
11,0,2026-09-18,11:43,623
11,0,2026-09-18,11:43,025
12,-1,2026-09-18,11:43,364
12,0,2026-09-18,11:43,325
12,0,2026-09-18,11:43,314
12,-1,2026-09-18,11:43,386
13,5,2026-09-18,11:43,001
13,-1,2026-09-18,11:43,202
13,0,2026-09-18,11:43,206
14,3,2026-09-18,11:43,413
14,3,2026-09-18,11:43,024
14,0,2026-09-18,11:43,026
15,4,2026-09-18,11:43,235
15,0,2026-09-18,11:43,237
15,1,2026-09-18,11:43,225
16,5,2026-09-18,11:43,459
16,1,2026-09-18,11:43,462
16,1,2026-09-18,11:43,473
16,1,2026-09-18,11:43,457
16,1,2026-09-18,11:43,451
16,3,2026-09-18,11:43,497
17,0,2026-09-18,11:43,316
17,0,2026-09-18,11:43,375
17,1,2026-09-18,11:43,374
18,2,2026-09-18,11:43,040
18,0,2026-09-18,11:43,208
18,4,2026-09-18,11:43,038
18,1,2026-09-18,11:43,212
19,4,2026-09-18,11:43,465
19,0,2026-09-18,11:43,616
19,0,2026-09-18,11:43,454
19,1,2026-09-18,11:43,496
19,1,2026-09-18,11:43,469
19,1,2026-09-18,11:43,619
20,1,2026-09-18,11:43,030
20,0,2026-09-18,11:43,023
20,0,2026-09-18,11:43,403
20,1,2026-09-18,11:43,409
20,0,2026-09-18,11:43,019
20,1,2026-09-18,11:43,402
21,4,2026-09-18,11:43,479
21,2,2026-09-18,11:43,484
21,0,2026-09-18,11:43,618
21,1,2026-09-18,11:43,461
21,1,2026-09-18,11:43,621
21,1,2026-09-18,11:43,477
21,0,2026-09-18,11:43,479
22,3,2026-09-18,11:43,508
22,-1,2026-09-18,11:43,028
23,2,2026-09-18,11:43,046
23,4,2026-09-18,11:43,319
24,2,2026-09-18,11:43,349
24,0,2026-09-18,11:43,807
24,0,2026-09-18,11:43,376
24,4,2026-09-18,11:43,376
24,0,2026-09-18,11:43,358
24,6,2026-09-18,11:43,387
24,-1,2026-09-18,11:43,372
25,2,2026-09-18,11:43,018
25,2,2026-09-18,11:43,452
25,1,2026-09-18,11:43,510
25,-1,2026-09-18,11:43,487
26,7,2026-09-18,11:43,363
26,3,2026-09-18,11:43,395
26,3,2026-09-18,11:43,395
26,1,2026-09-18,11:43,367
27,1,2026-09-18,11:43,009
27,1,2026-09-18,11:43,320
27,17,2026-09-18,11:43,309
27,5,2026-09-18,11:43,315
27,4,2026-09-18,11:43,309
28,2,2026-09-18,11:43,788
28,0,2026-09-18,11:43,014
28,1,2026-09-18,11:43,789
29,2,2026-09-18,11:43,227
29,2,2026-09-18,11:44,238
29,1,2026-09-18,11:44,222
30,0,2026-09-18,11:44,005
30,2,2026-09-18,11:44,005
30,-1,2026-09-18,11:44,031
50,-1,2026-09-18,11:44,020
50,0,2026-09-18,11:44,016
100,1,2026-09-18,11:44,627
100,1,2026-09-18,11:44,458
100,-1,2026-09-18,11:44,488
100,1,2026-09-18,11:44,620
100,-1,2026-09-18,11:44,474
101,6,2026-09-18,11:44,228
101,-2,2026-09-18,11:44,205
102,-1,2026-09-18,11:44,311
103,2,2026-09-18,11:44,211
103,1,2026-09-18,11:44,136
104,1,2026-09-18,11:44,318
104,4,2026-09-18,11:44,323
105,2,2026-09-18,11:44,008
105,1,2026-09-18,11:44,304
107,0,2026-09-18,11:44,042
107,0,2026-09-18,11:44,310
108,3,2026-09-18,11:44,219
109,2,2026-09-18,11:44,033
111,1,2026-09-18,11:44,226
111,1,2026-09-18,11:44,217
112,0,2026-09-18,11:44,034
112,0,2026-09-18,11:44,034
113,2,2026-09-18,11:44,232
123,0,2026-09-18,11:44,930
123,0,2026-09-18,11:44,930
142,0,2026-09-18,11:44,931
1,3,2026-09-18,15:09,264
1,0,2026-09-18,15:09,259
1,3,2026-09-18,15:09,251
1,-1,2026-09-18,15:09,263
1,1,2026-09-18,15:09,262
2,4,2026-09-18,15:09,359
2,0,2026-09-18,15:09,351
2,0,2026-09-18,15:09,365
2,1,2026-09-18,15:09,380
3,2,2026-09-18,15:09,368
3,1,2026-09-18,15:09,369
3,3,2026-09-18,15:09,384
3,2,2026-09-18,15:09,385
4,0,2026-09-18,15:09,652
4,7,2026-09-18,15:09,491
4,0,2026-09-18,15:09,625
4,3,2026-09-18,15:09,471
5,0,2026-09-18,15:09,360
5,0,2026-09-18,15:09,361
5,2,2026-09-18,15:09,357
5,-1,2026-09-18,15:09,820
5,1,2026-09-18,15:09,354
5,-1,2026-09-18,15:09,388
6,1,2026-09-18,15:09,306
6,1,2026-09-18,15:09,049
6,3,2026-09-18,15:09,043
6,2,2026-09-18,15:09,011
7,1,2026-09-18,15:09,253
7,4,2026-09-18,15:09,006
7,6,2026-09-18,15:09,035
7,4,2026-09-18,15:09,209
7,2,2026-09-18,15:09,004
8,-1,2026-09-18,15:09,822
8,-1,2026-09-18,15:09,355
8,-1,2026-09-18,15:09,321
8,2,2026-09-18,15:09,381
9,2,2026-09-18,15:09,261
9,2,2026-09-18,15:09,266
9,3,2026-09-18,15:09,229
9,2,2026-09-18,15:09,257
10,-1,2026-09-18,15:09,654
10,1,2026-09-18,15:09,476
10,0,2026-09-18,15:09,480
10,0,2026-09-18,15:10,480
10,0,2026-09-18,15:10,485
11,2,2026-09-18,15:10,626
11,0,2026-09-18,15:10,507
11,2,2026-09-18,15:10,022
11,-2,2026-09-18,15:10,623
11,-1,2026-09-18,15:10,025
12,4,2026-09-18,15:10,044
12,3,2026-09-18,15:10,325
12,0,2026-09-18,15:10,314
12,-1,2026-09-18,15:10,386
13,-1,2026-09-18,15:10,202
13,-1,2026-09-18,15:10,206
13,0,2026-09-18,15:10,001
14,2,2026-09-18,15:10,414
14,2,2026-09-18,15:10,026
14,1,2026-09-18,15:10,413
14,1,2026-09-18,15:10,024
14,1,2026-09-18,15:10,414
15,0,2026-09-18,15:10,235
15,10,2026-09-18,15:10,237
15,1,2026-09-18,15:10,225
16,-1,2026-09-18,15:10,494
16,0,2026-09-18,15:10,459
16,4,2026-09-18,15:10,462
16,1,2026-09-18,15:10,473
16,2,2026-09-18,15:10,498
16,-1,2026-09-18,15:10,451
16,1,2026-09-18,15:10,486
16,-1,2026-09-18,15:10,497
17,1,2026-09-18,15:10,374
17,1,2026-09-18,15:10,316
17,-1,2026-09-18,15:10,375
18,3,2026-09-18,15:10,038
18,1,2026-09-18,15:10,212
18,4,2026-09-18,15:10,040
18,2,2026-09-18,15:10,208
19,-1,2026-09-18,15:10,469
19,2,2026-09-18,15:10,619
19,2,2026-09-18,15:10,616
19,0,2026-09-18,15:10,628
20,-1,2026-09-18,15:10,030
20,1,2026-09-18,15:10,023
20,-1,2026-09-18,15:10,409
20,0,2026-09-18,15:10,019
21,0,2026-09-18,15:10,621
21,1,2026-09-18,15:10,477
21,1,2026-09-18,15:10,484
21,2,2026-09-18,15:10,618
21,1,2026-09-18,15:10,456
22,0,2026-09-18,15:10,021
22,0,2026-09-18,15:10,508
23,-2,2026-09-18,15:10,319
23,1,2026-09-18,15:10,012
24,2,2026-09-18,15:10,376
24,-1,2026-09-18,15:10,358
24,1,2026-09-18,15:10,372
24,-1,2026-09-18,15:10,349
25,2,2026-09-18,15:10,452
25,3,2026-09-18,15:10,493
25,-1,2026-09-18,15:10,510
25,1,2026-09-18,15:10,487
26,-2,2026-09-18,15:10,367
26,2,2026-09-18,15:10,047
26,2,2026-09-18,15:10,047
26,1,2026-09-18,15:10,363
27,-1,2026-09-18,15:10,320
27,2,2026-09-18,15:10,315
27,-1,2026-09-18,15:10,309
27,1,2026-09-18,15:10,009
28,-1,2026-09-18,15:10,789
28,2,2026-09-18,15:10,017
28,-2,2026-09-18,15:10,014
28,0,2026-09-18,15:10,029
29,2,2026-09-18,15:10,238
29,0,2026-09-18,15:10,222
29,1,2026-09-18,15:10,227
29,0,2026-09-18,15:10,239
30,0,2026-09-18,15:10,005
30,1,2026-09-18,15:10,031
50,-1,2026-09-18,15:10,016
50,-2,2026-09-18,15:10,020
50,0,2026-09-18,15:10,016
100,0,2026-09-18,15:10,458
100,0,2026-09-18,15:10,495
100,-1,2026-09-18,15:10,620
100,1,2026-09-18,15:10,474
100,-1,2026-09-18,15:10,627
101,0,2026-09-18,15:10,228
103,3,2026-09-18,15:10,136
103,2,2026-09-18,15:10,002
103,-1,2026-09-18,15:10,211
105,0,2026-09-18,15:10,304
105,1,2026-09-18,15:10,008
107,0,2026-09-18,15:10,042
107,3,2026-09-18,15:10,310
109,1,2026-09-18,15:10,033
111,-1,2026-09-18,15:10,217
112,0,2026-09-18,15:10,034
113,1,2026-09-18,15:10,232
122,-1,2026-09-18,15:10,305
123,2,2026-09-18,15:10,930
142,2,2026-09-18,15:10,931
1,1,2026-09-18,18:25,262
1,-1,2026-09-18,18:25,264
1,0,2026-09-18,18:25,251
1,-2,2026-09-18,18:25,263
2,2,2026-09-18,18:25,821
2,1,2026-09-18,18:25,041
2,0,2026-09-18,18:25,359
3,0,2026-09-18,18:25,382
3,0,2026-09-18,18:25,368
3,1,2026-09-18,18:25,369
3,-1,2026-09-18,18:25,384
4,2,2026-09-18,18:25,625
4,2,2026-09-18,18:25,471
4,1,2026-09-18,18:25,491
4,3,2026-09-18,18:25,492
5,2,2026-09-18,18:25,353
5,-1,2026-09-18,18:25,357
5,2,2026-09-18,18:25,388
6,1,2026-09-18,18:25,043
7,0,2026-09-18,18:25,004
7,1,2026-09-18,18:25,253
7,0,2026-09-18,18:25,006
7,-1,2026-09-18,18:25,256
8,1,2026-09-18,18:25,321
8,2,2026-09-18,18:25,381
8,-1,2026-09-18,18:25,355
9,2,2026-09-18,18:25,257
9,-1,2026-09-18,18:25,260
9,1,2026-09-18,18:25,229
10,1,2026-09-18,18:25,476
10,0,2026-09-18,18:25,485
11,0,2026-09-18,18:25,025
11,1,2026-09-18,18:25,015
11,1,2026-09-18,18:25,022
12,4,2026-09-18,18:25,325
12,0,2026-09-18,18:25,386
13,0,2026-09-18,18:25,206
13,0,2026-09-18,18:25,001
13,2,2026-09-18,18:25,001
14,-1,2026-09-18,18:25,026
14,-1,2026-09-18,18:25,413
14,0,2026-09-18,18:25,414
15,1,2026-09-18,18:25,225
15,1,2026-09-18,18:25,237
16,-2,2026-09-18,18:25,451
16,3,2026-09-18,18:25,497
16,2,2026-09-18,18:25,462
16,1,2026-09-18,18:25,473
16,-1,2026-09-18,18:25,498
17,1,2026-09-18,18:25,316
17,-1,2026-09-18,18:25,373
17,-1,2026-09-18,18:25,374
18,1,2026-09-18,18:25,036
18,1,2026-09-18,18:25,040
18,0,2026-09-18,18:25,212
19,-1,2026-09-18,18:25,616
19,2,2026-09-18,18:25,496
19,5,2026-09-18,18:25,619
19,-1,2026-09-18,18:25,465
20,-1,2026-09-18,18:25,402
20,-1,2026-09-18,18:25,023
20,0,2026-09-18,18:25,019
21,2,2026-09-18,18:25,479
21,2,2026-09-18,18:25,461
22,1,2026-09-18,18:25,508
22,0,2026-09-18,18:25,021
23,1,2026-09-18,18:25,012
23,-4,2026-09-18,18:25,319
23,1,2026-09-18,18:25,046
24,2,2026-09-18,18:25,372
24,-1,2026-09-18,18:25,349
24,0,2026-09-18,18:25,376
24,0,2026-09-18,18:25,372
25,1,2026-09-18,18:25,493
25,0,2026-09-18,18:25,510
25,0,2026-09-18,18:25,510
25,1,2026-09-18,18:25,018
26,5,2026-09-18,18:25,047
26,0,2026-09-18,18:25,363
26,-2,2026-09-18,18:26,363
27,1,2026-09-18,18:26,315
27,-1,2026-09-18,18:26,009
28,1,2026-09-18,18:26,788
28,1,2026-09-18,18:26,029
28,1,2026-09-18,18:26,017
29,0,2026-09-18,18:26,227
29,4,2026-09-18,18:26,039
30,0,2026-09-18,18:26,031
30,1,2026-09-18,18:26,031
50,-1,2026-09-18,18:26,020
100,2,2026-09-18,18:26,495
100,0,2026-09-18,18:26,620
100,0,2026-09-18,18:26,627
101,2,2026-09-18,18:26,230
103,-2,2026-09-18,18:26,211
103,1,2026-09-18,18:26,221
103,0,2026-09-18,18:26,002
104,3,2026-09-18,18:26,010
104,0,2026-09-18,18:26,323
105,1,2026-09-18,18:26,304
107,0,2026-09-18,18:26,042
108,0,2026-09-18,18:26,219
108,0,2026-09-18,18:26,219
111,2,2026-09-18,18:26,226
112,1,2026-09-18,18:26,034
112,0,2026-09-18,18:26,034
123,2,2026-09-18,18:26,930
1,-1,2026-09-18,21:04,262
4,3,2026-09-18,21:04,471
4,0,2026-09-18,21:04,624
4,0,2026-09-18,21:04,470
5,-1,2026-09-18,21:04,357
5,0,2026-09-18,21:04,388
6,1,2026-09-18,21:04,043
7,0,2026-09-18,21:04,256
7,-1,2026-09-18,21:04,253
8,3,2026-09-18,21:04,355
8,0,2026-09-18,21:04,321
9,0,2026-09-18,21:04,260
10,0,2026-09-18,21:04,476
10,0,2026-09-18,21:04,485
11,-1,2026-09-18,21:04,025
12,0,2026-09-18,21:04,386
12,0,2026-09-18,21:04,325
14,-1,2026-09-18,21:04,414
16,1,2026-09-18,21:05,473
16,-1,2026-09-18,21:05,451
16,0,2026-09-18,21:05,494
17,0,2026-09-18,21:05,373
17,0,2026-09-18,21:05,374
17,1,2026-09-18,21:05,316
18,1,2026-09-18,21:05,208
19,-1,2026-09-18,21:05,496
20,-1,2026-09-18,21:05,019
20,0,2026-09-18,21:05,402
21,0,2026-09-18,21:05,456
21,0,2026-09-18,21:05,621
21,-1,2026-09-18,21:05,479
22,0,2026-09-18,21:05,021
24,1,2026-09-18,21:05,372
24,0,2026-09-18,21:05,349
24,0,2026-09-18,21:05,376
27,0,2026-09-18,21:05,315
27,0,2026-09-18,21:05,315
29,0,2026-09-18,21:05,238
100,0,2026-09-18,21:05,627
101,-1,2026-09-18,21:05,230
101,0,2026-09-18,21:05,230
102,1,2026-09-18,21:05,312
103,2,2026-09-18,21:05,221
104,1,2026-09-18,21:05,323
105,-1,2026-09-18,21:05,305
108,0,2026-09-18,21:05,219
111,2,2026-09-18,21:05,226
1,1,2026-09-19,05:51,235
1,4,2026-09-19,05:51,237
1,0,2026-09-19,05:51,037
2,2,2026-09-19,05:51,041
2,-1,2026-09-19,05:51,386
2,1,2026-09-19,05:51,010
3,3,2026-09-19,05:51,374
3,2,2026-09-19,05:51,391
3,4,2026-09-19,05:51,044
4,1,2026-09-19,05:51,625
4,1,2026-09-19,05:52,496
5,0,2026-09-19,05:52,389
5,1,2026-09-19,05:52,370
5,2,2026-09-19,05:52,388
5,0,2026-09-19,05:52,389
6,1,2026-09-19,05:52,008
6,-1,2026-09-19,05:52,318
6,-1,2026-09-19,05:52,012
7,1,2026-09-19,05:52,222
7,-1,2026-09-19,05:52,035
7,1,2026-09-19,05:52,002
7,4,2026-09-19,05:52,239
8,1,2026-09-19,05:52,363
8,0,2026-09-19,05:52,385
9,1,2026-09-19,05:52,256
9,0,2026-09-19,05:52,136
9,0,2026-09-19,05:52,223
9,0,2026-09-19,05:52,230
10,1,2026-09-19,05:52,489
10,2,2026-09-19,05:52,470
10,2,2026-09-19,05:52,470
10,0,2026-09-19,05:52,495
11,-1,2026-09-19,05:52,789
11,0,2026-09-19,05:52,409
12,0,2026-09-19,05:52,047
12,1,2026-09-19,05:52,045
12,0,2026-09-19,05:52,313
12,-1,2026-09-19,05:52,321
13,-1,2026-09-19,05:52,206
14,-1,2026-09-19,05:52,018
14,-1,2026-09-19,05:52,025
14,-1,2026-09-19,05:52,015
14,0,2026-09-19,05:52,018
15,2,2026-09-19,05:52,209
15,-1,2026-09-19,05:52,038
15,1,2026-09-19,05:52,217
16,2,2026-09-19,05:52,476
16,1,2026-09-19,05:52,451
16,1,2026-09-19,05:52,468
16,1,2026-09-19,05:52,491
17,0,2026-09-19,05:52,042
17,1,2026-09-19,05:52,357
18,1,2026-09-19,05:52,208
18,0,2026-09-19,05:52,225
19,0,2026-09-19,05:52,472
19,1,2026-09-19,05:52,406
19,3,2026-09-19,05:52,020
20,0,2026-09-19,05:52,028
20,-1,2026-09-19,05:52,412
20,1,2026-09-19,05:52,014
20,1,2026-09-19,05:52,016
21,0,2026-09-19,05:52,457
21,-1,2026-09-19,05:52,480
21,0,2026-09-19,05:52,484
21,-1,2026-09-19,05:52,619
22,1,2026-09-19,05:52,414
23,2,2026-09-19,05:52,306
23,1,2026-09-19,05:52,315
24,1,2026-09-19,05:52,822
24,1,2026-09-19,05:52,821
24,-1,2026-09-19,05:52,384
25,2,2026-09-19,05:52,788
25,-1,2026-09-19,05:52,021
25,0,2026-09-19,05:52,017
26,-1,2026-09-19,05:52,011
26,-1,2026-09-19,05:52,316
26,1,2026-09-19,05:52,049
26,0,2026-09-19,05:52,011
27,0,2026-09-19,05:52,930
27,2,2026-09-19,05:52,931
28,1,2026-09-19,05:52,029
28,-1,2026-09-19,05:52,402
29,0,2026-09-19,05:52,226
29,1,2026-09-19,05:52,218
30,-1,2026-09-19,05:52,040
50,-1,2026-09-19,05:52,019
100,0,2026-09-19,05:52,497
100,-1,2026-09-19,05:52,511
100,2,2026-09-19,05:52,492
100,-1,2026-09-19,05:52,510
101,2,2026-09-19,05:52,039
103,0,2026-09-19,05:52,232
103,1,2026-09-19,05:52,221
103,-2,2026-09-19,05:52,006
104,3,2026-09-19,05:52,310
105,2,2026-09-19,05:52,325
107,-1,2026-09-19,05:52,929
108,0,2026-09-19,05:52,036
108,0,2026-09-19,05:52,036
109,1,2026-09-19,05:52,032
109,0,2026-09-19,05:52,032
112,0,2026-09-19,05:52,033
132,2,2026-09-19,05:52,927
1,3,2026-09-19,09:46,237
1,5,2026-09-19,09:46,037
1,2,2026-09-19,09:46,235
1,0,2026-09-19,09:46,212
2,0,2026-09-19,09:46,010
2,2,2026-09-19,09:46,009
2,1,2026-09-19,09:46,386
3,5,2026-09-19,09:46,391
3,2,2026-09-19,09:46,311
3,3,2026-09-19,09:46,044
3,2,2026-09-19,09:46,374
4,2,2026-09-19,09:46,483
4,3,2026-09-19,09:46,488
4,3,2026-09-19,09:46,493
4,2,2026-09-19,09:46,496
5,1,2026-09-19,09:46,389
5,1,2026-09-19,09:46,381
5,1,2026-09-19,09:46,349
5,0,2026-09-19,09:46,388
5,0,2026-09-19,09:46,389
6,1,2026-09-19,09:46,318
6,0,2026-09-19,09:46,012
6,0,2026-09-19,09:46,008
7,1,2026-09-19,09:46,035
7,-1,2026-09-19,09:46,002
7,2,2026-09-19,09:46,239
8,3,2026-09-19,09:46,363
8,2,2026-09-19,09:46,319
8,0,2026-09-19,09:46,385
8,2,2026-09-19,09:46,046
9,3,2026-09-19,09:46,136
9,1,2026-09-19,09:46,259
9,2,2026-09-19,09:46,266
9,2,2026-09-19,09:46,230
9,-1,2026-09-19,09:46,256
10,3,2026-09-19,09:46,470
10,5,2026-09-19,09:46,495
10,0,2026-09-19,09:46,629
10,0,2026-09-19,09:46,629
10,0,2026-09-19,09:46,489
11,2,2026-09-19,09:46,022
11,1,2026-09-19,09:46,409
11,-1,2026-09-19,09:46,789
12,0,2026-09-19,09:46,313
12,2,2026-09-19,09:46,321
12,1,2026-09-19,09:46,047
13,3,2026-09-19,09:46,001
13,0,2026-09-19,09:46,206
14,1,2026-09-19,09:46,015
14,-1,2026-09-19,09:46,018
14,4,2026-09-19,09:46,025
15,4,2026-09-19,09:46,038
15,1,2026-09-19,09:46,209
16,3,2026-09-19,09:46,476
16,1,2026-09-19,09:46,451
16,5,2026-09-19,09:46,465
16,2,2026-09-19,09:46,468
16,1,2026-09-19,09:46,491
17,1,2026-09-19,09:46,043
17,1,2026-09-19,09:46,382
18,1,2026-09-19,09:46,225
18,3,2026-09-19,09:46,227
19,1,2026-09-19,09:46,406
19,1,2026-09-19,09:46,498
19,1,2026-09-19,09:46,020
20,5,2026-09-19,09:46,028
20,1,2026-09-19,09:46,014
20,1,2026-09-19,09:46,412
21,1,2026-09-19,09:46,619
21,1,2026-09-19,09:46,457
21,-1,2026-09-19,09:46,480
21,1,2026-09-19,09:46,484
21,0,2026-09-19,09:46,479
21,0,2026-09-19,09:46,619
22,-1,2026-09-19,09:46,414
23,2,2026-09-19,09:46,306
23,2,2026-09-19,09:46,315
24,1,2026-09-19,09:46,822
24,-1,2026-09-19,09:46,387
24,2,2026-09-19,09:46,821
24,0,2026-09-19,09:46,384
25,-1,2026-09-19,09:46,017
25,3,2026-09-19,09:46,788
26,1,2026-09-19,09:46,316
26,17,2026-09-19,09:46,011
27,0,2026-09-19,09:46,930
28,5,2026-09-19,09:46,509
28,0,2026-09-19,09:46,029
28,0,2026-09-19,09:46,402
28,1,2026-09-19,09:46,026
29,2,2026-09-19,09:46,226
29,1,2026-09-19,09:46,218
30,-1,2026-09-19,09:46,040
50,2,2026-09-19,09:47,019
100,5,2026-09-19,09:47,492
100,-1,2026-09-19,09:47,510
100,0,2026-09-19,09:47,497
100,0,2026-09-19,09:47,511
101,2,2026-09-19,09:47,039
102,4,2026-09-19,09:47,927
103,0,2026-09-19,09:47,232
103,0,2026-09-19,09:47,006
105,3,2026-09-19,09:47,325
107,-1,2026-09-19,09:47,929
108,0,2026-09-19,09:47,036
111,-1,2026-09-19,09:47,224
112,5,2026-09-19,09:47,033
112,2,2026-09-19,09:47,033
123,0,2026-09-19,09:47,926
123,1,2026-09-19,09:47,926
1,2,2026-09-19,13:29,037
1,0,2026-09-19,13:29,212
1,0,2026-09-19,13:29,235
1,2,2026-09-19,13:29,005
2,1,2026-09-19,13:29,386
2,6,2026-09-19,13:29,041
3,0,2026-09-19,13:29,311
3,0,2026-09-19,13:29,044
3,3,2026-09-19,13:29,374
4,4,2026-09-19,13:29,496
4,3,2026-09-19,13:29,483
4,0,2026-09-19,13:29,488
4,0,2026-09-19,13:29,625
5,4,2026-09-19,13:29,388
5,1,2026-09-19,13:29,389
5,0,2026-09-19,13:29,370
5,1,2026-09-19,13:29,349
5,0,2026-09-19,13:29,388
6,-1,2026-09-19,13:29,318
6,-1,2026-09-19,13:29,012
6,2,2026-09-19,13:29,008
7,4,2026-09-19,13:29,035
7,3,2026-09-19,13:29,002
7,2,2026-09-19,13:29,239
7,1,2026-09-19,13:29,222
8,0,2026-09-19,13:29,363
8,1,2026-09-19,13:29,319
8,-1,2026-09-19,13:29,385
8,2,2026-09-19,13:29,046
9,1,2026-09-19,13:29,136
9,4,2026-09-19,13:29,259
9,2,2026-09-19,13:29,223
9,1,2026-09-19,13:29,230
9,-1,2026-09-19,13:29,256
10,1,2026-09-19,13:29,629
10,1,2026-09-19,13:29,489
10,1,2026-09-19,13:29,489
10,-1,2026-09-19,13:29,470
11,1,2026-09-19,13:29,022
11,-1,2026-09-19,13:29,013
11,2,2026-09-19,13:29,409
11,1,2026-09-19,13:29,789
12,1,2026-09-19,13:29,045
12,2,2026-09-19,13:29,047
12,2,2026-09-19,13:29,313
13,1,2026-09-19,13:29,001
13,-1,2026-09-19,13:29,206
14,1,2026-09-19,13:29,025
14,0,2026-09-19,13:29,018
14,0,2026-09-19,13:29,025
15,2,2026-09-19,13:29,038
15,3,2026-09-19,13:29,209
16,5,2026-09-19,13:29,467
16,-1,2026-09-19,13:29,476
16,0,2026-09-19,13:29,465
16,0,2026-09-19,13:29,468
17,1,2026-09-19,13:29,357
17,0,2026-09-19,13:29,042
18,-1,2026-09-19,13:29,227
18,2,2026-09-19,13:29,034
18,7,2026-09-19,13:29,225
18,0,2026-09-19,13:29,208
19,1,2026-09-19,13:29,406
19,1,2026-09-19,13:29,498
19,1,2026-09-19,13:29,020
20,-1,2026-09-19,13:29,014
20,1,2026-09-19,13:29,016
20,0,2026-09-19,13:29,028
21,2,2026-09-19,13:29,479
21,0,2026-09-19,13:29,619
21,1,2026-09-19,13:29,480
21,0,2026-09-19,13:29,484
21,0,2026-09-19,13:29,479
22,1,2026-09-19,13:29,414
23,9,2026-09-19,13:29,306
23,3,2026-09-19,13:29,315
24,0,2026-09-19,13:29,821
24,0,2026-09-19,13:29,384
24,1,2026-09-19,13:29,387
24,0,2026-09-19,13:29,821
25,1,2026-09-19,13:29,788
25,0,2026-09-19,13:29,021
25,2,2026-09-19,13:29,021
26,10,2026-09-19,13:29,316
26,0,2026-09-19,13:29,049
26,1,2026-09-19,13:29,048
26,1,2026-09-19,13:29,048
26,3,2026-09-19,13:29,316
27,-1,2026-09-19,13:29,930
27,-1,2026-09-19,13:29,931
28,1,2026-09-19,13:29,026
28,-1,2026-09-19,13:29,509
28,-1,2026-09-19,13:29,402
29,2,2026-09-19,13:29,218
29,2,2026-09-19,13:29,004
30,-1,2026-09-19,13:29,040
50,1,2026-09-19,13:29,019
100,0,2026-09-19,13:29,497
100,0,2026-09-19,13:29,511
100,-1,2026-09-19,13:29,510
105,0,2026-09-19,13:29,325
107,0,2026-09-19,13:29,929
107,4,2026-09-19,13:29,928
111,-1,2026-09-19,13:30,224
112,8,2026-09-19,13:30,033
112,5,2026-09-19,13:30,033
123,-1,2026-09-19,13:30,926
132,4,2026-09-19,13:30,927
1,2,2026-09-19,16:41,212
1,5,2026-09-19,16:41,235
1,4,2026-09-19,16:41,005
2,5,2026-09-19,16:41,010
2,2,2026-09-19,16:41,009
2,-1,2026-09-19,16:41,386
3,0,2026-09-19,16:41,391
3,0,2026-09-19,16:41,311
3,1,2026-09-19,16:41,044
3,1,2026-09-19,16:41,374
4,4,2026-09-19,16:41,625
4,0,2026-09-19,16:41,493
4,4,2026-09-19,16:41,496
4,5,2026-09-19,16:41,483
5,1,2026-09-19,16:41,370
5,13,2026-09-19,16:41,388
5,-1,2026-09-19,16:41,389
6,0,2026-09-19,16:41,008
6,3,2026-09-19,16:41,012
7,3,2026-09-19,16:41,035
7,2,2026-09-19,16:41,239
7,-1,2026-09-19,16:41,222
8,4,2026-09-19,16:41,046
8,-1,2026-09-19,16:41,363
8,1,2026-09-19,16:42,319
9,4,2026-09-19,16:42,256
9,3,2026-09-19,16:42,259
9,0,2026-09-19,16:42,223
9,4,2026-09-19,16:42,266
9,-1,2026-09-19,16:42,230
10,5,2026-09-19,16:42,629
10,2,2026-09-19,16:42,489
10,2,2026-09-19,16:42,489
10,0,2026-09-19,16:42,629
11,3,2026-09-19,16:42,789
11,0,2026-09-19,16:42,409
12,1,2026-09-19,16:42,321
12,2,2026-09-19,16:42,047
12,0,2026-09-19,16:42,045
13,0,2026-09-19,16:42,206
13,1,2026-09-19,16:42,206
14,0,2026-09-19,16:42,015
14,0,2026-09-19,16:42,025
15,2,2026-09-19,16:42,209
15,0,2026-09-19,16:42,209
16,3,2026-09-19,16:42,468
16,3,2026-09-19,16:42,491
16,3,2026-09-19,16:42,467
16,0,2026-09-19,16:42,476
16,1,2026-09-19,16:42,451
17,0,2026-09-19,16:42,042
17,2,2026-09-19,16:42,357
18,2,2026-09-19,16:42,225
18,-1,2026-09-19,16:42,227
19,4,2026-09-19,16:42,020
19,3,2026-09-19,16:42,472
19,3,2026-09-19,16:42,406
19,5,2026-09-19,16:42,498
20,1,2026-09-19,16:42,014
20,0,2026-09-19,16:42,016
20,4,2026-09-19,16:42,412
20,2,2026-09-19,16:42,028
21,0,2026-09-19,16:42,457
21,-1,2026-09-19,16:42,480
21,3,2026-09-19,16:42,484
21,1,2026-09-19,16:42,619
21,0,2026-09-19,16:42,457
22,1,2026-09-19,16:42,024
23,4,2026-09-19,16:42,315
23,0,2026-09-19,16:42,306
24,3,2026-09-19,16:42,822
24,-1,2026-09-19,16:42,387
24,2,2026-09-19,16:42,821
24,-1,2026-09-19,16:42,384
25,1,2026-09-19,16:42,788
25,0,2026-09-19,16:42,021
25,2,2026-09-19,16:42,021
25,1,2026-09-19,16:42,017
26,1,2026-09-19,16:42,048
26,0,2026-09-19,16:42,316
26,0,2026-09-19,16:42,316
27,-1,2026-09-19,16:42,931
27,-1,2026-09-19,16:42,930
28,-1,2026-09-19,16:42,402
28,1,2026-09-19,16:42,023
29,0,2026-09-19,16:42,004
29,3,2026-09-19,16:42,226
30,0,2026-09-19,16:42,040
30,1,2026-09-19,16:42,040
50,3,2026-09-19,16:42,019
100,4,2026-09-19,16:42,511
100,0,2026-09-19,16:42,492
100,3,2026-09-19,16:42,497
101,-1,2026-09-19,16:42,211
102,4,2026-09-19,16:42,927
103,2,2026-09-19,16:42,232
103,2,2026-09-19,16:42,006
104,3,2026-09-19,16:42,312
105,2,2026-09-19,16:42,325
107,4,2026-09-19,16:42,929
107,-1,2026-09-19,16:42,928
112,0,2026-09-19,16:42,033
1,1,2026-09-19,18:55,005
1,0,2026-09-19,18:55,237
2,5,2026-09-19,18:55,010
2,-1,2026-09-19,18:55,386
3,2,2026-09-19,18:55,044
3,2,2026-09-19,18:55,374
3,-1,2026-09-19,18:55,311
4,2,2026-09-19,18:55,493
4,1,2026-09-19,18:55,496
4,2,2026-09-19,18:55,483
4,0,2026-09-19,18:55,625
5,1,2026-09-19,18:55,389
5,1,2026-09-19,18:55,388
7,-1,2026-09-19,18:55,239
7,1,2026-09-19,18:55,035
8,0,2026-09-19,18:55,319
9,1,2026-09-19,18:55,259
9,2,2026-09-19,18:55,223
9,0,2026-09-19,18:55,266
9,1,2026-09-19,18:55,230
10,2,2026-09-19,18:55,629
10,0,2026-09-19,18:55,489
11,3,2026-09-19,18:55,022
11,2,2026-09-19,18:56,409
12,3,2026-09-19,18:56,047
12,1,2026-09-19,18:56,321
14,0,2026-09-19,18:56,018
14,-1,2026-09-19,18:56,025
14,1,2026-09-19,18:56,015
14,0,2026-09-19,18:56,018
15,-1,2026-09-19,18:56,038
15,0,2026-09-19,18:56,038
15,3,2026-09-19,18:56,209
16,3,2026-09-19,18:56,467
16,3,2026-09-19,18:56,476
16,1,2026-09-19,18:56,468
17,0,2026-09-19,18:56,042
17,2,2026-09-19,18:56,357
17,0,2026-09-19,18:56,043
18,0,2026-09-19,18:56,225
18,0,2026-09-19,18:56,208
18,2,2026-09-19,18:56,227
19,2,2026-09-19,18:56,472
19,-1,2026-09-19,18:56,406
19,0,2026-09-19,18:56,498
19,1,2026-09-19,18:56,020
20,4,2026-09-19,18:56,016
20,1,2026-09-19,18:56,412
21,-1,2026-09-19,18:56,457
21,0,2026-09-19,18:56,480
21,2,2026-09-19,18:56,480
23,-1,2026-09-19,18:56,315
24,1,2026-09-19,18:56,384
24,0,2026-09-19,18:56,822
24,2,2026-09-19,18:56,822
24,0,2026-09-19,18:56,821
25,0,2026-09-19,18:56,017
25,1,2026-09-19,18:56,788
26,0,2026-09-19,18:56,049
26,-1,2026-09-19,18:56,316
27,1,2026-09-19,18:56,931
28,1,2026-09-19,18:56,402
28,2,2026-09-19,18:56,029
29,1,2026-09-19,18:56,004
29,1,2026-09-19,18:56,226
100,0,2026-09-19,18:56,497
100,1,2026-09-19,18:56,511
100,-1,2026-09-19,18:56,492
102,0,2026-09-19,18:56,927
103,3,2026-09-19,18:56,232
103,1,2026-09-19,18:56,006
105,1,2026-09-19,18:56,325
107,0,2026-09-19,18:56,929
112,-1,2026-09-19,18:56,033
1,1,2026-09-19,21:13,005
2,0,2026-09-19,21:13,010
4,1,2026-09-19,21:13,496
5,1,2026-09-19,21:13,349
6,1,2026-09-19,21:13,012
7,0,2026-09-19,21:13,239
10,1,2026-09-19,21:13,489
14,1,2026-09-19,21:13,025
16,3,2026-09-19,21:13,467
18,-1,2026-09-19,21:13,208
19,0,2026-09-19,21:13,472
20,0,2026-09-19,21:13,016
21,2,2026-09-19,21:13,484
21,0,2026-09-19,21:13,480
24,1,2026-09-19,21:13,821
27,0,2026-09-19,21:13,931
100,1,2026-09-19,21:13,511
102,3,2026-09-19,21:13,927
103,1,2026-09-19,21:13,232
1,1,2026-09-20,06:01,005
1,1,2026-09-20,06:01,033
2,2,2026-09-20,06:01,041
2,-1,2026-09-20,06:01,043
2,1,2026-09-20,06:01,321
3,1,2026-09-20,06:01,045
3,-1,2026-09-20,06:01,012
3,0,2026-09-20,06:01,390
4,0,2026-09-20,06:01,488
4,-1,2026-09-20,06:01,625
5,1,2026-09-20,06:01,386
5,0,2026-09-20,06:01,381
5,2,2026-09-20,06:01,381
5,-1,2026-09-20,06:01,391
6,-1,2026-09-20,06:01,047
6,-1,2026-09-20,06:01,008
7,1,2026-09-20,06:01,037
7,0,2026-09-20,06:01,225
8,-1,2026-09-20,06:01,009
9,3,2026-09-20,06:01,036
9,0,2026-09-20,06:01,229
10,0,2026-09-20,06:01,476
10,1,2026-09-20,06:01,470
10,1,2026-09-20,06:01,470
10,-1,2026-09-20,06:01,497
11,3,2026-09-20,06:01,028
11,3,2026-09-20,06:01,029
11,-1,2026-09-20,06:01,789
12,4,2026-09-20,06:01,048
13,-1,2026-09-20,06:01,034
14,-1,2026-09-20,06:01,015
14,0,2026-09-20,06:01,019
15,0,2026-09-20,06:01,038
15,4,2026-09-20,06:01,239
16,0,2026-09-20,06:01,484
16,-1,2026-09-20,06:01,463
16,1,2026-09-20,06:01,619
16,-1,2026-09-20,06:01,468
17,-1,2026-09-20,06:01,325
17,0,2026-09-20,06:01,319
18,-1,2026-09-20,06:01,224
18,1,2026-09-20,06:01,235
19,0,2026-09-20,06:01,025
19,0,2026-09-20,06:01,016
19,1,2026-09-20,06:01,512
20,1,2026-09-20,06:02,022
20,0,2026-09-20,06:02,013
20,1,2026-09-20,06:02,026
21,1,2026-09-20,06:02,487
21,-1,2026-09-20,06:02,495
21,1,2026-09-20,06:02,485
21,0,2026-09-20,06:02,487
23,0,2026-09-20,06:02,320
24,2,2026-09-20,06:02,385
24,0,2026-09-20,06:02,387
25,1,2026-09-20,06:02,017
25,1,2026-09-20,06:02,030
26,-1,2026-09-20,06:02,323
26,0,2026-09-20,06:02,049
26,0,2026-09-20,06:02,049
27,0,2026-09-20,06:02,315
27,0,2026-09-20,06:02,315
28,0,2026-09-20,06:02,023
28,-1,2026-09-20,06:02,018
29,3,2026-09-20,06:02,232
29,0,2026-09-20,06:02,217
30,0,2026-09-20,06:02,004
50,-1,2026-09-20,06:02,014
100,1,2026-09-20,06:02,491
100,1,2026-09-20,06:02,021
100,1,2026-09-20,06:02,472
102,0,2026-09-20,06:02,312
103,1,2026-09-20,06:02,241
103,0,2026-09-20,06:02,040
105,2,2026-09-20,06:02,311
107,0,2026-09-20,06:02,314
108,0,2026-09-20,06:02,039
109,0,2026-09-20,06:02,221
112,-1,2026-09-20,06:02,206
1,1,2026-09-20,11:10,227
1,2,2026-09-20,11:10,005
1,0,2026-09-20,11:10,033
2,2,2026-09-20,11:10,044
2,3,2026-09-20,11:10,321
3,3,2026-09-20,11:10,045
3,3,2026-09-20,11:10,012
3,0,2026-09-20,11:10,390
4,-1,2026-09-20,11:10,488
5,1,2026-09-20,11:10,349
5,-1,2026-09-20,11:10,386
5,2,2026-09-20,11:10,381
5,2,2026-09-20,11:10,391
5,0,2026-09-20,11:10,349
6,3,2026-09-20,11:10,047
6,0,2026-09-20,11:10,008
7,-1,2026-09-20,11:10,035
7,-1,2026-09-20,11:10,037
7,2,2026-09-20,11:10,225
8,1,2026-09-20,11:10,046
8,1,2026-09-20,11:10,376
8,5,2026-09-20,11:10,376
8,0,2026-09-20,11:10,009
9,2,2026-09-20,11:10,001
9,2,2026-09-20,11:10,036
9,4,2026-09-20,11:10,262
9,-1,2026-09-20,11:10,229
10,1,2026-09-20,11:10,497
10,0,2026-09-20,11:10,476
10,0,2026-09-20,11:10,476
10,-1,2026-09-20,11:10,470
11,2,2026-09-20,11:10,028
11,4,2026-09-20,11:10,029
11,-1,2026-09-20,11:10,789
12,1,2026-09-20,11:10,042
12,0,2026-09-20,11:10,010
13,-2,2026-09-20,11:10,034
14,1,2026-09-20,11:10,015
14,-1,2026-09-20,11:10,019
14,0,2026-09-20,11:10,015
15,2,2026-09-20,11:10,038
15,1,2026-09-20,11:10,239
16,2,2026-09-20,11:10,484
16,1,2026-09-20,11:10,494
16,2,2026-09-20,11:10,619
16,-1,2026-09-20,11:10,468
17,-1,2026-09-20,11:10,322
17,-1,2026-09-20,11:10,325
18,0,2026-09-20,11:10,235
18,2,2026-09-20,11:10,226
19,-1,2026-09-20,11:10,016
19,1,2026-09-20,11:10,512
19,-1,2026-09-20,11:10,025
19,2,2026-09-20,11:10,024
20,1,2026-09-20,11:10,022
20,-1,2026-09-20,11:10,013
20,0,2026-09-20,11:10,026
21,3,2026-09-20,11:10,485
21,0,2026-09-20,11:10,487
21,0,2026-09-20,11:10,627
21,0,2026-09-20,11:10,485
22,0,2026-09-20,11:10,509
24,0,2026-09-20,11:10,389
24,-1,2026-09-20,11:10,385
24,1,2026-09-20,11:10,387
24,-1,2026-09-20,11:10,375
25,1,2026-09-20,11:10,030
25,1,2026-09-20,11:10,017
26,1,2026-09-20,11:10,323
26,0,2026-09-20,11:10,049
27,-1,2026-09-20,11:10,306
28,-1,2026-09-20,11:10,020
28,1,2026-09-20,11:10,023
29,-1,2026-09-20,11:10,217
29,0,2026-09-20,11:10,232
30,2,2026-09-20,11:10,004
50,0,2026-09-20,11:10,014
50,-1,2026-09-20,11:10,014
100,0,2026-09-20,11:10,491
102,1,2026-09-20,11:10,312
103,3,2026-09-20,11:10,040
104,1,2026-09-20,11:10,318
105,-1,2026-09-20,11:10,311
107,3,2026-09-20,11:10,314
108,3,2026-09-20,11:10,039
112,1,2026-09-20,11:10,206
112,0,2026-09-20,11:10,206
123,1,2026-09-20,11:10,926
1,-1,2026-09-20,14:41,005
1,0,2026-09-20,14:41,227
1,0,2026-09-20,14:41,031
1,-1,2026-09-20,14:41,033
2,1,2026-09-20,14:41,321
2,0,2026-09-20,14:41,044
3,4,2026-09-20,14:41,012
3,3,2026-09-20,14:41,390
3,-1,2026-09-20,14:41,045
4,-1,2026-09-20,14:41,625
4,2,2026-09-20,14:41,629
5,2,2026-09-20,14:41,391
5,-2,2026-09-20,14:41,386
5,-1,2026-09-20,14:41,381
6,3,2026-09-20,14:41,047
6,0,2026-09-20,14:41,008
7,2,2026-09-20,14:41,037
7,2,2026-09-20,14:41,225
7,-1,2026-09-20,14:41,035
8,4,2026-09-20,14:41,046
8,-1,2026-09-20,14:41,376
8,1,2026-09-20,14:41,009
9,-1,2026-09-20,14:41,001
9,-1,2026-09-20,14:41,036
9,2,2026-09-20,14:41,262
9,0,2026-09-20,14:41,229
10,1,2026-09-20,14:41,470
10,1,2026-09-20,14:41,470
10,0,2026-09-20,14:41,497
11,0,2026-09-20,14:41,028
11,1,2026-09-20,14:41,029
11,-1,2026-09-20,14:41,412
12,2,2026-09-20,14:41,048
12,1,2026-09-20,14:41,042
13,0,2026-09-20,14:41,034
14,-1,2026-09-20,14:41,015
14,-1,2026-09-20,14:41,019
15,2,2026-09-20,14:41,038
15,2,2026-09-20,14:41,239
16,3,2026-09-20,14:41,484
16,3,2026-09-20,14:41,494
16,6,2026-09-20,14:41,619
16,1,2026-09-20,14:41,468
17,0,2026-09-20,14:41,322
17,0,2026-09-20,14:41,319
18,0,2026-09-20,14:41,226
18,4,2026-09-20,14:41,235
19,1,2026-09-20,14:41,016
19,3,2026-09-20,14:41,512
19,1,2026-09-20,14:41,025
20,2,2026-09-20,14:41,013
20,2,2026-09-20,14:41,026
20,0,2026-09-20,14:41,022
21,0,2026-09-20,14:41,627
21,-1,2026-09-20,14:41,485
21,-1,2026-09-20,14:41,487
21,1,2026-09-20,14:41,495
21,0,2026-09-20,14:41,627
23,0,2026-09-20,14:41,320
24,1,2026-09-20,14:41,387
24,-1,2026-09-20,14:41,375
24,0,2026-09-20,14:41,389
24,-1,2026-09-20,14:41,385
25,-2,2026-09-20,14:41,017
25,-1,2026-09-20,14:41,030
26,3,2026-09-20,14:41,049
26,3,2026-09-20,14:41,323
26,3,2026-09-20,14:41,323
27,0,2026-09-20,14:41,306
27,3,2026-09-20,14:41,315
28,1,2026-09-20,14:41,018
28,1,2026-09-20,14:41,020
29,1,2026-09-20,14:41,217
29,0,2026-09-20,14:41,232
30,0,2026-09-20,14:41,004
50,1,2026-09-20,14:41,014
100,-1,2026-09-20,14:41,472
100,1,2026-09-20,14:41,021
101,1,2026-09-20,14:41,002
102,0,2026-09-20,14:41,312
103,0,2026-09-20,14:41,241
104,2,2026-09-20,14:41,318
105,1,2026-09-20,14:41,311
107,1,2026-09-20,14:41,314
108,0,2026-09-20,14:41,039
112,2,2026-09-20,14:41,206
1,1,2026-09-20,17:39,033
1,-1,2026-09-20,17:39,005
1,1,2026-09-20,17:39,227
2,1,2026-09-20,17:39,041
2,1,2026-09-20,17:39,321
3,0,2026-09-20,17:39,045
3,0,2026-09-20,17:39,012
3,3,2026-09-20,17:39,012
3,0,2026-09-20,17:39,390
4,5,2026-09-20,17:39,629
4,-1,2026-09-20,17:39,625
5,0,2026-09-20,17:39,386
5,0,2026-09-20,17:39,381
5,2,2026-09-20,17:39,381
5,1,2026-09-20,17:39,391
6,1,2026-09-20,17:39,047
7,1,2026-09-20,17:40,037
7,-1,2026-09-20,17:40,225
8,3,2026-09-20,17:40,009
8,0,2026-09-20,17:40,046
8,2,2026-09-20,17:40,376
9,2,2026-09-20,17:40,262
9,-1,2026-09-20,17:40,229
9,1,2026-09-20,17:40,001
9,-1,2026-09-20,17:40,036
10,3,2026-09-20,17:40,470
10,2,2026-09-20,17:40,497
10,2,2026-09-20,17:40,497
11,4,2026-09-20,17:40,029
11,-1,2026-09-20,17:40,028
11,0,2026-09-20,17:40,029
12,-1,2026-09-20,17:40,010
12,0,2026-09-20,17:40,048
13,0,2026-09-20,17:40,034
14,0,2026-09-20,17:40,015
14,1,2026-09-20,17:40,019
16,4,2026-09-20,17:40,468
16,0,2026-09-20,17:40,494
16,3,2026-09-20,17:40,619
17,2,2026-09-20,17:40,322
17,-1,2026-09-20,17:40,319
17,1,2026-09-20,17:40,325
18,0,2026-09-20,17:40,224
18,3,2026-09-20,17:40,226
19,1,2026-09-20,17:40,025
19,1,2026-09-20,17:40,512
20,1,2026-09-20,17:40,022
20,0,2026-09-20,17:40,026
21,0,2026-09-20,17:40,487
21,0,2026-09-20,17:40,495
21,2,2026-09-20,17:40,495
21,-1,2026-09-20,17:40,485
24,0,2026-09-20,17:40,375
24,0,2026-09-20,17:40,385
24,0,2026-09-20,17:40,385
24,-1,2026-09-20,17:40,387
25,-1,2026-09-20,17:40,017
25,2,2026-09-20,17:40,030
26,1,2026-09-20,17:40,323
26,1,2026-09-20,17:40,049
27,0,2026-09-20,17:40,315
28,1,2026-09-20,17:40,020
28,0,2026-09-20,17:40,023
28,1,2026-09-20,17:40,018
29,-1,2026-09-20,17:40,232
29,0,2026-09-20,17:40,217
30,0,2026-09-20,17:40,004
30,1,2026-09-20,17:40,004
100,0,2026-09-20,17:40,472
100,1,2026-09-20,17:40,491
101,0,2026-09-20,17:40,002
102,2,2026-09-20,17:40,312
103,0,2026-09-20,17:40,040
105,2,2026-09-20,17:40,311
107,1,2026-09-20,17:40,314
112,4,2026-09-20,17:40,206
112,0,2026-09-20,17:40,206
1,1,2026-09-20,19:43,227
1,3,2026-09-20,19:43,033
2,0,2026-09-20,19:43,041
2,0,2026-09-20,19:43,321
3,1,2026-09-20,19:43,012
3,0,2026-09-20,19:43,045
4,-1,2026-09-20,19:43,488
4,0,2026-09-20,19:43,625
4,-1,2026-09-20,19:43,629
5,1,2026-09-20,19:43,391
5,-1,2026-09-20,19:43,381
6,4,2026-09-20,19:43,047
7,0,2026-09-20,19:43,225
8,1,2026-09-20,19:43,009
9,2,2026-09-20,19:43,229
9,0,2026-09-20,19:43,036
9,-1,2026-09-20,19:43,262
10,0,2026-09-20,19:43,497
10,1,2026-09-20,19:43,470
10,2,2026-09-20,19:43,470
11,1,2026-09-20,19:43,028
11,2,2026-09-20,19:43,029
12,-1,2026-09-20,19:43,010
12,2,2026-09-20,19:43,048
13,3,2026-09-20,19:43,034
14,0,2026-09-20,19:43,019
14,0,2026-09-20,19:43,015
15,0,2026-09-20,19:43,038
16,0,2026-09-20,19:43,494
16,1,2026-09-20,19:43,619
16,0,2026-09-20,19:43,468
17,1,2026-09-20,19:43,319
17,0,2026-09-20,19:43,325
17,2,2026-09-20,19:43,322
18,0,2026-09-20,19:43,224
18,1,2026-09-20,19:43,226
19,-1,2026-09-20,19:43,016
19,-1,2026-09-20,19:43,512
19,1,2026-09-20,19:43,025
20,0,2026-09-20,19:43,013
20,-1,2026-09-20,19:43,026
20,0,2026-09-20,19:43,022
21,0,2026-09-20,19:43,495
21,0,2026-09-20,19:43,487
21,1,2026-09-20,19:43,487
21,0,2026-09-20,19:43,495
24,-1,2026-09-20,19:43,385
25,1,2026-09-20,19:43,030
25,0,2026-09-20,19:43,017
26,-1,2026-09-20,19:43,049
26,0,2026-09-20,19:43,323
27,2,2026-09-20,19:43,315
28,2,2026-09-20,19:43,020
28,1,2026-09-20,19:43,018
29,0,2026-09-20,19:43,232
29,0,2026-09-20,19:43,217
100,0,2026-09-20,19:43,491
100,-1,2026-09-20,19:43,472
101,1,2026-09-20,19:43,002
103,2,2026-09-20,19:44,040
103,2,2026-09-20,19:44,241
7,1,2026-09-20,21:51,037
7,0,2026-09-21,01:36,237
103,-1,2026-09-21,01:37,211
1,-1,2026-09-21,07:05,256
1,-1,2026-09-21,07:05,262
1,4,2026-09-21,07:05,265
1,1,2026-09-21,07:05,001
1,1,2026-09-21,07:05,257
2,3,2026-09-21,07:05,390
2,3,2026-09-21,07:05,010
2,3,2026-09-21,07:05,385
2,2,2026-09-21,07:05,012
3,3,2026-09-21,07:05,375
3,0,2026-09-21,07:05,365
3,5,2026-09-21,07:05,380
3,-1,2026-09-21,07:05,821
4,3,2026-09-21,07:05,626
4,1,2026-09-21,07:05,620
4,2,2026-09-21,07:05,491
4,3,2026-09-21,07:05,475
5,0,2026-09-21,07:06,352
5,1,2026-09-21,07:06,372
5,2,2026-09-21,07:06,358
5,0,2026-09-21,07:06,376
5,-1,2026-09-21,07:06,822
6,-1,2026-09-21,07:06,325
6,2,2026-09-21,07:06,008
6,0,2026-09-21,07:06,044
7,3,2026-09-21,07:06,239
7,2,2026-09-21,07:06,034
7,5,2026-09-21,07:06,253
7,2,2026-09-21,07:06,251
8,2,2026-09-21,07:06,388
8,-1,2026-09-21,07:06,349
8,1,2026-09-21,07:06,322
9,2,2026-09-21,07:06,259
9,-2,2026-09-21,07:06,004
9,2,2026-09-21,07:06,136
9,1,2026-09-21,07:06,264
9,0,2026-09-21,07:06,138
9,-1,2026-09-21,07:06,228
10,2,2026-09-21,07:06,619
10,-1,2026-09-21,07:06,629
10,2,2026-09-21,07:06,476
10,0,2026-09-21,07:06,478
11,1,2026-09-21,07:06,021
11,1,2026-09-21,07:06,014
11,1,2026-09-21,07:06,624
11,1,2026-09-21,07:06,013
12,0,2026-09-21,07:06,369
12,1,2026-09-21,07:06,803
12,-1,2026-09-21,07:06,045
13,1,2026-09-21,07:06,204
13,5,2026-09-21,07:06,226
13,2,2026-09-21,07:06,040
14,1,2026-09-21,07:06,022
14,-1,2026-09-21,07:06,015
14,0,2026-09-21,07:06,026
15,0,2026-09-21,07:06,241
15,1,2026-09-21,07:06,035
16,5,2026-09-21,07:06,473
16,1,2026-09-21,07:06,462
16,1,2026-09-21,07:06,494
16,4,2026-09-21,07:06,471
16,0,2026-09-21,07:06,487
16,0,2026-09-21,07:06,459
17,-1,2026-09-21,07:06,320
17,1,2026-09-21,07:06,368
17,0,2026-09-21,07:06,371
17,1,2026-09-21,07:06,384
18,6,2026-09-21,07:06,037
18,3,2026-09-21,07:06,208
18,1,2026-09-21,07:06,224
19,0,2026-09-21,07:06,493
19,3,2026-09-21,07:06,461
19,5,2026-09-21,07:06,497
19,1,2026-09-21,07:06,486
20,1,2026-09-21,07:06,016
20,0,2026-09-21,07:06,406
20,-1,2026-09-21,07:06,412
20,3,2026-09-21,07:06,020
21,2,2026-09-21,07:06,463
21,2,2026-09-21,07:06,488
21,1,2026-09-21,07:06,472
21,1,2026-09-21,07:06,492
21,0,2026-09-21,07:06,463
22,3,2026-09-21,07:06,025
23,5,2026-09-21,07:06,305
23,2,2026-09-21,07:06,047
24,0,2026-09-21,07:06,354
24,-1,2026-09-21,07:06,381
24,4,2026-09-21,07:06,361
24,-1,2026-09-21,07:06,353
25,0,2026-09-21,07:06,480
25,0,2026-09-21,07:06,030
25,2,2026-09-21,07:06,030
25,1,2026-09-21,07:06,466
26,2,2026-09-21,07:06,387
26,2,2026-09-21,07:06,355
26,-1,2026-09-21,07:06,043
27,0,2026-09-21,07:06,306
27,2,2026-09-21,07:06,048
28,1,2026-09-21,07:06,018
28,-1,2026-09-21,07:06,407
28,0,2026-09-21,07:06,017
29,4,2026-09-21,07:06,033
29,1,2026-09-21,07:06,219
29,1,2026-09-21,07:06,039
30,4,2026-09-21,07:06,038
50,0,2026-09-21,07:06,510
100,3,2026-09-21,07:06,495
100,1,2026-09-21,07:06,479
100,-1,2026-09-21,07:06,625
100,-1,2026-09-21,07:06,627
103,2,2026-09-21,07:06,005
103,-1,2026-09-21,07:06,211
105,-1,2026-09-21,07:06,307
107,5,2026-09-21,07:06,041
108,-1,2026-09-21,07:06,223
111,2,2026-09-21,07:06,214
112,3,2026-09-21,07:06,036
112,0,2026-09-21,07:06,036
123,-1,2026-09-21,07:06,930
142,1,2026-09-21,07:06,931
1,6,2026-09-21,13:59,001
1,2,2026-09-21,13:59,265
1,1,2026-09-21,13:59,257
1,2,2026-09-21,13:59,261
1,1,2026-09-21,13:59,262
2,4,2026-09-21,13:59,382
2,1,2026-09-21,13:59,807
2,7,2026-09-21,13:59,390
2,0,2026-09-21,13:59,377
2,5,2026-09-21,13:59,385
3,1,2026-09-21,13:59,395
3,1,2026-09-21,13:59,386
3,0,2026-09-21,13:59,375
3,-1,2026-09-21,13:59,365
3,1,2026-09-21,13:59,380
3,-1,2026-09-21,13:59,821
4,9,2026-09-21,13:59,626
4,4,2026-09-21,13:59,620
4,2,2026-09-21,13:59,621
4,2,2026-09-21,13:59,654
4,2,2026-09-21,13:59,475
5,5,2026-09-21,13:59,822
5,4,2026-09-21,13:59,352
5,0,2026-09-21,13:59,372
5,0,2026-09-21,13:59,370
5,1,2026-09-21,13:59,370
5,-2,2026-09-21,13:59,358
5,4,2026-09-21,13:59,376
5,0,2026-09-21,13:59,822
6,2,2026-09-21,13:59,325
6,2,2026-09-21,13:59,311
7,4,2026-09-21,13:59,237
7,2,2026-09-21,13:59,239
7,7,2026-09-21,13:59,034
7,1,2026-09-21,13:59,253
7,2,2026-09-21,13:59,222
8,4,2026-09-21,13:59,310
8,-1,2026-09-21,13:59,820
8,0,2026-09-21,13:59,322
8,9,2026-09-21,13:59,391
8,4,2026-09-21,13:59,350
8,1,2026-09-21,13:59,388
8,2,2026-09-21,13:59,349
9,4,2026-09-21,13:59,264
9,2,2026-09-21,13:59,228
9,5,2026-09-21,13:59,136
9,4,2026-09-21,13:59,263
9,1,2026-09-21,13:59,138
10,3,2026-09-21,13:59,629
10,2,2026-09-21,13:59,453
10,0,2026-09-21,13:59,652
10,1,2026-09-21,13:59,652
10,1,2026-09-21,13:59,478
10,3,2026-09-21,13:59,619
10,-1,2026-09-21,13:59,477
11,1,2026-09-21,13:59,013
11,-1,2026-09-21,13:59,021
11,0,2026-09-21,13:59,476
11,2,2026-09-21,13:59,014
11,0,2026-09-21,13:59,624
11,0,2026-09-21,13:59,403
12,1,2026-09-21,13:59,009
12,1,2026-09-21,13:59,312
12,4,2026-09-21,13:59,803
12,1,2026-09-21,13:59,045
12,0,2026-09-21,13:59,374
13,11,2026-09-21,13:59,204
13,2,2026-09-21,13:59,040
13,2,2026-09-21,13:59,226
13,8,2026-09-21,13:59,204
14,3,2026-09-21,13:59,026
14,1,2026-09-21,13:59,022
14,3,2026-09-21,13:59,414
14,0,2026-09-21,13:59,015
15,1,2026-09-21,13:59,035
15,1,2026-09-21,13:59,002
16,6,2026-09-21,14:00,471
16,2,2026-09-21,14:00,487
16,0,2026-09-21,14:00,485
16,1,2026-09-21,14:00,473
16,1,2026-09-21,14:00,462
16,3,2026-09-21,14:00,494
16,0,2026-09-21,14:00,460
17,2,2026-09-21,14:00,359
17,0,2026-09-21,14:00,320
17,0,2026-09-21,14:00,368
17,0,2026-09-21,14:00,360
18,10,2026-09-21,14:00,216
18,4,2026-09-21,14:00,037
18,0,2026-09-21,14:00,229
18,3,2026-09-21,14:00,208
19,5,2026-09-21,14:00,465
19,4,2026-09-21,14:00,496
19,-1,2026-09-21,14:00,497
19,6,2026-09-21,14:00,486
19,3,2026-09-21,14:00,468
19,1,2026-09-21,14:00,493
20,1,2026-09-21,14:00,405
20,1,2026-09-21,14:00,016
20,-1,2026-09-21,14:00,029
20,0,2026-09-21,14:00,512
20,-1,2026-09-21,14:00,020
21,0,2026-09-21,14:00,488
21,4,2026-09-21,14:00,623
21,-1,2026-09-21,14:00,457
21,0,2026-09-21,14:00,467
21,0,2026-09-21,14:00,467
21,1,2026-09-21,14:00,472
21,1,2026-09-21,14:00,492
21,-1,2026-09-21,14:00,463
22,3,2026-09-21,14:00,023
22,1,2026-09-21,14:00,024
23,4,2026-09-21,14:00,047
24,1,2026-09-21,14:00,823
24,-1,2026-09-21,14:00,381
24,0,2026-09-21,14:00,361
24,3,2026-09-21,14:00,361
24,0,2026-09-21,14:00,357
25,2,2026-09-21,14:00,480
25,1,2026-09-21,14:00,030
25,-1,2026-09-21,14:00,466
25,1,2026-09-21,14:00,019
25,1,2026-09-21,14:00,454
26,4,2026-09-21,14:00,366
26,6,2026-09-21,14:00,043
26,5,2026-09-21,14:00,387
26,0,2026-09-21,14:00,363
27,1,2026-09-21,14:00,048
27,1,2026-09-21,14:00,314
27,2,2026-09-21,14:00,306
27,1,2026-09-21,14:00,042
28,8,2026-09-21,14:00,409
28,2,2026-09-21,14:00,508
28,-1,2026-09-21,14:00,017
28,3,2026-09-21,14:00,411
28,5,2026-09-21,14:00,413
28,2,2026-09-21,14:00,018
29,9,2026-09-21,14:00,033
29,4,2026-09-21,14:00,219
29,3,2026-09-21,14:00,039
29,3,2026-09-21,14:00,213
30,2,2026-09-21,14:00,038
30,5,2026-09-21,14:00,038
50,-1,2026-09-21,14:00,511
50,-1,2026-09-21,14:00,028
50,0,2026-09-21,14:00,511
100,2,2026-09-21,14:00,495
100,4,2026-09-21,14:00,479
100,0,2026-09-21,14:00,474
100,3,2026-09-21,14:00,625
100,0,2026-09-21,14:00,627
100,1,2026-09-21,14:00,456
101,6,2026-09-21,14:00,217
101,-2,2026-09-21,14:00,031
102,-1,2026-09-21,14:00,323
103,2,2026-09-21,14:00,211
103,5,2026-09-21,14:00,266
104,1,2026-09-21,14:00,304
105,8,2026-09-21,14:00,307
105,0,2026-09-21,14:00,046
107,-1,2026-09-21,14:00,041
107,0,2026-09-21,14:00,049
108,11,2026-09-21,14:00,205
108,2,2026-09-21,14:00,223
109,-1,2026-09-21,14:00,225
111,4,2026-09-21,14:00,218
111,0,2026-09-21,14:00,214
112,0,2026-09-21,14:00,036
112,2,2026-09-21,14:00,036
123,0,2026-09-21,14:00,930
123,2,2026-09-21,14:00,930
1,1,2026-09-21,19:10,257
1,1,2026-09-21,19:10,256
2,0,2026-09-21,19:10,012
3,0,2026-09-21,19:10,821
3,1,2026-09-21,19:10,375
3,1,2026-09-21,19:10,380
4,-1,2026-09-21,19:10,491
4,1,2026-09-21,19:10,626
4,0,2026-09-21,19:10,484
4,-1,2026-09-21,19:10,620
5,3,2026-09-21,19:10,376
5,0,2026-09-21,19:10,372
5,-1,2026-09-21,19:10,389
6,0,2026-09-21,19:10,325
7,0,2026-09-21,19:10,251
7,0,2026-09-21,19:10,034
7,1,2026-09-21,19:10,253
8,0,2026-09-21,19:10,349
8,-1,2026-09-21,19:10,820
8,2,2026-09-21,19:10,322
9,3,2026-09-21,19:10,138
9,0,2026-09-21,19:10,228
9,0,2026-09-21,19:10,259
9,1,2026-09-21,19:10,136
10,0,2026-09-21,19:10,478
10,0,2026-09-21,19:10,616
10,-1,2026-09-21,19:10,616
10,0,2026-09-21,19:10,619
11,0,2026-09-21,19:10,013
11,-1,2026-09-21,19:10,021
11,2,2026-09-21,19:10,014
12,1,2026-09-21,19:10,009
12,2,2026-09-21,19:10,045
13,0,2026-09-21,19:10,040
14,0,2026-09-21,19:10,015
14,1,2026-09-21,19:10,022
15,0,2026-09-21,19:10,002
15,1,2026-09-21,19:10,241
16,1,2026-09-21,19:10,494
16,1,2026-09-21,19:10,471
16,0,2026-09-21,19:10,473
16,0,2026-09-21,19:10,494
17,-1,2026-09-21,19:10,368
17,1,2026-09-21,19:10,371
17,2,2026-09-21,19:10,360
17,2,2026-09-21,19:10,320
18,6,2026-09-21,19:10,037
18,2,2026-09-21,19:10,208
18,2,2026-09-21,19:10,224
19,-1,2026-09-21,19:11,468
19,2,2026-09-21,19:11,486
20,1,2026-09-21,19:11,406
20,0,2026-09-21,19:11,029
20,1,2026-09-21,19:11,020
21,2,2026-09-21,19:11,463
21,0,2026-09-21,19:11,623
21,4,2026-09-21,19:11,623
21,0,2026-09-21,19:11,472
21,0,2026-09-21,19:11,463
22,1,2026-09-21,19:11,025
23,-1,2026-09-21,19:11,047
23,0,2026-09-21,19:11,319
24,0,2026-09-21,19:11,353
24,0,2026-09-21,19:11,381
24,3,2026-09-21,19:11,381
24,-1,2026-09-21,19:11,361
25,0,2026-09-21,19:11,019
25,1,2026-09-21,19:11,480
26,-2,2026-09-21,19:11,363
26,0,2026-09-21,19:11,043
27,0,2026-09-21,19:11,048
27,0,2026-09-21,19:11,048
28,0,2026-09-21,19:11,018
28,0,2026-09-21,19:11,409
29,-1,2026-09-21,19:11,039
29,-1,2026-09-21,19:11,033
29,0,2026-09-21,19:11,219
100,-1,2026-09-21,19:11,474
100,0,2026-09-21,19:11,627
100,1,2026-09-21,19:11,495
101,0,2026-09-21,19:11,006
101,0,2026-09-21,19:11,006
102,0,2026-09-21,19:11,321
103,0,2026-09-21,19:11,005
105,0,2026-09-21,19:11,307
105,2,2026-09-21,19:11,307
107,1,2026-09-21,19:11,049
108,0,2026-09-21,19:11,223
112,-1,2026-09-21,19:11,036
142,0,2026-09-21,19:11,931
1,7,2026-09-22,06:06,263
1,2,2026-09-22,06:06,205
1,-1,2026-09-22,06:06,256
1,3,2026-09-22,06:06,254
1,4,2026-09-22,06:06,241
1,1,2026-09-22,06:06,251
2,5,2026-09-22,06:06,386
2,6,2026-09-22,06:06,319
2,2,2026-09-22,06:06,352
2,6,2026-09-22,06:06,012
2,1,2026-09-22,06:06,368
3,2,2026-09-22,06:06,821
3,1,2026-09-22,06:06,391
3,7,2026-09-22,06:06,371
3,3,2026-09-22,06:06,365
3,2,2026-09-22,06:06,385
3,-1,2026-09-22,06:06,361
4,4,2026-09-22,06:06,627
4,4,2026-09-22,06:06,452
4,7,2026-09-22,06:06,620
4,5,2026-09-22,06:06,477
4,6,2026-09-22,06:06,654
4,2,2026-09-22,06:06,497
5,4,2026-09-22,06:06,822
5,5,2026-09-22,06:06,380
5,1,2026-09-22,06:06,349
5,3,2026-09-22,06:06,358
5,3,2026-09-22,06:06,359
5,8,2026-09-22,06:06,358
5,8,2026-09-22,06:06,359
5,5,2026-09-22,06:06,376
5,0,2026-09-22,06:06,374
5,0,2026-09-22,06:06,822
6,4,2026-09-22,06:06,043
6,5,2026-09-22,06:06,318
6,-1,2026-09-22,06:06,313
7,1,2026-09-22,06:06,266
7,2,2026-09-22,06:06,037
7,2,2026-09-22,06:06,216
8,4,2026-09-22,06:06,353
8,1,2026-09-22,06:06,045
8,4,2026-09-22,06:06,367
8,7,2026-09-22,06:06,350
8,-1,2026-09-22,06:06,377
8,2,2026-09-22,06:06,310
8,0,2026-09-22,06:06,381
9,8,2026-09-22,06:06,253
9,5,2026-09-22,06:06,259
9,1,2026-09-22,06:06,136
9,4,2026-09-22,06:06,237
9,4,2026-09-22,06:06,265
10,2,2026-09-22,06:06,619
10,0,2026-09-22,06:06,460
10,-1,2026-09-22,06:06,621
10,3,2026-09-22,06:06,468
10,3,2026-09-22,06:06,468
10,1,2026-09-22,06:06,652
10,1,2026-09-22,06:06,483
11,1,2026-09-22,06:06,022
11,5,2026-09-22,06:06,495
11,1,2026-09-22,06:06,016
11,6,2026-09-22,06:06,015
11,0,2026-09-22,06:06,028
11,0,2026-09-22,06:06,476
12,1,2026-09-22,06:06,820
12,-1,2026-09-22,06:06,320
12,1,2026-09-22,06:06,049
12,1,2026-09-22,06:06,370
12,-1,2026-09-22,06:06,010
13,1,2026-09-22,06:06,218
13,2,2026-09-22,06:06,040
13,2,2026-09-22,06:06,204
13,0,2026-09-22,06:06,218
14,4,2026-09-22,06:06,412
14,1,2026-09-22,06:06,414
14,0,2026-09-22,06:06,408
14,3,2026-09-22,06:06,024
15,5,2026-09-22,06:06,222
15,3,2026-09-22,06:06,224
16,8,2026-09-22,06:06,626
16,8,2026-09-22,06:06,491
16,5,2026-09-22,06:06,471
16,1,2026-09-22,06:06,459
16,6,2026-09-22,06:06,473
16,4,2026-09-22,06:06,498
16,2,2026-09-22,06:06,629
17,4,2026-09-22,06:06,364
17,0,2026-09-22,06:06,354
17,4,2026-09-22,06:06,042
17,5,2026-09-22,06:06,382
18,0,2026-09-22,06:06,035
18,9,2026-09-22,06:06,215
18,7,2026-09-22,06:06,209
19,7,2026-09-22,06:06,469
19,4,2026-09-22,06:06,453
19,1,2026-09-22,06:06,467
19,3,2026-09-22,06:06,484
19,5,2026-09-22,06:06,624
19,3,2026-09-22,06:06,493
20,0,2026-09-22,06:06,030
20,2,2026-09-22,06:06,023
20,-1,2026-09-22,06:06,411
20,4,2026-09-22,06:06,019
20,4,2026-09-22,06:06,025
20,1,2026-09-22,06:06,021
21,6,2026-09-22,06:06,623
21,1,2026-09-22,06:06,480
21,0,2026-09-22,06:06,461
21,0,2026-09-22,06:06,458
21,0,2026-09-22,06:06,455
21,3,2026-09-22,06:06,455
21,2,2026-09-22,06:06,472
21,2,2026-09-22,06:06,492
21,0,2026-09-22,06:06,623
22,4,2026-09-22,06:06,512
22,3,2026-09-22,06:06,029
23,4,2026-09-22,06:06,008
23,3,2026-09-22,06:06,314
24,0,2026-09-22,06:06,357
24,0,2026-09-22,06:06,389
24,-1,2026-09-22,06:06,369
24,2,2026-09-22,06:06,366
24,-1,2026-09-22,06:06,823
25,6,2026-09-22,06:06,454
25,2,2026-09-22,06:06,026
25,0,2026-09-22,06:06,474
25,3,2026-09-22,06:06,474
25,4,2026-09-22,06:06,509
25,1,2026-09-22,06:06,463
26,5,2026-09-22,06:06,363
26,4,2026-09-22,06:06,307
26,4,2026-09-22,06:06,307
26,1,2026-09-22,06:06,375
26,0,2026-09-22,06:06,384
27,12,2026-09-22,06:06,041
27,4,2026-09-22,06:06,306
27,-1,2026-09-22,06:06,304
27,7,2026-09-22,06:06,041
28,6,2026-09-22,06:06,407
28,7,2026-09-22,06:06,789
28,0,2026-09-22,06:06,409
28,13,2026-09-22,06:06,402
28,9,2026-09-22,06:06,013
28,3,2026-09-22,06:06,017
29,4,2026-09-22,06:06,032
29,0,2026-09-22,06:06,005
29,4,2026-09-22,06:06,229
30,2,2026-09-22,06:06,002
30,3,2026-09-22,06:06,002
50,-1,2026-09-22,06:06,014
50,0,2026-09-22,06:06,018
100,1,2026-09-22,06:06,456
100,1,2026-09-22,06:06,496
100,0,2026-09-22,06:06,475
100,2,2026-09-22,06:06,494
100,2,2026-09-22,06:06,485
100,1,2026-09-22,06:06,628
101,1,2026-09-22,06:06,034
101,0,2026-09-22,06:06,038
101,0,2026-09-22,06:06,034
102,1,2026-09-22,06:06,323
103,7,2026-09-22,06:06,217
103,3,2026-09-22,06:06,234
104,2,2026-09-22,06:06,309
104,2,2026-09-22,06:06,316
104,3,2026-09-22,06:06,321
105,1,2026-09-22,06:06,048
105,5,2026-09-22,06:06,325
105,1,2026-09-22,06:06,315
107,4,2026-09-22,06:06,312
107,4,2026-09-22,06:06,009
111,1,2026-09-22,06:07,232
111,4,2026-09-22,06:07,004
112,6,2026-09-22,06:07,039
112,0,2026-09-22,06:07,039
122,2,2026-09-22,06:07,322
123,-1,2026-09-22,06:07,930
142,1,2026-09-22,06:07,931
1,4,2026-09-22,11:28,250
1,1,2026-09-22,11:28,205
1,4,2026-09-22,11:28,256
1,3,2026-09-22,11:28,263
2,1,2026-09-22,11:28,387
2,2,2026-09-22,11:28,807
2,2,2026-09-22,11:28,368
2,-1,2026-09-22,11:28,386
3,0,2026-09-22,11:28,821
3,1,2026-09-22,11:28,391
3,0,2026-09-22,11:28,371
3,0,2026-09-22,11:28,365
4,5,2026-09-22,11:28,620
4,2,2026-09-22,11:28,477
4,3,2026-09-22,11:29,654
4,2,2026-09-22,11:29,627
5,2,2026-09-22,11:29,822
5,2,2026-09-22,11:29,380
5,0,2026-09-22,11:29,349
5,1,2026-09-22,11:29,349
5,-1,2026-09-22,11:29,359
5,-1,2026-09-22,11:29,376
5,0,2026-09-22,11:29,374
6,3,2026-09-22,11:29,044
6,2,2026-09-22,11:29,313
6,0,2026-09-22,11:29,043
7,2,2026-09-22,11:29,257
7,1,2026-09-22,11:29,266
7,3,2026-09-22,11:29,237
7,9,2026-09-22,11:29,239
7,0,2026-09-22,11:29,037
7,-1,2026-09-22,11:29,216
8,6,2026-09-22,11:29,377
8,4,2026-09-22,11:29,381
8,0,2026-09-22,11:29,045
8,0,2026-09-22,11:29,367
9,1,2026-09-22,11:29,253
9,1,2026-09-22,11:29,259
9,3,2026-09-22,11:29,136
9,0,2026-09-22,11:29,262
9,-1,2026-09-22,11:29,265
10,1,2026-09-22,11:29,483
10,2,2026-09-22,11:29,452
10,2,2026-09-22,11:29,452
10,2,2026-09-22,11:29,619
10,-1,2026-09-22,11:29,453
10,0,2026-09-22,11:29,652
11,1,2026-09-22,11:29,495
11,0,2026-09-22,11:29,028
11,2,2026-09-22,11:29,470
12,3,2026-09-22,11:29,355
12,0,2026-09-22,11:29,820
12,0,2026-09-22,11:29,370
12,0,2026-09-22,11:29,010
12,-1,2026-09-22,11:29,320
13,2,2026-09-22,11:29,218
13,1,2026-09-22,11:29,204
13,-1,2026-09-22,11:29,040
14,0,2026-09-22,11:29,024
14,4,2026-09-22,11:29,414
14,-1,2026-09-22,11:29,408
15,0,2026-09-22,11:29,222
15,0,2026-09-22,11:29,224
16,0,2026-09-22,11:29,629
16,4,2026-09-22,11:29,460
16,1,2026-09-22,11:29,626
16,0,2026-09-22,11:29,491
16,2,2026-09-22,11:29,466
16,1,2026-09-22,11:29,473
16,-1,2026-09-22,11:29,498
17,1,2026-09-22,11:29,042
17,1,2026-09-22,11:29,364
17,1,2026-09-22,11:29,354
18,5,2026-09-22,11:29,035
18,1,2026-09-22,11:29,227
18,-1,2026-09-22,11:29,220
18,-1,2026-09-22,11:29,206
19,3,2026-09-22,11:29,484
19,1,2026-09-22,11:29,624
19,2,2026-09-22,11:29,493
19,0,2026-09-22,11:29,469
19,1,2026-09-22,11:29,467
19,1,2026-09-22,11:29,451
20,0,2026-09-22,11:29,030
20,3,2026-09-22,11:29,023
20,1,2026-09-22,11:29,411
20,1,2026-09-22,11:29,403
20,-1,2026-09-22,11:29,025
20,1,2026-09-22,11:29,021
21,-1,2026-09-22,11:29,623
21,-1,2026-09-22,11:29,480
21,0,2026-09-22,11:29,476
21,3,2026-09-22,11:29,458
21,0,2026-09-22,11:29,472
21,-1,2026-09-22,11:29,492
21,0,2026-09-22,11:29,623
23,0,2026-09-22,11:29,314
23,3,2026-09-22,11:29,047
23,2,2026-09-22,11:29,008
24,1,2026-09-22,11:29,823
24,0,2026-09-22,11:29,389
24,-1,2026-09-22,11:29,357
24,1,2026-09-22,11:29,366
24,0,2026-09-22,11:29,369
24,-1,2026-09-22,11:29,360
25,3,2026-09-22,11:29,474
25,0,2026-09-22,11:29,509
25,5,2026-09-22,11:29,463
25,1,2026-09-22,11:29,026
26,1,2026-09-22,11:29,384
26,2,2026-09-22,11:29,351
26,0,2026-09-22,11:29,363
26,0,2026-09-22,11:29,351
27,2,2026-09-22,11:29,041
27,1,2026-09-22,11:29,046
28,2,2026-09-22,11:29,013
28,2,2026-09-22,11:29,017
28,1,2026-09-22,11:29,789
28,2,2026-09-22,11:29,402
29,1,2026-09-22,11:29,005
29,3,2026-09-22,11:29,032
30,0,2026-09-22,11:29,235
30,0,2026-09-22,11:29,235
50,-1,2026-09-22,11:29,014
50,0,2026-09-22,11:29,018
100,0,2026-09-22,11:29,478
100,1,2026-09-22,11:29,494
100,-2,2026-09-22,11:29,628
100,0,2026-09-22,11:29,496
101,3,2026-09-22,11:29,038
102,0,2026-09-22,11:29,322
103,4,2026-09-22,11:29,234
103,1,2026-09-22,11:29,264
104,1,2026-09-22,11:29,309
104,5,2026-09-22,11:29,316
105,1,2026-09-22,11:29,048
105,-1,2026-09-22,11:29,315
107,1,2026-09-22,11:29,312
107,0,2026-09-22,11:29,009
108,2,2026-09-22,11:29,211
109,1,2026-09-22,11:29,031
109,2,2026-09-22,11:29,031
111,0,2026-09-22,11:29,232
112,0,2026-09-22,11:29,039
113,-1,2026-09-22,11:29,228
123,1,2026-09-22,11:29,930
132,0,2026-09-22,11:29,322
142,0,2026-09-22,11:29,931
1,0,2026-09-22,15:36,263
1,-1,2026-09-22,15:36,256
1,0,2026-09-22,15:36,251
1,-1,2026-09-22,15:36,254
2,0,2026-09-22,15:36,386
2,3,2026-09-22,15:36,319
2,0,2026-09-22,15:36,352
2,3,2026-09-22,15:36,012
3,1,2026-09-22,15:36,391
3,1,2026-09-22,15:36,371
3,0,2026-09-22,15:36,365
3,1,2026-09-22,15:36,385
4,3,2026-09-22,15:36,627
4,4,2026-09-22,15:36,620
4,0,2026-09-22,15:36,462
4,-2,2026-09-22,15:36,497
4,3,2026-09-22,15:36,488
5,3,2026-09-22,15:36,374
5,-1,2026-09-22,15:36,380
5,3,2026-09-22,15:36,803
5,2,2026-09-22,15:36,359
5,-1,2026-09-22,15:36,376
5,0,2026-09-22,15:36,374
6,1,2026-09-22,15:36,044
6,1,2026-09-22,15:36,313
6,5,2026-09-22,15:36,043
6,2,2026-09-22,15:36,318
7,5,2026-09-22,15:36,237
7,2,2026-09-22,15:36,266
7,1,2026-09-22,15:36,216
7,1,2026-09-22,15:36,257
8,-1,2026-09-22,15:36,381
8,1,2026-09-22,15:36,353
8,3,2026-09-22,15:36,383
8,2,2026-09-22,15:36,377
9,2,2026-09-22,15:36,136
9,0,2026-09-22,15:36,259
9,1,2026-09-22,15:36,265
9,-1,2026-09-22,15:36,253
10,6,2026-09-22,15:36,619
10,3,2026-09-22,15:36,621
10,3,2026-09-22,15:36,621
10,2,2026-09-22,15:36,483
11,1,2026-09-22,15:36,016
11,0,2026-09-22,15:36,015
11,2,2026-09-22,15:36,022
11,-1,2026-09-22,15:36,495
12,0,2026-09-22,15:36,010
12,2,2026-09-22,15:36,355
12,-1,2026-09-22,15:36,049
13,0,2026-09-22,15:36,040
13,-1,2026-09-22,15:36,218
14,2,2026-09-22,15:36,408
14,0,2026-09-22,15:36,024
14,3,2026-09-22,15:36,414
14,1,2026-09-22,15:36,408
15,-2,2026-09-22,15:36,222
15,0,2026-09-22,15:36,208
15,3,2026-09-22,15:36,224
15,0,2026-09-22,15:36,222
16,-1,2026-09-22,15:36,626
16,-1,2026-09-22,15:36,491
16,2,2026-09-22,15:36,471
16,0,2026-09-22,15:36,487
16,0,2026-09-22,15:36,498
16,1,2026-09-22,15:36,629
17,3,2026-09-22,15:36,390
17,-1,2026-09-22,15:36,382
17,0,2026-09-22,15:36,364
18,0,2026-09-22,15:36,212
18,1,2026-09-22,15:36,035
18,2,2026-09-22,15:36,209
19,1,2026-09-22,15:36,624
19,0,2026-09-22,15:36,493
19,-1,2026-09-22,15:36,469
19,-1,2026-09-22,15:36,467
19,1,2026-09-22,15:36,451
20,1,2026-09-22,15:36,411
20,-1,2026-09-22,15:36,025
20,3,2026-09-22,15:36,021
20,1,2026-09-22,15:36,030
21,2,2026-09-22,15:36,623
21,1,2026-09-22,15:36,480
21,-1,2026-09-22,15:36,461
21,7,2026-09-22,15:36,458
21,-1,2026-09-22,15:36,492
21,0,2026-09-22,15:36,623
21,2,2026-09-22,15:36,465
22,0,2026-09-22,15:36,512
23,3,2026-09-22,15:36,314
23,0,2026-09-22,15:36,047
24,1,2026-09-22,15:36,360
24,2,2026-09-22,15:36,373
24,3,2026-09-22,15:36,389
24,2,2026-09-22,15:36,366
24,0,2026-09-22,15:36,360
25,1,2026-09-22,15:36,026
25,0,2026-09-22,15:36,474
25,2,2026-09-22,15:36,509
25,1,2026-09-22,15:36,454
26,1,2026-09-22,15:36,307
26,1,2026-09-22,15:36,384
26,1,2026-09-22,15:36,384
26,1,2026-09-22,15:36,363
27,-1,2026-09-22,15:36,041
27,-1,2026-09-22,15:36,304
28,1,2026-09-22,15:36,013
28,0,2026-09-22,15:36,017
28,-2,2026-09-22,15:36,789
28,1,2026-09-22,15:36,407
29,-2,2026-09-22,15:36,005
29,3,2026-09-22,15:36,229
29,-2,2026-09-22,15:36,225
29,0,2026-09-22,15:36,032
30,0,2026-09-22,15:36,235
30,2,2026-09-22,15:36,235
50,1,2026-09-22,15:36,014
50,0,2026-09-22,15:36,018
100,1,2026-09-22,15:36,485
100,-2,2026-09-22,15:36,628
100,0,2026-09-22,15:36,494
100,1,2026-09-22,15:36,456
101,0,2026-09-22,15:36,038
102,1,2026-09-22,15:36,311
103,2,2026-09-22,15:36,234
103,1,2026-09-22,15:36,217
103,0,2026-09-22,15:36,006
104,0,2026-09-22,15:36,316
104,-1,2026-09-22,15:36,321
105,0,2026-09-22,15:36,048
105,0,2026-09-22,15:36,048
107,-1,2026-09-22,15:36,009
108,1,2026-09-22,15:36,211
109,0,2026-09-22,15:36,031
111,2,2026-09-22,15:36,004
111,-1,2026-09-22,15:36,232
122,0,2026-09-22,15:36,323
123,2,2026-09-22,15:36,930
142,0,2026-09-22,15:37,931
1,-1,2026-09-22,19:05,256
1,1,2026-09-22,19:05,251
2,-1,2026-09-22,19:06,319
3,1,2026-09-22,19:06,391
3,0,2026-09-22,19:06,365
3,-1,2026-09-22,19:06,821
4,0,2026-09-22,19:06,488
4,3,2026-09-22,19:06,620
4,0,2026-09-22,19:06,462
4,1,2026-09-22,19:06,477
5,3,2026-09-22,19:06,359
5,0,2026-09-22,19:06,803
6,3,2026-09-22,19:06,313
7,2,2026-09-22,19:06,266
7,1,2026-09-22,19:06,216
7,-1,2026-09-22,19:06,257
8,0,2026-09-22,19:06,381
8,3,2026-09-22,19:06,353
8,2,2026-09-22,19:06,045
9,2,2026-09-22,19:06,136
9,1,2026-09-22,19:06,238
9,0,2026-09-22,19:06,262
9,-1,2026-09-22,19:06,265
10,0,2026-09-22,19:06,621
10,0,2026-09-22,19:06,483
11,0,2026-09-22,19:06,015
11,-1,2026-09-22,19:06,028
11,0,2026-09-22,19:06,022
12,2,2026-09-22,19:06,010
12,1,2026-09-22,19:06,049
13,1,2026-09-22,19:06,218
13,1,2026-09-22,19:06,040
14,3,2026-09-22,19:06,024
14,0,2026-09-22,19:06,414
14,-1,2026-09-22,19:06,408
14,2,2026-09-22,19:06,024
15,0,2026-09-22,19:06,222
15,2,2026-09-22,19:06,224
16,-2,2026-09-22,19:06,629
16,2,2026-09-22,19:06,491
16,0,2026-09-22,19:06,466
16,0,2026-09-22,19:06,473
17,-1,2026-09-22,19:06,382
17,1,2026-09-22,19:06,364
17,0,2026-09-22,19:06,390
17,0,2026-09-22,19:06,042
18,5,2026-09-22,19:06,209
18,0,2026-09-22,19:06,212
18,-2,2026-09-22,19:06,035
19,-1,2026-09-22,19:06,451
19,1,2026-09-22,19:06,624
19,0,2026-09-22,19:06,467
20,0,2026-09-22,19:06,021
20,1,2026-09-22,19:06,030
20,-1,2026-09-22,19:06,411
21,0,2026-09-22,19:06,492
21,0,2026-09-22,19:06,480
21,3,2026-09-22,19:06,480
21,0,2026-09-22,19:06,458
22,2,2026-09-22,19:06,512
23,-1,2026-09-22,19:06,008
23,0,2026-09-22,19:06,314
24,1,2026-09-22,19:06,366
24,1,2026-09-22,19:06,373
24,4,2026-09-22,19:06,373
24,-1,2026-09-22,19:06,389
25,1,2026-09-22,19:06,509
25,1,2026-09-22,19:06,463
26,0,2026-09-22,19:06,384
26,1,2026-09-22,19:06,363
26,2,2026-09-22,19:06,307
28,1,2026-09-22,19:06,013
28,1,2026-09-22,19:06,017
29,0,2026-09-22,19:06,032
29,1,2026-09-22,19:06,229
30,0,2026-09-22,19:06,235
100,1,2026-09-22,19:06,496
100,2,2026-09-22,19:06,485
101,2,2026-09-22,19:06,033
101,0,2026-09-22,19:06,033
102,1,2026-09-22,19:06,311
103,2,2026-09-22,19:06,006
105,1,2026-09-22,19:06,315
107,2,2026-09-22,19:06,312
108,0,2026-09-22,19:06,211
108,1,2026-09-22,19:06,211
142,-1,2026-09-22,19:06,931
7,2,2026-09-22,22:01,266
21,3,2026-09-22,22:01,458
1,4,2026-09-23,04:49,266
1,1,2026-09-23,04:49,251
1,1,2026-09-23,04:49,234
1,-1,2026-09-23,04:49,254
1,0,2026-09-23,04:49,265
1,0,2026-09-23,04:49,136
2,1,2026-09-23,04:49,349
2,-1,2026-09-23,04:49,041
2,0,2026-09-23,04:49,361
2,0,2026-09-23,04:49,323
3,0,2026-09-23,04:49,383
3,1,2026-09-23,04:49,353
3,0,2026-09-23,04:49,366
3,-1,2026-09-23,04:49,373
3,-1,2026-09-23,04:49,350
3,-1,2026-09-23,04:49,368
4,2,2026-09-23,04:49,628
4,-1,2026-09-23,04:49,627
4,1,2026-09-23,04:49,654
4,5,2026-09-23,04:49,492
4,1,2026-09-23,04:49,498
4,1,2026-09-23,04:49,452
5,1,2026-09-23,04:49,363
5,1,2026-09-23,04:49,388
5,-1,2026-09-23,04:49,391
5,0,2026-09-23,04:49,358
5,-2,2026-09-23,04:49,358
5,0,2026-09-23,04:49,821
5,0,2026-09-23,04:49,390
5,-1,2026-09-23,04:49,820
5,0,2026-09-23,04:49,363
6,1,2026-09-23,04:49,042
6,-1,2026-09-23,04:49,325
6,0,2026-09-23,04:49,049
6,-1,2026-09-23,04:49,010
7,0,2026-09-23,04:49,259
7,1,2026-09-23,04:49,005
7,0,2026-09-23,04:49,232
7,4,2026-09-23,04:49,256
8,3,2026-09-23,04:49,367
8,0,2026-09-23,04:49,351
8,1,2026-09-23,04:49,374
8,4,2026-09-23,04:49,319
8,-1,2026-09-23,04:49,382
8,1,2026-09-23,04:49,389
9,1,2026-09-23,04:49,038
9,1,2026-09-23,04:49,257
9,-1,2026-09-23,04:49,006
9,-2,2026-09-23,04:49,263
9,0,2026-09-23,04:49,264
9,0,2026-09-23,04:49,138
9,0,2026-09-23,04:49,253
10,0,2026-09-23,04:49,484
10,-1,2026-09-23,04:49,460
10,1,2026-09-23,04:49,652
10,3,2026-09-23,04:49,483
10,3,2026-09-23,04:49,483
10,1,2026-09-23,04:49,620
10,2,2026-09-23,04:49,629
11,0,2026-09-23,04:49,026
11,2,2026-09-23,04:49,022
11,-1,2026-09-23,04:49,020
11,-2,2026-09-23,04:49,474
11,0,2026-09-23,04:49,412
11,-1,2026-09-23,04:49,491
12,0,2026-09-23,04:49,355
12,0,2026-09-23,04:49,322
12,-1,2026-09-23,04:49,370
12,1,2026-09-23,04:49,043
13,0,2026-09-23,04:49,004
13,1,2026-09-23,04:49,204
14,0,2026-09-23,04:49,014
14,2,2026-09-23,04:49,013
14,0,2026-09-23,04:49,511
14,0,2026-09-23,04:49,014
15,1,2026-09-23,04:49,217
15,-1,2026-09-23,04:49,219
15,1,2026-09-23,04:49,222
16,-2,2026-09-23,04:49,459
16,2,2026-09-23,04:49,480
16,0,2026-09-23,04:49,624
16,0,2026-09-23,04:49,479
16,1,2026-09-23,04:49,475
16,2,2026-09-23,04:49,497
17,1,2026-09-23,04:49,045
17,3,2026-09-23,04:49,365
17,1,2026-09-23,04:49,384
17,0,2026-09-23,04:49,381
18,2,2026-09-23,04:49,226
18,0,2026-09-23,04:49,227
18,1,2026-09-23,04:49,230
18,2,2026-09-23,04:49,209
19,1,2026-09-23,04:49,485
19,-1,2026-09-23,04:49,477
19,0,2026-09-23,04:49,457
19,0,2026-09-23,04:49,471
19,0,2026-09-23,04:49,458
20,1,2026-09-23,04:49,405
20,-1,2026-09-23,04:49,509
20,2,2026-09-23,04:49,024
20,0,2026-09-23,04:49,028
20,1,2026-09-23,04:49,017
21,3,2026-09-23,04:49,488
21,1,2026-09-23,04:49,473
21,1,2026-09-23,04:49,495
21,0,2026-09-23,04:49,463
21,0,2026-09-23,04:49,403
21,0,2026-09-23,04:49,455
21,0,2026-09-23,04:49,403
21,1,2026-09-23,04:49,467
21,0,2026-09-23,04:49,488
21,0,2026-09-23,04:49,473
22,1,2026-09-23,04:49,030
22,3,2026-09-23,04:49,029
23,2,2026-09-23,04:49,320
23,4,2026-09-23,04:49,044
23,0,2026-09-23,04:49,009
24,0,2026-09-23,04:49,354
24,0,2026-09-23,04:49,823
24,1,2026-09-23,04:49,364
24,1,2026-09-23,04:49,380
24,1,2026-09-23,04:49,386
25,1,2026-09-23,04:49,508
25,3,2026-09-23,04:49,461
25,2,2026-09-23,04:49,466
25,0,2026-09-23,04:49,454
26,2,2026-09-23,04:49,372
26,2,2026-09-23,04:49,047
26,2,2026-09-23,04:49,047
26,1,2026-09-23,04:49,359
26,-1,2026-09-23,04:49,369
27,0,2026-09-23,04:49,315
27,0,2026-09-23,04:49,305
27,0,2026-09-23,04:49,311
27,1,2026-09-23,04:49,312
28,1,2026-09-23,04:49,021
28,1,2026-09-23,04:49,016
28,0,2026-09-23,04:49,407
28,1,2026-09-23,04:49,409
29,0,2026-09-23,04:49,208
29,2,2026-09-23,04:49,206
29,-1,2026-09-23,04:49,235
30,0,2026-09-23,04:49,221
30,0,2026-09-23,04:49,228
50,3,2026-09-23,04:49,788
50,1,2026-09-23,04:49,413
100,0,2026-09-23,04:49,478
100,1,2026-09-23,04:49,462
100,1,2026-09-23,04:49,621
100,1,2026-09-23,04:49,451
101,2,2026-09-23,04:49,205
103,0,2026-09-23,04:50,031
103,1,2026-09-23,04:50,223
104,2,2026-09-23,04:50,048
104,1,2026-09-23,04:50,304
105,1,2026-09-23,04:50,306
105,1,2026-09-23,04:50,316
107,2,2026-09-23,04:50,008
107,0,2026-09-23,04:50,008
108,1,2026-09-23,04:50,202
108,1,2026-09-23,04:50,216
109,0,2026-09-23,04:50,218
109,0,2026-09-23,04:50,218
111,1,2026-09-23,04:50,002
111,-1,2026-09-23,04:50,229
112,0,2026-09-23,04:50,238
112,2,2026-09-23,04:50,238
123,2,2026-09-23,04:50,926
123,0,2026-09-23,04:50,926
132,1,2026-09-23,04:50,308
132,2,2026-09-23,04:50,314
142,0,2026-09-23,04:50,931
1,1,2026-09-23,09:34,265
1,1,2026-09-23,09:35,266
1,0,2026-09-23,09:35,136
2,2,2026-09-23,09:35,349
2,0,2026-09-23,09:35,041
2,1,2026-09-23,09:35,361
2,0,2026-09-23,09:35,323
3,1,2026-09-23,09:35,368
3,0,2026-09-23,09:35,383
3,1,2026-09-23,09:35,353
3,3,2026-09-23,09:35,366
4,1,2026-09-23,09:35,627
4,0,2026-09-23,09:35,470
4,-1,2026-09-23,09:35,498
4,3,2026-09-23,09:35,493
5,3,2026-09-23,09:35,821
5,1,2026-09-23,09:35,390
5,0,2026-09-23,09:35,820
5,0,2026-09-23,09:35,363
5,1,2026-09-23,09:35,363
5,0,2026-09-23,09:35,388
5,-1,2026-09-23,09:35,391
6,1,2026-09-23,09:35,010
6,0,2026-09-23,09:35,042
6,0,2026-09-23,09:35,049
7,1,2026-09-23,09:35,267
7,0,2026-09-23,09:35,259
7,2,2026-09-23,09:35,005
7,1,2026-09-23,09:35,232
8,1,2026-09-23,09:35,382
8,-1,2026-09-23,09:35,389
8,2,2026-09-23,09:35,321
8,8,2026-09-23,09:35,378
9,1,2026-09-23,09:35,264
9,0,2026-09-23,09:35,138
9,4,2026-09-23,09:35,038
9,3,2026-09-23,09:35,257
9,-1,2026-09-23,09:35,263
10,3,2026-09-23,09:35,483
10,3,2026-09-23,09:35,483
10,-1,2026-09-23,09:35,629
10,-1,2026-09-23,09:35,496
11,1,2026-09-23,09:35,412
11,1,2026-09-23,09:35,491
11,3,2026-09-23,09:35,022
11,2,2026-09-23,09:35,020
12,-1,2026-09-23,09:35,355
12,1,2026-09-23,09:35,370
12,-1,2026-09-23,09:35,043
13,2,2026-09-23,09:35,004
13,2,2026-09-23,09:35,036
14,2,2026-09-23,09:35,023
14,0,2026-09-23,09:35,511
14,-1,2026-09-23,09:35,013
15,0,2026-09-23,09:35,222
15,1,2026-09-23,09:35,219
16,3,2026-09-23,09:35,623
16,5,2026-09-23,09:35,475
16,2,2026-09-23,09:35,497
16,4,2026-09-23,09:35,487
16,0,2026-09-23,09:35,480
16,1,2026-09-23,09:35,624
17,0,2026-09-23,09:35,045
17,3,2026-09-23,09:35,365
17,2,2026-09-23,09:35,381
18,0,2026-09-23,09:35,227
18,3,2026-09-23,09:35,230
18,3,2026-09-23,09:35,209
19,-1,2026-09-23,09:35,457
19,1,2026-09-23,09:35,469
19,1,2026-09-23,09:35,616
19,1,2026-09-23,09:35,485
20,-1,2026-09-23,09:35,028
20,1,2026-09-23,09:35,017
20,1,2026-09-23,09:35,509
21,-1,2026-09-23,09:35,467
21,1,2026-09-23,09:35,488
21,-1,2026-09-23,09:35,473
21,2,2026-09-23,09:35,495
21,2,2026-09-23,09:35,463
21,-1,2026-09-23,09:35,618
22,1,2026-09-23,09:35,414
23,-2,2026-09-23,09:35,009
24,3,2026-09-23,09:35,380
24,1,2026-09-23,09:35,386
24,-1,2026-09-23,09:35,364
24,-1,2026-09-23,09:35,823
24,0,2026-09-23,09:35,380
25,1,2026-09-23,09:35,461
25,0,2026-09-23,09:35,512
25,3,2026-09-23,09:35,512
25,1,2026-09-23,09:35,466
25,1,2026-09-23,09:35,508
26,2,2026-09-23,09:35,047
26,0,2026-09-23,09:35,369
27,0,2026-09-23,09:35,312
27,-1,2026-09-23,09:35,312
28,7,2026-09-23,09:35,016
28,0,2026-09-23,09:35,789
28,1,2026-09-23,09:35,021
29,-1,2026-09-23,09:35,239
29,3,2026-09-23,09:35,235
30,2,2026-09-23,09:35,228
50,-1,2026-09-23,09:35,413
50,1,2026-09-23,09:35,788
100,-2,2026-09-23,09:35,462
100,1,2026-09-23,09:35,478
100,2,2026-09-23,09:35,621
100,2,2026-09-23,09:35,451
101,1,2026-09-23,09:35,001
103,2,2026-09-23,09:35,031
103,0,2026-09-23,09:35,262
104,0,2026-09-23,09:35,048
105,0,2026-09-23,09:35,316
105,1,2026-09-23,09:35,310
107,2,2026-09-23,09:35,008
107,1,2026-09-23,09:35,046
108,4,2026-09-23,09:35,216
111,2,2026-09-23,09:35,229
112,0,2026-09-23,09:35,238
123,1,2026-09-23,09:35,926
